player_id,full_name,position,position_name,split_type,games,first_game_date,last_game_date,opponents,teams,points,scoring_points,one_point_goals,two_point_goals,goals,assists,shots,shots_on_goal,two_point_shots,saves,clean_saves,messy_saves,scores_against,saa,ground_balls,turnovers,caused_turnovers,faceoffs_won,faceoffs_lost,faceoffs,goals_against,two_point_goals_against,num_penalties,pim,assist_opportunities,touches,total_passes,shot_pct_calc,shots_on_goal_rate_calc,faceoff_pct_calc,save_pct_calc,points_per_game,scoring_points_per_game,one_point_goals_per_game,two_point_goals_per_game,goals_per_game,assists_per_game,shots_per_game,shots_on_goal_per_game,two_point_shots_per_game,saves_per_game,clean_saves_per_game,messy_saves_per_game,scores_against_per_game,saa_per_game,ground_balls_per_game,turnovers_per_game,caused_turnovers_per_game,faceoffs_won_per_game,faceoffs_lost_per_game,faceoffs_per_game,goals_against_per_game,two_point_goals_against_per_game,num_penalties_per_game,pim_per_game,assist_opportunities_per_game,touches_per_game,total_passes_per_game
000201,Adam Ghitelman,G,Goalie,last_10,10,2022-06-26,2025-08-02,ARC|ATL|CAN|CHA|OUT|RED|WAT,ARC|CAN,0,0,0,0,0,0,3,1,3,80,19,61,92,95.53333106820946,28,1,3,0,0,0,89,3,1,1.0,1,119,115,0.0,0.3333333333333333,,0.8374040673079965,0.0,0.0,0.0,0.0,0.0,0.0,0.3,0.1,0.3,8.0,1.9,6.1,9.2,9.553333106820947,2.8,0.1,0.3,0.0,0.0,0.0,8.9,0.3,0.1,0.1,0.1,11.9,11.5
000204,Christian Cuccinello,A,Attack,last_10,2,2022-06-11,2022-07-24,ARC|ATL,CAN,2,2,2,0,2,0,6,4,0,0,0,0,0,0.0,1,0,0,0,0,0,0,0,0,0.0,0,16,10,0.3333333333333333,0.6666666666666666,,,1.0,1.0,1.0,0.0,1.0,0.0,3.0,2.0,0.0,0.0,0.0,0.0,0.0,0.0,0.5,0.0,0.0,0.0,0.0,0.0,0.0,0.0,0.0,0.0,0.0,8.0,5.0
000207,Dominique Alexander,SSDM,Defensive Midfield,last_10,9,2022-06-05,2022-08-21,ATL|CAN|CHA|OUT|RED|WAT,ARC,2,1,1,0,1,1,1,1,0,0,0,0,0,0.0,15,0,9,0,0,0,0,0,4,3.0,2,66,65,1.0,1.0,,,0.2222222222222222,0.1111111111111111,0.1111111111111111,0.0,0.1111111111111111,0.1111111111111111,0.1111111111111111,0.1111111111111111,0.0,0.0,0.0,0.0,0.0,0.0,1.6666666666666667,0.0,1.0,0.0,0.0,0.0,0.0,0.0,0.4444444444444444,0.3333333333333333,0.2222222222222222,7.333333333333333,7.222222222222222
000211,Ian MacKay,SSDM,Defensive Midfield,last_10,10,2023-08-27,2024-08-17,ARC|ATL|CAN|OUT|RED|WAT|WHP,CHA,9,8,8,0,8,1,22,14,3,0,0,0,0,0.0,10,4,0,0,6,6,0,0,6,5.5,7,94,68,0.36363636363636365,0.6363636363636364,0.0,,0.9,0.8,0.8,0.0,0.8,0.1,2.2,1.4,0.3,0.0,0.0,0.0,0.0,0.0,1.0,0.4,0.0,0.0,0.6,0.6,0.0,0.0,0.6,0.55,0.7,9.4,6.8
000213,Jerry Ragonese,FO,Faceoff,last_10,1,2022-07-02,2022-07-02,CAN,CHA,1,1,1,0,1,0,1,1,0,0,0,0,0,0.0,2,0,0,2,6,8,0,0,0,0.0,0,2,1,1.0,1.0,0.25,,1.0,1.0,1.0,0.0,1.0,0.0,1.0,1.0,0.0,0.0,0.0,0.0,0.0,0.0,2.0,0.0,0.0,2.0,6.0,8.0,0.0,0.0,0.0,0.0,0.0,2.0,1.0
000216,Marcus Holman,A,Attack,last_10,10,2026-05-29,2026-08-09,ARC|ATL|CHA|OUT|RED|WAT|WHP,CAN,33,28,16,6,22,5,69,50,18,0,0,0,0,0.0,16,13,4,0,0,0,0,0,4,3.5,28,407,325,0.3188405797101449,0.7246376811594203,,,3.3,2.8,1.6,0.6,2.2,0.5,6.9,5.0,1.8,0.0,0.0,0.0,0.0,0.0,1.6,1.3,0.4,0.0,0.0,0.0,0.0,0.0,0.4,0.35,2.8,40.7,32.5
000217,Mark McNeill,SSDM,Defensive Midfield,last_10,9,2022-06-05,2022-08-21,ATL|CAN|CHA|OUT|RED|WAT|WHP,ARC,1,0,0,0,0,1,0,0,0,0,0,0,0,0.0,9,3,2,0,0,0,0,0,1,0.5,1,36,33,,,,,0.1111111111111111,0.0,0.0,0.0,0.0,0.1111111111111111,0.0,0.0,0.0,0.0,0.0,0.0,0.0,0.0,1.0,0.3333333333333333,0.2222222222222222,0.0,0.0,0.0,0.0,0.0,0.1111111111111111,0.05555555555555555,0.1111111111111111,4.0,3.6666666666666665
000218,Matt McMahon,D,Defense,last_10,10,2023-06-03,2023-08-26,ATL|CAN|CHA|OUT|RED|WAT|WHP,ARC,0,0,0,0,0,0,0,0,0,0,0,0,0,0.0,17,2,5,0,0,0,0,0,2,1.5,1,36,34,,,,,0.0,0.0,0.0,0.0,0.0,0.0,0.0,0.0,0.0,0.0,0.0,0.0,0.0,0.0,1.7,0.2,0.5,0.0,0.0,0.0,0.0,0.0,0.2,0.15,0.1,3.6,3.4
000221,Ryan Ambler,M,Midfield,last_10,10,2026-05-30,2026-08-08,ATL|CAN|CHA|OUT|RED|WAT|WHP,ARC,7,3,3,0,3,4,20,10,0,0,0,0,0,0.0,7,15,1,0,0,0,0,0,1,1.0,12,161,126,0.15,0.5,,,0.7,0.3,0.3,0.0,0.3,0.4,2.0,1.0,0.0,0.0,0.0,0.0,0.0,0.0,0.7,1.5,0.1,0.0,0.0,0.0,0.0,0.0,0.1,0.1,1.2,16.1,12.6
000222,Stephen Kelly,FO,Faceoff,last_10,10,2022-06-25,2023-07-09,ARC|ATL|CHA|OUT|RED|WAT|WHP,CAN,3,1,1,0,1,2,6,5,1,0,0,0,0,0.0,64,8,1,101,125,226,0,0,0,0.0,7,68,54,0.16666666666666666,0.8333333333333334,0.4469026548672566,,0.3,0.1,0.1,0.0,0.1,0.2,0.6,0.5,0.1,0.0,0.0,0.0,0.0,0.0,6.4,0.8,0.1,10.1,12.5,22.6,0.0,0.0,0.0,0.0,0.7,6.8,5.4
000223,Scott Ratliff,D,Defense,last_10,10,2022-06-05,2022-08-21,ATL|CAN|CHA|OUT|RED|WAT|WHP,ARC,2,1,1,0,1,1,10,8,8,0,0,0,0,0.0,27,4,13,0,0,0,0,0,3,2.5,6,111,97,0.1,0.8,,,0.2,0.1,0.1,0.0,0.1,0.1,1.0,0.8,0.8,0.0,0.0,0.0,0.0,0.0,2.7,0.4,1.3,0.0,0.0,0.0,0.0,0.0,0.3,0.25,0.6,11.1,9.7
000225,Tom Schreiber,M,Midfield,last_10,10,2024-08-10,2025-07-26,ATL|CAN|CHA|OUT|RED|WAT|WHP,ARC,19,8,8,0,8,11,42,23,5,0,0,0,0,0.0,13,27,2,0,0,0,0,0,1,1.0,31,252,183,0.19047619047619047,0.5476190476190477,,,1.9,0.8,0.8,0.0,0.8,1.1,4.2,2.3,0.5,0.0,0.0,0.0,0.0,0.0,1.3,2.7,0.2,0.0,0.0,0.0,0.0,0.0,0.1,0.1,3.1,25.2,18.3
000227,Will Manny,A,Attack,last_10,10,2023-07-30,2025-08-09,ARC|ATL|CAN|CHA|OUT|RED|WAT|WHP,CAN|WHP,26,15,15,0,15,11,54,37,1,0,0,0,0,0.0,12,10,2,0,0,0,0,0,1,0.5,31,236,172,0.2777777777777778,0.6851851851851852,,,2.6,1.5,1.5,0.0,1.5,1.1,5.4,3.7,0.1,0.0,0.0,0.0,0.0,0.0,1.2,1.0,0.2,0.0,0.0,0.0,0.0,0.0,0.1,0.05,3.1,23.6,17.2
000231,Chris Cloutier,A,Attack,last_10,10,2022-07-23,2023-08-27,ARC|ATL|CAN|OUT|RED|WHP,CHA,23,17,17,0,17,6,55,36,0,0,0,0,0,0.0,13,21,0,0,0,0,0,0,0,0.0,22,265,189,0.3090909090909091,0.6545454545454545,,,2.3,1.7,1.7,0.0,1.7,0.6,5.5,3.6,0.0,0.0,0.0,0.0,0.0,0.0,1.3,2.1,0.0,0.0,0.0,0.0,0.0,0.0,0.0,0.0,2.2,26.5,18.9
000234,Eric Law,A,Attack,last_10,10,2023-08-12,2025-08-02,ARC|ATL|CAN|CHA|RED|WAT|WHP,ATL|OUT,20,17,17,0,17,3,34,28,0,0,0,0,0,0.0,8,15,1,0,0,0,0,0,2,1.5,12,233,184,0.5,0.8235294117647058,,,2.0,1.7,1.7,0.0,1.7,0.3,3.4,2.8,0.0,0.0,0.0,0.0,0.0,0.0,0.8,1.5,0.1,0.0,0.0,0.0,0.0,0.0,0.2,0.15,1.2,23.3,18.4
000235,Jake Richard,SSDM,Defensive Midfield,last_10,10,2023-08-26,2024-08-17,ARC|ATL|CAN|CHA|RED|WHP,ATL|WAT,2,0,0,0,0,2,4,3,1,0,0,0,0,0.0,8,1,3,0,14,15,0,0,5,2.5,3,60,55,0.0,0.75,0.0,,0.2,0.0,0.0,0.0,0.0,0.2,0.4,0.3,0.1,0.0,0.0,0.0,0.0,0.0,0.8,0.1,0.3,0.0,1.4,1.5,0.0,0.0,0.5,0.25,0.3,6.0,5.5
000238,John Crawley,M,Midfield,last_10,9,2022-06-04,2022-08-13,ARC|CAN|OUT|RED|WAT|WHP,ATL,5,4,4,0,4,1,22,13,1,0,0,0,0,0.0,3,8,0,0,0,0,0,0,0,0.0,5,99,69,0.18181818181818182,0.5909090909090909,,,0.5555555555555556,0.4444444444444444,0.4444444444444444,0.0,0.4444444444444444,0.1111111111111111,2.4444444444444446,1.4444444444444444,0.1111111111111111,0.0,0.0,0.0,0.0,0.0,0.3333333333333333,0.8888888888888888,0.0,0.0,0.0,0.0,0.0,0.0,0.0,0.0,0.5555555555555556,11.0,7.666666666666667
000240,Kieran McArdle,A,Attack,last_10,10,2026-05-31,2026-08-16,ARC|ATL|CAN|CHA|OUT|RED|WHP,WAT,20,9,9,0,9,11,33,21,0,0,0,0,0,0.0,10,17,1,0,0,0,0,0,2,2.0,23,213,163,0.2727272727272727,0.6363636363636364,,,2.0,0.9,0.9,0.0,0.9,1.1,3.3,2.1,0.0,0.0,0.0,0.0,0.0,0.0,1.0,1.7,0.1,0.0,0.0,0.0,0.0,0.0,0.2,0.2,2.3,21.3,16.3
000241,Jack Concannon,G,Goalie,last_10,10,2022-08-21,2023-08-26,ARC|CAN|CHA|OUT|RED|WAT|WHP,ATL,0,0,0,0,0,0,0,0,0,116,18,98,127,138.77049180327867,13,5,0,0,0,0,116,11,0,0.0,2,76,71,,,,0.835912581216775,0.0,0.0,0.0,0.0,0.0,0.0,0.0,0.0,0.0,11.6,1.8,9.8,12.7,13.877049180327868,1.3,0.5,0.0,0.0,0.0,0.0,11.6,1.1,0.0,0.0,0.2,7.6,7.1
000242,Kyle Hartzell,LSM,Long Stick Midfield,last_10,10,2022-08-13,2026-07-31,ARC|CHA|OUT|RED|WAT|WHP,CAN|RED,1,1,1,0,1,0,5,3,3,0,0,0,0,0.0,13,0,5,2,16,18,0,0,2,1.0,0,51,46,0.2,0.6,0.1111111111111111,,0.1,0.1,0.1,0.0,0.1,0.0,0.5,0.3,0.3,0.0,0.0,0.0,0.0,0.0,1.3,0.0,0.5,0.2,1.6,1.8,0.0,0.0,0.2,0.1,0.0,5.1,4.6
000246,Ryan Brown,A,Attack,last_10,7,2022-06-05,2022-08-21,ARC|CAN|CHA|OUT|WHP,WAT,11,11,9,1,10,0,43,27,2,0,0,0,0,0.0,3,2,1,0,0,0,0,0,2,1.0,0,79,34,0.23255813953488372,0.627906976744186,,,1.5714285714285714,1.5714285714285714,1.2857142857142858,0.14285714285714285,1.4285714285714286,0.0,6.142857142857143,3.857142857142857,0.2857142857142857,0.0,0.0,0.0,0.0,0.0,0.42857142857142855,0.2857142857142857,0.14285714285714285,0.0,0.0,0.0,0.0,0.0,0.2857142857142857,0.14285714285714285,0.0,11.285714285714286,4.857142857142857
000251,Steven DeNapoli,SSDM,Defensive Midfield,last_10,4,2022-07-31,2022-08-21,ARC|ATL|CAN|RED,WAT,3,3,3,0,3,0,4,4,0,0,0,0,0,0.0,4,2,0,0,0,0,0,0,0,0.0,1,17,11,0.75,1.0,,,0.75,0.75,0.75,0.0,0.75,0.0,1.0,1.0,0.0,0.0,0.0,0.0,0.0,0.0,1.0,0.5,0.0,0.0,0.0,0.0,0.0,0.0,0.0,0.0,0.25,4.25,2.75
000254,Trevor Baptiste,FO,Faceoff,last_10,10,2025-07-26,2026-08-15,CAN|OUT|RED|WAT|WHP,ATL,3,2,2,0,2,1,10,6,1,0,0,0,0,0.0,83,9,1,140,117,261,0,0,4,2.0,2,97,78,0.2,0.6,0.5363984674329502,,0.3,0.2,0.2,0.0,0.2,0.1,1.0,0.6,0.1,0.0,0.0,0.0,0.0,0.0,8.3,0.9,0.1,14.0,11.7,26.1,0.0,0.0,0.4,0.2,0.2,9.7,7.8
000255,Tucker Durkin,D,Defense,last_10,10,2023-06-03,2023-08-26,ARC|CAN|CHA|OUT|RED|WAT|WHP,ATL,0,0,0,0,0,0,0,0,0,0,0,0,0,0.0,10,1,3,0,0,0,0,0,2,1.5,0,27,26,,,,,0.0,0.0,0.0,0.0,0.0,0.0,0.0,0.0,0.0,0.0,0.0,0.0,0.0,0.0,1.0,0.1,0.3,0.0,0.0,0.0,0.0,0.0,0.2,0.15,0.0,2.7,2.6
000258,Blaze Riorden,G,Goalie,last_10,10,2026-05-31,2026-08-08,ARC|CAN|OUT|RED|WAT|WHP,CHA,0,0,0,0,0,0,2,1,2,134,42,92,121,127.74509974488109,22,2,6,0,0,0,117,4,0,0.0,2,172,168,0.0,0.5,,1.0489639153878352,0.0,0.0,0.0,0.0,0.0,0.0,0.2,0.1,0.2,13.4,4.2,9.2,12.1,12.774509974488108,2.2,0.2,0.6,0.0,0.0,0.0,11.7,0.4,0.0,0.0,0.2,17.2,16.8
000260,Brodie Merrill,LSM,Long Stick Midfield,last_10,6,2022-06-11,2022-08-21,ARC|ATL|OUT|RED|WHP,CAN,1,0,0,0,0,1,0,0,0,0,0,0,0,0.0,15,3,6,0,0,0,0,0,2,1.5,3,34,31,,,,,0.16666666666666666,0.0,0.0,0.0,0.0,0.16666666666666666,0.0,0.0,0.0,0.0,0.0,0.0,0.0,0.0,2.5,0.5,1.0,0.0,0.0,0.0,0.0,0.0,0.3333333333333333,0.25,0.5,5.666666666666667,5.166666666666667
000262,Connor Fields,A,Attack,last_10,10,2026-05-30,2026-08-08,ATL|CAN|CHA|OUT|RED|WAT|WHP,ARC,29,20,20,0,20,9,67,44,0,0,0,0,0,0.0,19,22,1,0,0,0,0,0,1,1.0,31,296,207,0.29850746268656714,0.6567164179104478,,,2.9,2.0,2.0,0.0,2.0,0.9,6.7,4.4,0.0,0.0,0.0,0.0,0.0,0.0,1.9,2.2,0.1,0.0,0.0,0.0,0.0,0.0,0.1,0.1,3.1,29.6,20.7
000266,Dhane Smith,M,Midfield,last_10,10,2022-08-13,2023-08-27,ARC|ATL|OUT|RED|WAT|WHP,CHA,34,7,7,0,7,27,33,21,2,0,0,0,0,0.0,7,29,0,0,0,0,0,0,2,1.5,91,386,324,0.21212121212121213,0.6363636363636364,,,3.4,0.7,0.7,0.0,0.7,2.7,3.3,2.1,0.2,0.0,0.0,0.0,0.0,0.0,0.7,2.9,0.0,0.0,0.0,0.0,0.0,0.0,0.2,0.15,9.1,38.6,32.4
000267,Jake Froccaro,M,Midfield,last_10,5,2022-06-05,2022-07-02,ARC|ATL|CHA|OUT|WAT,CAN,8,2,0,1,1,6,20,11,8,0,0,0,0,0.0,8,3,1,0,3,3,0,0,1,0.5,18,113,90,0.05,0.55,0.0,,1.6,0.4,0.0,0.2,0.2,1.2,4.0,2.2,1.6,0.0,0.0,0.0,0.0,0.0,1.6,0.6,0.2,0.0,0.6,0.6,0.0,0.0,0.2,0.1,3.6,22.6,18.0
000268,James Barclay,D,Defense,last_10,1,2022-07-23,2022-07-23,CHA,WHP,0,0,0,0,0,0,1,1,0,0,0,0,0,0.0,2,0,0,0,0,0,0,0,0,0.0,0,4,3,0.0,1.0,,,0.0,0.0,0.0,0.0,0.0,0.0,1.0,1.0,0.0,0.0,0.0,0.0,0.0,0.0,2.0,0.0,0.0,0.0,0.0,0.0,0.0,0.0,0.0,0.0,0.0,4.0,3.0
000269,Jarrod Neumann,D,Defense,last_10,10,2026-05-31,2026-08-08,ARC|CAN|OUT|RED|WAT|WHP,CHA,0,0,0,0,0,0,6,3,5,0,0,0,0,0.0,11,5,5,0,0,0,0,0,5,6.0,0,60,49,0.0,0.5,,,0.0,0.0,0.0,0.0,0.0,0.0,0.6,0.3,0.5,0.0,0.0,0.0,0.0,0.0,1.1,0.5,0.5,0.0,0.0,0.0,0.0,0.0,0.5,0.6,0.0,6.0,4.9
000272,Josh Byrne,A,Attack,last_10,10,2023-08-27,2024-08-17,ARC|ATL|CAN|OUT|RED|WAT|WHP,CHA,31,13,13,0,13,18,60,36,1,0,0,0,0,0.0,18,22,2,0,0,0,0,0,2,1.0,41,327,245,0.21666666666666667,0.6,,,3.1,1.3,1.3,0.0,1.3,1.8,6.0,3.6,0.1,0.0,0.0,0.0,0.0,0.0,1.8,2.2,0.2,0.0,0.0,0.0,0.0,0.0,0.2,0.1,4.1,32.7,24.5
000275,Mark Glicini,SSDM,Defensive Midfield,last_10,10,2025-06-06,2026-05-09,ARC|ATL|CAN|OUT|RED|WAT|WHP,CHA,3,3,1,1,2,0,6,4,2,0,0,0,0,0.0,14,2,5,2,13,15,0,0,3,2.0,2,65,57,0.3333333333333333,0.6666666666666666,0.13333333333333333,,0.3,0.3,0.1,0.1,0.2,0.0,0.6,0.4,0.2,0.0,0.0,0.0,0.0,0.0,1.4,0.2,0.5,0.2,1.3,1.5,0.0,0.0,0.3,0.2,0.2,6.5,5.7
000276,Matt Rees,LSM,Long Stick Midfield,last_10,10,2022-08-13,2023-08-26,ARC|ATL|CHA|OUT|RED|WHP,CAN|CHA,5,4,0,2,2,1,12,6,10,0,0,0,0,0.0,15,4,10,1,37,38,0,0,7,6.0,2,45,29,0.16666666666666666,0.5,0.02631578947368421,,0.5,0.4,0.0,0.2,0.2,0.1,1.2,0.6,1.0,0.0,0.0,0.0,0.0,0.0,1.5,0.4,1.0,0.1,3.7,3.8,0.0,0.0,0.7,0.6,0.2,4.5,2.9
000278,Myles Jones,M,Midfield,last_10,10,2024-06-16,2025-06-14,ARC|CAN|CHA|OUT|RED|WAT|WHP,ATL,17,9,7,1,8,8,27,21,3,0,0,0,0,0.0,10,18,0,0,0,0,0,0,1,1.0,18,159,114,0.2962962962962963,0.7777777777777778,,,1.7,0.9,0.7,0.1,0.8,0.8,2.7,2.1,0.3,0.0,0.0,0.0,0.0,0.0,1.0,1.8,0.0,0.0,0.0,0.0,0.0,0.0,0.1,0.1,1.8,15.9,11.4
000279,Patrick Resch,SSDM,Defensive Midfield,last_10,10,2024-06-15,2025-08-09,ARC|ATL|CAN|CHA|OUT|RED|WAT|WHP,ARC|CHA,1,0,0,0,0,1,1,0,0,0,0,0,0,0.0,13,7,2,0,1,1,0,0,2,1.5,5,81,73,0.0,0.0,0.0,,0.1,0.0,0.0,0.0,0.0,0.1,0.1,0.0,0.0,0.0,0.0,0.0,0.0,0.0,1.3,0.7,0.2,0.0,0.1,0.1,0.0,0.0,0.2,0.15,0.5,8.1,7.3
000280,Thomas Kelly,FO,Faceoff,last_10,5,2022-06-04,2022-07-23,ARC|RED|WAT|WHP,CHA,1,1,1,0,1,0,1,1,0,0,0,0,0,0.0,23,3,0,52,63,115,0,0,0,0.0,0,18,14,1.0,1.0,0.45217391304347826,,0.2,0.2,0.2,0.0,0.2,0.0,0.2,0.2,0.0,0.0,0.0,0.0,0.0,0.0,4.6,0.6,0.0,10.4,12.6,23.0,0.0,0.0,0.0,0.0,0.0,3.6,2.8
000281,Troy Reh,LSM,Long Stick Midfield,last_10,10,2026-05-31,2026-08-08,ARC|CAN|OUT|RED|WAT|WHP,CHA,0,0,0,0,0,0,1,1,1,0,0,0,0,0.0,35,2,11,0,0,0,0,0,1,0.5,0,76,73,0.0,1.0,,,0.0,0.0,0.0,0.0,0.0,0.0,0.1,0.1,0.1,0.0,0.0,0.0,0.0,0.0,3.5,0.2,1.1,0.0,0.0,0.0,0.0,0.0,0.1,0.05,0.0,7.6,7.3
000282,Tyson Bell,LSM,Long Stick Midfield,last_10,5,2022-06-05,2022-07-02,ARC|ATL|CHA|OUT|WAT,CAN,1,1,1,0,1,0,3,1,0,0,0,0,0,0.0,5,2,1,0,0,0,0,0,5,4.0,0,25,20,0.3333333333333333,0.3333333333333333,,,0.2,0.2,0.2,0.0,0.2,0.0,0.6,0.2,0.0,0.0,0.0,0.0,0.0,0.0,1.0,0.4,0.2,0.0,0.0,0.0,0.0,0.0,1.0,0.8,0.0,5.0,4.0
000294,John Ranagan,M,Midfield,last_10,3,2022-06-10,2022-07-24,ATL|RED|WAT,OUT,1,1,1,0,1,0,4,3,0,0,0,0,0,0.0,1,2,0,0,0,0,0,0,0,0.0,6,36,30,0.25,0.75,,,0.3333333333333333,0.3333333333333333,0.3333333333333333,0.0,0.3333333333333333,0.0,1.3333333333333333,1.0,0.0,0.0,0.0,0.0,0.0,0.0,0.3333333333333333,0.6666666666666666,0.0,0.0,0.0,0.0,0.0,0.0,0.0,0.0,2.0,12.0,10.0
000295,Jordan MacIntosh,M,Midfield,last_10,10,2022-08-20,2023-08-27,ARC|ATL|CAN|CHA|RED|WAT|WHP,OUT,8,7,7,0,7,1,26,16,1,0,0,0,0,0.0,10,13,0,0,0,0,0,0,1,1.0,12,146,107,0.2692307692307692,0.6153846153846154,,,0.8,0.7,0.7,0.0,0.7,0.1,2.6,1.6,0.1,0.0,0.0,0.0,0.0,0.0,1.0,1.3,0.0,0.0,0.0,0.0,0.0,0.0,0.1,0.1,1.2,14.6,10.7
000298,Justin Guterding,M,Midfield,last_10,10,2022-06-18,2023-08-26,ARC|ATL|CAN|CHA|OUT|RED|WAT,ATL|WHP,12,3,3,0,3,9,22,14,1,0,0,0,0,0.0,8,9,1,0,0,0,0,0,1,0.5,34,167,136,0.13636363636363635,0.6363636363636364,,,1.2,0.3,0.3,0.0,0.3,0.9,2.2,1.4,0.1,0.0,0.0,0.0,0.0,0.0,0.8,0.9,0.1,0.0,0.0,0.0,0.0,0.0,0.1,0.05,3.4,16.7,13.6
000302,Michael Manley,D,Defense,last_10,10,2026-05-16,2026-08-08,ARC|ATL|CAN|CHA|RED|WAT|WHP,OUT,0,0,0,0,0,0,4,2,2,0,0,0,0,0.0,20,5,8,0,0,0,0,0,1,0.5,1,67,58,0.0,0.5,,,0.0,0.0,0.0,0.0,0.0,0.0,0.4,0.2,0.2,0.0,0.0,0.0,0.0,0.0,2.0,0.5,0.8,0.0,0.0,0.0,0.0,0.0,0.1,0.05,0.1,6.7,5.8
000305,Romar Dennis,M,Midfield,last_10,10,2025-05-31,2026-05-16,ARC|ATL|CAN|CHA|OUT|WAT|WHP,RED,10,9,1,4,5,1,49,24,30,0,0,0,0,0.0,5,1,1,0,0,0,0,0,0,0.0,6,183,133,0.10204081632653061,0.4897959183673469,,,1.0,0.9,0.1,0.4,0.5,0.1,4.9,2.4,3.0,0.0,0.0,0.0,0.0,0.0,0.5,0.1,0.1,0.0,0.0,0.0,0.0,0.0,0.0,0.0,0.6,18.3,13.3
000308,Will Haus,SSDM,Defensive Midfield,last_10,10,2024-06-02,2024-08-18,ARC|ATL|CAN|CHA|RED|WAT|WHP,OUT,2,0,0,0,0,2,0,0,0,0,0,0,0,0.0,6,2,3,0,2,2,0,0,4,2.0,3,46,44,,,0.0,,0.2,0.0,0.0,0.0,0.0,0.2,0.0,0.0,0.0,0.0,0.0,0.0,0.0,0.0,0.6,0.2,0.3,0.0,0.2,0.2,0.0,0.0,0.4,0.2,0.3,4.6,4.4
000310,Brent Adams,M,Midfield,last_10,1,2022-06-11,2022-06-11,CAN,ATL,0,0,0,0,0,0,2,0,0,0,0,0,0,0.0,0,0,0,0,0,0,0,0,0,0.0,0,7,5,0.0,0.0,,,0.0,0.0,0.0,0.0,0.0,0.0,2.0,0.0,0.0,0.0,0.0,0.0,0.0,0.0,0.0,0.0,0.0,0.0,0.0,0.0,0.0,0.0,0.0,0.0,0.0,7.0,5.0
000314,Eddy Glazener,D,Defense,last_10,10,2023-06-03,2023-08-26,ARC|ATL|CAN|CHA|OUT|WAT|WHP,RED,1,1,1,0,1,0,6,3,4,0,0,0,0,0.0,15,4,9,0,0,0,0,0,2,1.5,0,86,76,0.16666666666666666,0.5,,,0.1,0.1,0.1,0.0,0.1,0.0,0.6,0.3,0.4,0.0,0.0,0.0,0.0,0.0,1.5,0.4,0.9,0.0,0.0,0.0,0.0,0.0,0.2,0.15,0.0,8.6,7.6
000315,Garrett Epple,D,Defense,last_10,10,2025-05-31,2025-08-09,ARC|ATL|CHA|OUT|RED|WAT|WHP,CAN,0,0,0,0,0,0,2,0,2,0,0,0,0,0.0,14,1,12,0,0,0,0,0,2,1.5,0,74,71,0.0,0.0,,,0.0,0.0,0.0,0.0,0.0,0.0,0.2,0.0,0.2,0.0,0.0,0.0,0.0,0.0,1.4,0.1,1.2,0.0,0.0,0.0,0.0,0.0,0.2,0.15,0.0,7.4,7.1
000318,Jack Kelly,G,Goalie,last_10,10,2024-06-07,2024-08-17,ARC|ATL|CAN|CHA|OUT|WAT|WHP,RED,0,0,0,0,0,0,1,0,1,119,41,78,126,149.35434890796515,16,3,4,0,0,0,117,9,0,0.0,1,148,144,0.0,0.0,,0.7967628721231944,0.0,0.0,0.0,0.0,0.0,0.0,0.1,0.0,0.1,11.9,4.1,7.8,12.6,14.935434890796515,1.6,0.3,0.4,0.0,0.0,0.0,11.7,0.9,0.0,0.0,0.1,14.8,14.4
000319,Jack Near,SSDM,Defensive Midfield,last_10,7,2022-06-04,2022-08-20,ATL|CAN|CHA|OUT|WAT|WHP,RED,0,0,0,0,0,0,0,0,0,0,0,0,0,0.0,9,1,0,0,0,0,0,0,0,0.0,1,46,45,,,,,0.0,0.0,0.0,0.0,0.0,0.0,0.0,0.0,0.0,0.0,0.0,0.0,0.0,0.0,1.2857142857142858,0.14285714285714285,0.0,0.0,0.0,0.0,0.0,0.0,0.0,0.0,0.14285714285714285,6.571428571428571,6.428571428571429
000322,John Sexton,LSM,Long Stick Midfield,last_10,10,2022-08-13,2023-08-13,ARC|ATL|CAN|CHA|OUT|WAT|WHP,RED,3,1,1,0,1,2,6,2,4,0,0,0,0,0.0,16,4,6,0,3,3,0,0,3,2.5,6,41,31,0.16666666666666666,0.3333333333333333,0.0,,0.3,0.1,0.1,0.0,0.1,0.2,0.6,0.2,0.4,0.0,0.0,0.0,0.0,0.0,1.6,0.4,0.6,0.0,0.3,0.3,0.0,0.0,0.3,0.25,0.6,4.1,3.1
000327,Matt Kavanagh,A,Attack,last_10,10,2023-07-15,2024-07-20,ATL|OUT|RED|WAT|WHP,CAN,21,13,11,1,12,8,57,31,2,0,0,0,0,0.0,12,15,2,0,0,0,0,0,3,2.5,25,270,198,0.21052631578947367,0.543859649122807,,,2.1,1.3,1.1,0.1,1.2,0.8,5.7,3.1,0.2,0.0,0.0,0.0,0.0,0.0,1.2,1.5,0.2,0.0,0.0,0.0,0.0,0.0,0.3,0.25,2.5,27.0,19.8
000331,Patrick Harbeson,SSDM,Defensive Midfield,last_10,3,2022-07-01,2022-07-31,ARC|ATL|CHA,RED,1,0,0,0,0,1,1,1,0,0,0,0,0,0.0,2,0,0,0,0,0,0,0,0,0.0,1,23,22,0.0,1.0,,,0.3333333333333333,0.0,0.0,0.0,0.0,0.3333333333333333,0.3333333333333333,0.3333333333333333,0.0,0.0,0.0,0.0,0.0,0.0,0.6666666666666666,0.0,0.0,0.0,0.0,0.0,0.0,0.0,0.0,0.0,0.3333333333333333,7.666666666666667,7.333333333333333
000333,Sergio Perkovic,M,Midfield,last_10,10,2024-08-04,2025-08-09,ARC|CAN|OUT|RED|WAT|WHP,CHA,8,7,5,1,6,1,40,23,14,0,0,0,0,0.0,1,6,0,0,0,0,0,0,1,1.0,6,166,120,0.15,0.575,,,0.8,0.7,0.5,0.1,0.6,0.1,4.0,2.3,1.4,0.0,0.0,0.0,0.0,0.0,0.1,0.6,0.0,0.0,0.0,0.0,0.0,0.0,0.1,0.1,0.6,16.6,12.0
000337,Bryce Young,D,Defense,last_10,10,2025-05-31,2025-08-09,ARC|ATL|CHA|OUT|RED|WAT|WHP,CAN,0,0,0,0,0,0,0,0,0,0,0,0,0,0.0,13,4,5,0,0,0,0,0,1,2.0,0,37,33,,,,,0.0,0.0,0.0,0.0,0.0,0.0,0.0,0.0,0.0,0.0,0.0,0.0,0.0,0.0,1.3,0.4,0.5,0.0,0.0,0.0,0.0,0.0,0.1,0.2,0.0,3.7,3.3
000339,Connor Kelly,M,Midfield,last_10,10,2025-07-12,2026-07-18,ARC|ATL|CAN|CHA|WHP,WAT,20,17,5,6,11,3,64,29,25,0,0,0,0,0.0,4,14,2,0,0,0,0,0,1,0.5,8,255,177,0.171875,0.453125,,,2.0,1.7,0.5,0.6,1.1,0.3,6.4,2.9,2.5,0.0,0.0,0.0,0.0,0.0,0.4,1.4,0.2,0.0,0.0,0.0,0.0,0.0,0.1,0.05,0.8,25.5,17.7
000345,Jake Bernhardt,SSDM,Defensive Midfield,last_10,10,2025-06-14,2026-05-16,ATL|CAN|CHA|OUT|RED|WAT,WHP,2,2,0,1,1,0,5,2,3,0,0,0,0,0.0,7,5,2,0,15,15,0,0,1,0.5,0,58,48,0.2,0.4,0.0,,0.2,0.2,0.0,0.1,0.1,0.0,0.5,0.2,0.3,0.0,0.0,0.0,0.0,0.0,0.7,0.5,0.2,0.0,1.5,1.5,0.0,0.0,0.1,0.05,0.0,5.8,4.8
000346,Jay Carlson,A,Attack,last_10,7,2022-06-04,2022-08-21,ARC|ATL|CAN|CHA|RED|WAT,WHP,14,10,10,0,10,4,28,20,0,0,0,0,0,0.0,9,11,6,0,0,0,0,0,0,0.0,7,89,50,0.35714285714285715,0.7142857142857143,,,2.0,1.4285714285714286,1.4285714285714286,0.0,1.4285714285714286,0.5714285714285714,4.0,2.857142857142857,0.0,0.0,0.0,0.0,0.0,0.0,1.2857142857142858,1.5714285714285714,0.8571428571428571,0.0,0.0,0.0,0.0,0.0,0.0,0.0,1.0,12.714285714285714,7.142857142857143
000350,Joseph Nardella,FO,Faceoff,last_10,10,2025-05-31,2025-08-09,ARC|ATL|CAN|CHA|OUT|RED|WAT,WHP,2,2,2,0,2,0,5,3,0,0,0,0,0,0.0,58,5,4,144,95,241,0,0,1,0.5,0,83,73,0.4,0.6,0.5975103734439834,,0.2,0.2,0.2,0.0,0.2,0.0,0.5,0.3,0.0,0.0,0.0,0.0,0.0,0.0,5.8,0.5,0.4,14.4,9.5,24.1,0.0,0.0,0.1,0.05,0.0,8.3,7.3
000351,Jules Heningburg,A,Attack,last_10,10,2024-06-15,2025-08-09,ARC|CAN|OUT|RED|WAT|WHP,CAN|CHA,12,7,5,1,6,5,34,20,3,0,0,0,0,0.0,6,12,0,0,0,0,0,0,1,1.0,21,202,156,0.17647058823529413,0.5882352941176471,,,1.2,0.7,0.5,0.1,0.6,0.5,3.4,2.0,0.3,0.0,0.0,0.0,0.0,0.0,0.6,1.2,0.0,0.0,0.0,0.0,0.0,0.0,0.1,0.1,2.1,20.2,15.6
000353,Kyle Bernlohr,G,Goalie,last_10,10,2022-08-21,2024-08-03,ARC|ATL|CAN|OUT|RED|WAT,WHP,1,0,0,0,0,1,0,0,0,81,24,57,85,147.43057444804856,26,3,0,0,0,0,81,4,0,0.0,1,110,107,,,,0.5494111401467997,0.1,0.0,0.0,0.0,0.0,0.1,0.0,0.0,0.0,8.1,2.4,5.7,8.5,14.743057444804856,2.6,0.3,0.0,0.0,0.0,0.0,8.1,0.4,0.0,0.0,0.1,11.0,10.7
000354,Matt Rambo,A,Attack,last_10,10,2025-06-07,2026-07-19,ARC|ATL|CAN|RED|WAT|WHP,ATL|WHP,9,3,3,0,3,6,28,15,0,0,0,0,0,0.0,9,8,1,0,0,0,0,0,0,0.0,18,159,123,0.10714285714285714,0.5357142857142857,,,0.9,0.3,0.3,0.0,0.3,0.6,2.8,1.5,0.0,0.0,0.0,0.0,0.0,0.0,0.9,0.8,0.1,0.0,0.0,0.0,0.0,0.0,0.0,0.0,1.8,15.9,12.3
000355,Matthew Dunn,D,Defense,last_10,10,2026-05-29,2026-08-16,ARC|ATL|CAN|CHA|OUT|RED|WAT,WHP,2,1,1,0,1,1,4,2,3,0,0,0,0,0.0,10,3,7,0,0,0,0,0,2,2.0,3,72,65,0.25,0.5,,,0.2,0.1,0.1,0.0,0.1,0.1,0.4,0.2,0.3,0.0,0.0,0.0,0.0,0.0,1.0,0.3,0.7,0.0,0.0,0.0,0.0,0.0,0.2,0.2,0.3,7.2,6.5
000356,Michael Ehrhardt,LSM,Long Stick Midfield,last_10,10,2022-08-13,2023-08-26,ARC|ATL|CAN|CHA|OUT|RED,WHP,10,8,4,2,6,2,26,10,17,0,0,0,0,0.0,23,5,7,0,0,0,0,0,4,3.5,7,80,49,0.23076923076923078,0.38461538461538464,,,1.0,0.8,0.4,0.2,0.6,0.2,2.6,1.0,1.7,0.0,0.0,0.0,0.0,0.0,2.3,0.5,0.7,0.0,0.0,0.0,0.0,0.0,0.4,0.35,0.7,8.0,4.9
000357,Mike Chanenchuk,M,Midfield,last_10,10,2024-06-02,2024-08-10,ARC|ATL|CAN|CHA|OUT|RED|WAT,WHP,13,10,4,3,7,3,46,28,12,0,0,0,0,0.0,11,12,2,0,0,0,0,0,0,0.0,10,244,186,0.15217391304347827,0.6086956521739131,,,1.3,1.0,0.4,0.3,0.7,0.3,4.6,2.8,1.2,0.0,0.0,0.0,0.0,0.0,1.1,1.2,0.2,0.0,0.0,0.0,0.0,0.0,0.0,0.0,1.0,24.4,18.6
000358,Ryan Drenner,M,Midfield,last_10,10,2025-05-31,2025-08-09,ARC|ATL|CHA|OUT|RED|WAT|WHP,CAN,20,18,18,0,18,2,39,24,2,0,0,0,0,0.0,4,5,2,0,0,0,0,0,0,0.0,11,212,168,0.46153846153846156,0.6153846153846154,,,2.0,1.8,1.8,0.0,1.8,0.2,3.9,2.4,0.2,0.0,0.0,0.0,0.0,0.0,0.4,0.5,0.2,0.0,0.0,0.0,0.0,0.0,0.0,0.0,1.1,21.2,16.8
000359,Tim Muller,D,Defense,last_10,10,2026-05-29,2026-08-16,ARC|ATL|CAN|CHA|OUT|RED|WAT,WHP,0,0,0,0,0,0,0,0,0,0,0,0,0,0.0,12,2,9,0,0,0,0,0,0,0.0,0,86,84,,,,,0.0,0.0,0.0,0.0,0.0,0.0,0.0,0.0,0.0,0.0,0.0,0.0,0.0,0.0,1.2,0.2,0.9,0.0,0.0,0.0,0.0,0.0,0.0,0.0,0.0,8.6,8.4
000361,Tyler Warner,SSDM,Defensive Midfield,last_10,10,2023-06-04,2023-08-26,ARC|ATL|CAN|CHA|OUT|RED|WAT,WHP,1,1,1,0,1,0,4,1,2,0,0,0,0,0.0,12,2,1,0,0,0,0,0,1,0.5,1,45,39,0.25,0.25,,,0.1,0.1,0.1,0.0,0.1,0.0,0.4,0.1,0.2,0.0,0.0,0.0,0.0,0.0,1.2,0.2,0.1,0.0,0.0,0.0,0.0,0.0,0.1,0.05,0.1,4.5,3.9
000363,Ryan Conrad,M,Midfield,last_10,10,2023-08-20,2024-08-10,ARC|ATL|CAN|CHA|OUT|WHP,WAT|WHP,18,14,12,1,13,4,54,33,4,0,0,0,0,0.0,13,12,0,0,1,1,0,0,1,0.5,9,192,126,0.24074074074074073,0.6111111111111112,0.0,,1.8,1.4,1.2,0.1,1.3,0.4,5.4,3.3,0.4,0.0,0.0,0.0,0.0,0.0,1.3,1.2,0.0,0.0,0.1,0.1,0.0,0.0,0.1,0.05,0.9,19.2,12.6
000365,Jack Rowlett,D,Defense,last_10,10,2025-07-19,2026-07-18,ARC|ATL|CAN|OUT|RED|WAT,CHA,0,0,0,0,0,0,3,1,3,0,0,0,0,0.0,9,2,4,0,0,0,0,0,5,4.5,1,57,52,0.0,0.3333333333333333,,,0.0,0.0,0.0,0.0,0.0,0.0,0.3,0.1,0.3,0.0,0.0,0.0,0.0,0.0,0.9,0.2,0.4,0.0,0.0,0.0,0.0,0.0,0.5,0.45,0.1,5.7,5.2
000366,Connor Farrell,FO,Faceoff,last_10,10,2023-07-08,2026-06-28,ARC|CAN|CHA|RED|WAT|WHP,OUT|WAT,0,0,0,0,0,0,2,2,0,0,0,0,0,0.0,82,15,1,116,97,214,0,0,1,2.0,1,67,50,0.0,1.0,0.5420560747663551,,0.0,0.0,0.0,0.0,0.0,0.0,0.2,0.2,0.0,0.0,0.0,0.0,0.0,0.0,8.2,1.5,0.1,11.6,9.7,21.4,0.0,0.0,0.1,0.2,0.1,6.7,5.0
000368,Chris Sabia,LSM,Long Stick Midfield,last_10,10,2023-08-06,2024-08-17,ARC|ATL|CAN|CHA|OUT|RED|WHP,WAT,0,0,0,0,0,0,4,3,1,0,0,0,0,0.0,21,2,8,0,0,0,0,0,5,3.5,0,52,46,0.0,0.75,,,0.0,0.0,0.0,0.0,0.0,0.0,0.4,0.3,0.1,0.0,0.0,0.0,0.0,0.0,2.1,0.2,0.8,0.0,0.0,0.0,0.0,0.0,0.5,0.35,0.0,5.2,4.6
000369,Clarke Petterson,A,Attack,last_10,1,2022-08-21,2022-08-21,CHA,ATL,2,1,1,0,1,1,3,1,0,0,0,0,0,0.0,1,0,0,0,0,0,0,0,0,0.0,1,9,6,0.3333333333333333,0.3333333333333333,,,2.0,1.0,1.0,0.0,1.0,1.0,3.0,1.0,0.0,0.0,0.0,0.0,0.0,0.0,1.0,0.0,0.0,0.0,0.0,0.0,0.0,0.0,0.0,0.0,1.0,9.0,6.0
000370,Tim Troutner,G,Goalie,last_10,10,2022-06-18,2026-08-01,CAN|CHA|OUT|RED|WHP,ATL|RED|WAT,0,0,0,0,0,0,2,1,2,73,30,43,87,120.74320441988951,18,2,4,0,0,0,78,9,0,0.0,2,121,117,0.0,0.5,,0.6045888905361454,0.0,0.0,0.0,0.0,0.0,0.0,0.2,0.1,0.2,7.3,3.0,4.3,8.7,12.07432044198895,1.8,0.2,0.4,0.0,0.0,0.0,7.8,0.9,0.0,0.0,0.2,12.1,11.7
000373,Ryder Garnsey,M,Midfield,last_10,10,2026-06-06,2026-08-16,ARC|ATL|CAN|CHA|OUT|WAT|WHP,RED,28,18,18,0,18,10,44,31,0,0,0,0,0,0.0,19,25,1,0,0,0,0,0,2,1.0,28,271,202,0.4090909090909091,0.7045454545454546,,,2.8,1.8,1.8,0.0,1.8,1.0,4.4,3.1,0.0,0.0,0.0,0.0,0.0,0.0,1.9,2.5,0.1,0.0,0.0,0.0,0.0,0.0,0.2,0.1,2.8,27.1,20.2
000376,Cade van Raaphorst,D,Defense,last_10,10,2024-06-01,2024-08-17,ARC|ATL|CHA|OUT|RED|WAT|WHP,CAN,1,0,0,0,0,1,18,3,18,0,0,0,0,0.0,24,6,5,0,0,0,0,0,1,1.0,2,92,68,0.0,0.16666666666666666,,,0.1,0.0,0.0,0.0,0.0,0.1,1.8,0.3,1.8,0.0,0.0,0.0,0.0,0.0,2.4,0.6,0.5,0.0,0.0,0.0,0.0,0.0,0.1,0.1,0.2,9.2,6.8
000377,Johnny Surdick,D,Defense,last_10,2,2023-06-17,2023-07-09,ARC|RED,CHA,1,0,0,0,0,1,0,0,0,0,0,0,0,0.0,5,0,1,0,0,0,0,0,0,0.0,1,6,6,,,,,0.5,0.0,0.0,0.0,0.0,0.5,0.0,0.0,0.0,0.0,0.0,0.0,0.0,0.0,2.5,0.0,0.5,0.0,0.0,0.0,0.0,0.0,0.0,0.0,0.5,3.0,3.0
000385,Wes Berg,A,Attack,last_10,10,2024-06-07,2024-08-17,ARC|ATL|CAN|CHA|OUT|WAT|WHP,RED,15,14,14,0,14,1,28,20,0,0,0,0,0,0.0,6,10,2,0,0,0,0,0,3,2.0,5,128,90,0.5,0.7142857142857143,,,1.5,1.4,1.4,0.0,1.4,0.1,2.8,2.0,0.0,0.0,0.0,0.0,0.0,0.0,0.6,1.0,0.2,0.0,0.0,0.0,0.0,0.0,0.3,0.2,0.5,12.8,9.0
000390,Brad Smith,M,Midfield,last_10,10,2025-06-14,2026-05-16,ATL|CAN|CHA|OUT|RED|WAT,WHP,12,12,6,3,9,0,42,22,15,0,0,0,0,0.0,11,13,1,0,0,0,0,0,1,1.0,4,232,177,0.21428571428571427,0.5238095238095238,,,1.2,1.2,0.6,0.3,0.9,0.0,4.2,2.2,1.5,0.0,0.0,0.0,0.0,0.0,1.1,1.3,0.1,0.0,0.0,0.0,0.0,0.0,0.1,0.1,0.4,23.2,17.7
000391,Grant Ament,M,Midfield,last_10,10,2024-08-17,2025-08-09,ATL|CHA|OUT|RED|WAT|WHP,ARC,18,5,5,0,5,13,42,20,2,0,0,0,0,0.0,9,22,1,0,0,0,0,0,0,0.0,43,286,222,0.11904761904761904,0.47619047619047616,,,1.8,0.5,0.5,0.0,0.5,1.3,4.2,2.0,0.2,0.0,0.0,0.0,0.0,0.0,0.9,2.2,0.1,0.0,0.0,0.0,0.0,0.0,0.0,0.0,4.3,28.6,22.2
000395,Bryan Costabile,M,Midfield,last_10,10,2026-05-16,2026-08-15,ARC|CAN|OUT|RED|WAT|WHP,ATL,22,18,6,6,12,4,52,29,25,0,0,0,0,0.0,11,21,2,0,1,1,0,0,2,2.0,20,282,209,0.23076923076923078,0.5576923076923077,0.0,,2.2,1.8,0.6,0.6,1.2,0.4,5.2,2.9,2.5,0.0,0.0,0.0,0.0,0.0,1.1,2.1,0.2,0.0,0.1,0.1,0.0,0.0,0.2,0.2,2.0,28.2,20.9
000397,Reece Eddy,LSM,Long Stick Midfield,last_10,1,2023-06-03,2023-06-03,CAN,ARC,0,0,0,0,0,0,0,0,0,0,0,0,0,0.0,0,0,1,0,0,0,0,0,1,0.5,0,2,2,,,,,0.0,0.0,0.0,0.0,0.0,0.0,0.0,0.0,0.0,0.0,0.0,0.0,0.0,0.0,0.0,0.0,1.0,0.0,0.0,0.0,0.0,0.0,1.0,0.5,0.0,2.0,2.0
000405,Jesse Bernhardt,D,Defense,last_10,10,2025-05-31,2025-08-02,ARC|ATL|CAN|CHA|RED|WAT|WHP,OUT,0,0,0,0,0,0,1,0,1,0,0,0,0,0.0,13,2,6,0,0,0,0,0,2,1.5,0,67,64,0.0,0.0,,,0.0,0.0,0.0,0.0,0.0,0.0,0.1,0.0,0.1,0.0,0.0,0.0,0.0,0.0,1.3,0.2,0.6,0.0,0.0,0.0,0.0,0.0,0.2,0.15,0.0,6.7,6.4
000406,Craig Chick,LSM,Long Stick Midfield,last_10,10,2022-08-21,2024-07-05,ARC|ATL|CAN|CHA|RED|WAT|WHP,ATL|CAN,0,0,0,0,0,0,0,0,0,0,0,0,0,0.0,18,3,3,0,3,3,0,0,1,1.0,0,30,27,,,0.0,,0.0,0.0,0.0,0.0,0.0,0.0,0.0,0.0,0.0,0.0,0.0,0.0,0.0,0.0,1.8,0.3,0.3,0.0,0.3,0.3,0.0,0.0,0.1,0.1,0.0,3.0,2.7
000408,Matt DeLuca,G,Goalie,last_10,10,2025-08-02,2026-08-16,ARC|ATL|CAN|CHA|RED|WHP,WAT,0,0,0,0,0,0,2,0,2,95,29,66,91,104.81387072162858,12,3,0,0,0,0,84,7,0,0.0,0,108,103,0.0,0.0,,0.9063685879162607,0.0,0.0,0.0,0.0,0.0,0.0,0.2,0.0,0.2,9.5,2.9,6.6,9.1,10.481387072162857,1.2,0.3,0.0,0.0,0.0,0.0,8.4,0.7,0.0,0.0,0.0,10.8,10.3
000409,Zach Currier,SSDM,Defensive Midfield,last_10,10,2026-05-31,2026-08-16,ARC|ATL|CAN|CHA|OUT|RED|WHP,WAT,13,2,2,0,2,11,7,6,1,0,0,0,0,0.0,62,4,7,4,7,11,0,0,2,1.5,26,164,153,0.2857142857142857,0.8571428571428571,0.36363636363636365,,1.3,0.2,0.2,0.0,0.2,1.1,0.7,0.6,0.1,0.0,0.0,0.0,0.0,0.0,6.2,0.4,0.7,0.4,0.7,1.1,0.0,0.0,0.2,0.15,2.6,16.4,15.3
000410,Eli Gobrecht,SSDM,Defensive Midfield,last_10,10,2026-05-30,2026-08-15,ARC|CAN|OUT|RED|WAT|WHP,ATL,2,2,2,0,2,0,4,2,0,0,0,0,0,0.0,15,4,8,0,2,2,0,0,2,2.5,2,39,31,0.5,0.5,0.0,,0.2,0.2,0.2,0.0,0.2,0.0,0.4,0.2,0.0,0.0,0.0,0.0,0.0,0.0,1.5,0.4,0.8,0.0,0.2,0.2,0.0,0.0,0.2,0.25,0.2,3.9,3.1
000411,Christian Mazzone,M,Midfield,last_10,1,2022-06-05,2022-06-05,CAN,WAT,0,0,0,0,0,0,0,0,0,0,0,0,0,0.0,3,0,0,0,0,0,0,0,0,0.0,2,6,6,,,,,0.0,0.0,0.0,0.0,0.0,0.0,0.0,0.0,0.0,0.0,0.0,0.0,0.0,0.0,3.0,0.0,0.0,0.0,0.0,0.0,0.0,0.0,0.0,0.0,2.0,6.0,6.0
000414,Rob Pannell,A,Attack,last_10,10,2026-05-29,2026-08-16,ARC|ATL|CAN|CHA|OUT|RED|WAT,WHP,29,13,13,0,13,16,60,35,1,0,0,0,0,0.0,17,19,0,0,0,0,0,0,2,1.5,37,299,220,0.21666666666666667,0.5833333333333334,,,2.9,1.3,1.3,0.0,1.3,1.6,6.0,3.5,0.1,0.0,0.0,0.0,0.0,0.0,1.7,1.9,0.0,0.0,0.0,0.0,0.0,0.0,0.2,0.15,3.7,29.9,22.0
000416,Ryland Rees,LSM,Long Stick Midfield,last_10,10,2024-06-30,2025-08-08,ATL|CAN|CHA|OUT|RED|WHP,RED|WAT,8,8,0,4,4,0,8,6,6,0,0,0,0,0.0,22,6,2,0,1,1,0,0,0,0.0,2,44,30,0.5,0.75,0.0,,0.8,0.8,0.0,0.4,0.4,0.0,0.8,0.6,0.6,0.0,0.0,0.0,0.0,0.0,2.2,0.6,0.2,0.0,0.1,0.1,0.0,0.0,0.0,0.0,0.2,4.4,3.0
000417,Finn Sullivan,D,Defense,last_10,8,2022-06-04,2023-06-10,ARC|ATL|CHA|OUT|WAT,CAN|RED,0,0,0,0,0,0,0,0,0,0,0,0,0,0.0,10,4,6,0,0,0,0,0,1,1.0,0,33,29,,,,,0.0,0.0,0.0,0.0,0.0,0.0,0.0,0.0,0.0,0.0,0.0,0.0,0.0,0.0,1.25,0.5,0.75,0.0,0.0,0.0,0.0,0.0,0.125,0.125,0.0,4.125,3.625
000418,Dillon Ward,G,Goalie,last_10,10,2026-06-06,2026-08-16,ARC|ATL|CAN|CHA|OUT|WAT|WHP,RED,0,0,0,0,0,0,1,1,1,115,31,84,117,136.81726654758333,8,2,1,0,0,0,108,9,1,1.0,0,114,111,0.0,1.0,,0.8405371843911561,0.0,0.0,0.0,0.0,0.0,0.0,0.1,0.1,0.1,11.5,3.1,8.4,11.7,13.681726654758332,0.8,0.2,0.1,0.0,0.0,0.0,10.8,0.9,0.1,0.1,0.0,11.4,11.1
000419,Zed Williams,A,Attack,last_10,10,2024-06-16,2026-05-17,ARC|ATL|CAN|CHA|OUT|RED|WAT|WHP,WAT|WHP,29,26,22,2,24,3,71,46,8,0,0,0,0,0.0,13,13,1,0,0,0,0,0,1,1.0,12,218,134,0.3380281690140845,0.647887323943662,,,2.9,2.6,2.2,0.2,2.4,0.3,7.1,4.6,0.8,0.0,0.0,0.0,0.0,0.0,1.3,1.3,0.1,0.0,0.0,0.0,0.0,0.0,0.1,0.1,1.2,21.8,13.4
000422,Eli Salama,LSM,Long Stick Midfield,last_10,10,2023-06-04,2023-08-27,ARC|ATL|CAN|CHA|RED|WAT|WHP,OUT,3,2,0,1,1,1,7,3,5,0,0,0,0,0.0,13,7,6,0,28,28,0,0,3,3.0,3,36,22,0.14285714285714285,0.42857142857142855,0.0,,0.3,0.2,0.0,0.1,0.1,0.1,0.7,0.3,0.5,0.0,0.0,0.0,0.0,0.0,1.3,0.7,0.6,0.0,2.8,2.8,0.0,0.0,0.3,0.3,0.3,3.6,2.2
000424,Jake Pulver,D,Defense,last_10,10,2023-06-17,2024-08-17,ATL|CHA|OUT|RED|WAT|WHP,CAN,0,0,0,0,0,0,0,0,0,0,0,0,0,0.0,14,2,3,2,26,28,0,0,0,0.0,0,26,24,,,0.07142857142857142,,0.0,0.0,0.0,0.0,0.0,0.0,0.0,0.0,0.0,0.0,0.0,0.0,0.0,0.0,1.4,0.2,0.3,0.2,2.6,2.8,0.0,0.0,0.0,0.0,0.0,2.6,2.4
000425,Jesse King,M,Midfield,last_10,6,2023-07-15,2023-08-27,ARC|ATL|CAN|CHA|RED|WHP,OUT,8,3,3,0,3,5,12,9,1,0,0,0,0,0.0,2,9,1,0,0,0,0,0,1,0.5,17,101,80,0.25,0.75,,,1.3333333333333333,0.5,0.5,0.0,0.5,0.8333333333333334,2.0,1.5,0.16666666666666666,0.0,0.0,0.0,0.0,0.0,0.3333333333333333,1.5,0.16666666666666666,0.0,0.0,0.0,0.0,0.0,0.16666666666666666,0.08333333333333333,2.8333333333333335,16.833333333333332,13.333333333333334
000427,Jake Withers,FO,Faceoff,last_10,6,2022-06-05,2022-08-21,ARC|CAN|OUT|RED|WHP,WAT,1,1,1,0,1,0,3,1,0,0,0,0,0,0.0,28,2,2,69,76,147,0,0,1,0.5,3,29,24,0.3333333333333333,0.3333333333333333,0.46938775510204084,,0.16666666666666666,0.16666666666666666,0.16666666666666666,0.0,0.16666666666666666,0.0,0.5,0.16666666666666666,0.0,0.0,0.0,0.0,0.0,0.0,4.666666666666667,0.3333333333333333,0.3333333333333333,11.5,12.666666666666666,24.5,0.0,0.0,0.16666666666666666,0.08333333333333333,0.5,4.833333333333333,4.0
000434,Matt Abbott,SSDM,Defensive Midfield,last_10,5,2022-06-25,2022-08-06,ARC|CHA|OUT|RED|WAT,CAN,0,0,0,0,0,0,3,1,1,0,0,0,0,0.0,9,1,1,0,0,0,0,0,1,0.5,1,32,28,0.0,0.3333333333333333,,,0.0,0.0,0.0,0.0,0.0,0.0,0.6,0.2,0.2,0.0,0.0,0.0,0.0,0.0,1.8,0.2,0.2,0.0,0.0,0.0,0.0,0.0,0.2,0.1,0.2,6.4,5.6
000614,Brian Phipps,G,Goalie,last_10,1,2023-07-14,2023-07-14,WAT,WHP,0,0,0,0,0,0,0,0,0,9,2,7,13,19.978655282817503,0,0,0,0,0,0,12,1,0,0.0,1,9,9,,,,0.45048076923076924,0.0,0.0,0.0,0.0,0.0,0.0,0.0,0.0,0.0,9.0,2.0,7.0,13.0,19.978655282817503,0.0,0.0,0.0,0.0,0.0,0.0,12.0,1.0,0.0,0.0,1.0,9.0,9.0
000700,Tommy Palasek,A,Attack,last_10,2,2022-06-04,2022-06-18,RED|WHP,CHA,2,0,0,0,0,2,3,2,0,0,0,0,0,0.0,1,4,0,0,0,0,0,0,0,0.0,4,52,45,0.0,0.6666666666666666,,,1.0,0.0,0.0,0.0,0.0,1.0,1.5,1.0,0.0,0.0,0.0,0.0,0.0,0.0,0.5,2.0,0.0,0.0,0.0,0.0,0.0,0.0,0.0,0.0,2.0,26.0,22.5
000727,CJ Costabile,LSM,Long Stick Midfield,last_10,10,2023-07-30,2024-08-10,ARC|OUT|RED|WAT|WHP,CHA,4,4,0,2,2,0,9,4,7,0,0,0,0,0.0,19,5,7,0,2,2,0,0,2,2.0,0,42,28,0.2222222222222222,0.4444444444444444,0.0,,0.4,0.4,0.0,0.2,0.2,0.0,0.9,0.4,0.7,0.0,0.0,0.0,0.0,0.0,1.9,0.5,0.7,0.0,0.2,0.2,0.0,0.0,0.2,0.2,0.0,4.2,2.8
000815,Austin Kaut,G,Goalie,last_10,10,2024-06-07,2026-07-18,ARC|ATL|CAN|OUT|RED|WHP,CHA,0,0,0,0,0,0,2,1,2,67,26,41,62,116.95304761240696,10,5,1,0,0,0,55,7,0,0.0,0,83,76,0.0,0.5,,0.5728794705892923,0.0,0.0,0.0,0.0,0.0,0.0,0.2,0.1,0.2,6.7,2.6,4.1,6.2,11.695304761240696,1.0,0.5,0.1,0.0,0.0,0.0,5.5,0.7,0.0,0.0,0.0,8.3,7.6
000823,Mark Cockerton,A,Attack,last_10,4,2022-07-31,2023-08-19,CAN|RED|WAT|WHP,ATL|CAN,6,6,6,0,6,0,27,12,0,0,0,0,0,0.0,0,4,0,0,0,0,0,0,0,0.0,2,66,35,0.2222222222222222,0.4444444444444444,,,1.5,1.5,1.5,0.0,1.5,0.0,6.75,3.0,0.0,0.0,0.0,0.0,0.0,0.0,0.0,1.0,0.0,0.0,0.0,0.0,0.0,0.0,0.0,0.0,0.5,16.5,8.75
000886,Lyle Thompson,A,Attack,last_10,9,2022-06-05,2022-08-21,ARC|CHA|OUT|RED|WAT|WHP,CAN,44,26,26,0,26,18,66,42,0,0,0,0,0,0.0,22,25,5,0,0,0,0,0,1,0.5,56,283,192,0.3939393939393939,0.6363636363636364,,,4.888888888888889,2.888888888888889,2.888888888888889,0.0,2.888888888888889,2.0,7.333333333333333,4.666666666666667,0.0,0.0,0.0,0.0,0.0,0.0,2.4444444444444446,2.7777777777777777,0.5555555555555556,0.0,0.0,0.0,0.0,0.0,0.1111111111111111,0.05555555555555555,6.222222222222222,31.444444444444443,21.333333333333332
000921,Challen Rogers,M,Midfield,last_10,10,2022-08-21,2024-06-29,ATL|CAN|CHA|OUT|RED|WAT|WHP,ARC|CHA,7,6,6,0,6,1,20,12,1,0,0,0,0,0.0,8,14,0,0,0,0,0,0,2,1.5,15,111,77,0.3,0.6,,,0.7,0.6,0.6,0.0,0.6,0.1,2.0,1.2,0.1,0.0,0.0,0.0,0.0,0.0,0.8,1.4,0.0,0.0,0.0,0.0,0.0,0.0,0.2,0.15,1.5,11.1,7.7
000922,Graeme Hossack,D,Defense,last_10,10,2025-05-31,2025-08-09,ATL|CAN|CHA|OUT|RED|WAT|WHP,ARC,1,1,1,0,1,0,8,4,4,0,0,0,0,0.0,24,2,14,0,0,0,0,0,2,2.0,1,80,70,0.125,0.5,,,0.1,0.1,0.1,0.0,0.1,0.0,0.8,0.4,0.4,0.0,0.0,0.0,0.0,0.0,2.4,0.2,1.4,0.0,0.0,0.0,0.0,0.0,0.2,0.2,0.1,8.0,7.0
000925,Liam Byrnes,D,Defense,last_10,10,2024-06-01,2026-06-06,ARC|ATL|CAN|CHA|OUT|WAT|WHP,CHA|WAT,0,0,0,0,0,0,2,0,1,0,0,0,0,0.0,14,4,12,0,0,0,0,0,0,0.0,2,77,71,0.0,0.0,,,0.0,0.0,0.0,0.0,0.0,0.0,0.2,0.0,0.1,0.0,0.0,0.0,0.0,0.0,1.4,0.4,1.2,0.0,0.0,0.0,0.0,0.0,0.0,0.0,0.2,7.7,7.1
000929,Matthew Hossack,LSM,Long Stick Midfield,last_10,2,2022-06-17,2022-08-21,ARC|OUT,WAT,0,0,0,0,0,0,1,1,1,0,0,0,0,0.0,2,0,2,0,3,3,0,0,0,0.0,0,6,5,0.0,1.0,0.0,,0.0,0.0,0.0,0.0,0.0,0.0,0.5,0.5,0.5,0.0,0.0,0.0,0.0,0.0,1.0,0.0,1.0,0.0,1.5,1.5,0.0,0.0,0.0,0.0,0.0,3.0,2.5
000946,Bryan Cole,M,Midfield,last_10,8,2022-06-04,2022-08-06,ARC|ATL|CHA|OUT|RED|WAT,WHP,13,6,6,0,6,7,25,14,0,0,0,0,0,0.0,5,11,0,0,0,0,0,0,1,1.0,19,181,145,0.24,0.56,,,1.625,0.75,0.75,0.0,0.75,0.875,3.125,1.75,0.0,0.0,0.0,0.0,0.0,0.0,0.625,1.375,0.0,0.0,0.0,0.0,0.0,0.0,0.125,0.125,2.375,22.625,18.125
000960,Shayne Jackson,A,Attack,last_10,3,2022-06-05,2022-06-18,ARC|ATL|WAT,CAN,4,3,3,0,3,1,18,14,0,0,0,0,0,0.0,2,5,0,0,0,0,0,0,1,0.5,2,44,21,0.16666666666666666,0.7777777777777778,,,1.3333333333333333,1.0,1.0,0.0,1.0,0.3333333333333333,6.0,4.666666666666667,0.0,0.0,0.0,0.0,0.0,0.0,0.6666666666666666,1.6666666666666667,0.0,0.0,0.0,0.0,0.0,0.0,0.3333333333333333,0.16666666666666666,0.6666666666666666,14.666666666666666,7.0
000978,Kyle Jackson,M,Midfield,last_10,10,2024-06-30,2026-05-09,ARC|CAN|CHA|OUT|RED|WAT|WHP,ATL|CHA,8,6,6,0,6,2,34,20,3,0,0,0,0,0.0,4,8,0,0,0,0,0,0,0,0.0,5,152,110,0.17647058823529413,0.5882352941176471,,,0.8,0.6,0.6,0.0,0.6,0.2,3.4,2.0,0.3,0.0,0.0,0.0,0.0,0.0,0.4,0.8,0.0,0.0,0.0,0.0,0.0,0.0,0.0,0.0,0.5,15.2,11.0
001001,Dylan Molloy,A,Attack,last_10,10,2026-06-06,2026-08-16,ARC|ATL|CAN|CHA|OUT|WAT|WHP,RED,29,23,23,0,23,6,72,49,2,0,0,0,0,0.0,12,24,3,0,0,0,0,0,1,1.0,16,244,148,0.3194444444444444,0.6805555555555556,,,2.9,2.3,2.3,0.0,2.3,0.6,7.2,4.9,0.2,0.0,0.0,0.0,0.0,0.0,1.2,2.4,0.3,0.0,0.0,0.0,0.0,0.0,0.1,0.1,1.6,24.4,14.8
001009,Colin Heacock,M,Midfield,last_10,10,2026-05-29,2026-08-16,ARC|ATL|CAN|CHA|OUT|RED|WAT,WHP,11,8,8,0,8,3,31,19,3,0,0,0,0,0.0,4,4,1,0,0,0,0,0,1,1.0,6,123,88,0.25806451612903225,0.6129032258064516,,,1.1,0.8,0.8,0.0,0.8,0.3,3.1,1.9,0.3,0.0,0.0,0.0,0.0,0.0,0.4,0.4,0.1,0.0,0.0,0.0,0.0,0.0,0.1,0.1,0.6,12.3,8.8
001010,Isaiah Davis-Allen,SSDM,Defensive Midfield,last_10,10,2023-07-30,2024-08-17,ARC|ATL|CAN|CHA|OUT|WAT,RED,1,0,0,0,0,1,2,2,1,0,0,0,0,0.0,9,3,3,3,8,11,0,0,1,1.0,1,44,39,0.0,1.0,0.2727272727272727,,0.1,0.0,0.0,0.0,0.0,0.1,0.2,0.2,0.1,0.0,0.0,0.0,0.0,0.0,0.9,0.3,0.3,0.3,0.8,1.1,0.0,0.0,0.1,0.1,0.1,4.4,3.9
001020,Mike Messenger,SSDM,Defensive Midfield,last_10,10,2022-08-06,2024-06-08,ARC|CAN|CHA|RED|WAT|WHP,OUT,6,5,5,0,5,1,16,10,2,0,0,0,0,0.0,18,6,6,7,9,16,0,0,2,1.5,8,106,84,0.3125,0.625,0.4375,,0.6,0.5,0.5,0.0,0.5,0.1,1.6,1.0,0.2,0.0,0.0,0.0,0.0,0.0,1.8,0.6,0.6,0.7,0.9,1.6,0.0,0.0,0.2,0.15,0.8,10.6,8.4
001391,Mikie Schlosser,M,Midfield,last_10,10,2022-08-06,2026-05-09,ARC|ATL|OUT|RED|WHP,OUT|WAT,6,6,6,0,6,0,21,15,1,0,0,0,0,0.0,4,6,0,0,0,0,0,0,0,0.0,4,112,85,0.2857142857142857,0.7142857142857143,,,0.6,0.6,0.6,0.0,0.6,0.0,2.1,1.5,0.1,0.0,0.0,0.0,0.0,0.0,0.4,0.6,0.0,0.0,0.0,0.0,0.0,0.0,0.0,0.0,0.4,11.2,8.5
001397,Michael Rexrode,D,Defense,last_10,10,2026-05-30,2026-08-15,ARC|CAN|OUT|RED|WAT|WHP,ATL,0,0,0,0,0,0,2,0,2,0,0,0,0,0.0,9,0,14,0,0,0,0,0,5,4.5,3,59,57,0.0,0.0,,,0.0,0.0,0.0,0.0,0.0,0.0,0.2,0.0,0.2,0.0,0.0,0.0,0.0,0.0,0.9,0.0,1.4,0.0,0.0,0.0,0.0,0.0,0.5,0.45,0.3,5.9,5.7
001402,Max Adler,FO,Faceoff,last_10,5,2022-07-31,2023-07-09,ARC|ATL|OUT|RED,CHA,1,0,0,0,0,1,2,1,0,0,0,0,0,0.0,27,8,0,50,65,116,0,0,2,1.0,2,24,14,0.0,0.5,0.43103448275862066,,0.2,0.0,0.0,0.0,0.0,0.2,0.4,0.2,0.0,0.0,0.0,0.0,0.0,0.0,5.4,1.6,0.0,10.0,13.0,23.2,0.0,0.0,0.4,0.2,0.4,4.8,2.8
001406,Ben Randall,D,Defense,last_10,10,2026-05-09,2026-08-01,ARC|ATL|CAN|CHA|RED|WAT|WHP,OUT,0,0,0,0,0,0,1,1,0,0,0,0,0,0.0,25,6,12,0,0,0,0,0,3,2.5,1,62,55,0.0,1.0,,,0.0,0.0,0.0,0.0,0.0,0.0,0.1,0.1,0.0,0.0,0.0,0.0,0.0,0.0,2.5,0.6,1.2,0.0,0.0,0.0,0.0,0.0,0.3,0.25,0.1,6.2,5.5
001414,Scott Hooper,D,Defense,last_10,1,2022-06-05,2022-06-05,WAT,CAN,0,0,0,0,0,0,0,0,0,0,0,0,0,0.0,1,0,2,0,0,0,0,0,0,0.0,0,2,2,,,,,0.0,0.0,0.0,0.0,0.0,0.0,0.0,0.0,0.0,0.0,0.0,0.0,0.0,0.0,1.0,0.0,2.0,0.0,0.0,0.0,0.0,0.0,0.0,0.0,0.0,2.0,2.0
001415,Greg Weyl,LSM,Long Stick Midfield,last_10,10,2026-05-09,2026-08-16,ARC|ATL|CHA|RED|WHP,OUT,0,0,0,0,0,0,4,0,2,0,0,0,0,0.0,14,1,8,0,0,0,0,0,2,1.5,0,26,21,0.0,0.0,,,0.0,0.0,0.0,0.0,0.0,0.0,0.4,0.0,0.2,0.0,0.0,0.0,0.0,0.0,1.4,0.1,0.8,0.0,0.0,0.0,0.0,0.0,0.2,0.15,0.0,2.6,2.1
001417,Bryce Wasserman,A,Attack,last_10,2,2022-06-04,2022-06-11,ARC|WHP,CHA,1,0,0,0,0,1,2,1,0,0,0,0,0,0.0,0,3,0,0,0,0,0,0,0,0.0,2,33,28,0.0,0.5,,,0.5,0.0,0.0,0.0,0.0,0.5,1.0,0.5,0.0,0.0,0.0,0.0,0.0,0.0,0.0,1.5,0.0,0.0,0.0,0.0,0.0,0.0,0.0,0.0,1.0,16.5,14.0
001427,Nick Marrocco,G,Goalie,last_10,9,2022-06-05,2022-08-13,ARC|ATL|CHA|OUT|RED|WAT,CAN,0,0,0,0,0,0,2,2,2,123,49,74,129,128.6796232519601,23,0,3,0,0,0,124,5,1,1.0,3,151,149,0.0,1.0,,0.9558622949894782,0.0,0.0,0.0,0.0,0.0,0.0,0.2222222222222222,0.2222222222222222,0.2222222222222222,13.666666666666666,5.444444444444445,8.222222222222221,14.333333333333334,14.297735916884456,2.5555555555555554,0.0,0.3333333333333333,0.0,0.0,0.0,13.777777777777779,0.5555555555555556,0.1111111111111111,0.1111111111111111,0.3333333333333333,16.77777777777778,16.555555555555557
001657,Brendan Bomberry,A,Attack,last_10,3,2022-06-05,2022-06-18,ARC|ATL|WAT,CAN,1,1,1,0,1,0,8,3,0,0,0,0,0,0.0,1,2,0,0,0,0,0,0,0,0.0,0,26,16,0.125,0.375,,,0.3333333333333333,0.3333333333333333,0.3333333333333333,0.0,0.3333333333333333,0.0,2.6666666666666665,1.0,0.0,0.0,0.0,0.0,0.0,0.0,0.3333333333333333,0.6666666666666666,0.0,0.0,0.0,0.0,0.0,0.0,0.0,0.0,0.0,8.666666666666666,5.333333333333333
001661,Warren Jeffrey,D,Defense,last_10,10,2026-05-30,2026-08-08,ATL|CAN|CHA|OUT|RED|WAT|WHP,ARC,0,0,0,0,0,0,0,0,0,0,0,0,0,0.0,12,1,2,0,0,0,0,0,6,4.0,0,49,48,,,,,0.0,0.0,0.0,0.0,0.0,0.0,0.0,0.0,0.0,0.0,0.0,0.0,0.0,0.0,1.2,0.1,0.2,0.0,0.0,0.0,0.0,0.0,0.6,0.4,0.0,4.9,4.8
001662,Andrew Kew,A,Attack,last_10,1,2022-06-11,2022-06-11,ARC,CHA,0,0,0,0,0,0,4,0,1,0,0,0,0,0.0,2,1,0,0,0,0,0,0,0,0.0,1,15,10,0.0,0.0,,,0.0,0.0,0.0,0.0,0.0,0.0,4.0,0.0,1.0,0.0,0.0,0.0,0.0,0.0,2.0,1.0,0.0,0.0,0.0,0.0,0.0,0.0,0.0,0.0,1.0,15.0,10.0
001671,Zach Goodrich,SSDM,Defensive Midfield,last_10,10,2026-05-29,2026-08-09,ARC|ATL|CHA|OUT|RED|WAT|WHP,CAN,1,0,0,0,0,1,0,0,0,0,0,0,0,0.0,2,3,5,0,0,0,0,0,9,6.0,4,31,28,,,,,0.1,0.0,0.0,0.0,0.0,0.1,0.0,0.0,0.0,0.0,0.0,0.0,0.0,0.0,0.2,0.3,0.5,0.0,0.0,0.0,0.0,0.0,0.9,0.6,0.4,3.1,2.8
001707,Matt Whitcher,SSDM,Defensive Midfield,last_10,10,2026-05-31,2026-08-16,ARC|ATL|CAN|CHA|OUT|RED|WHP,WAT,3,1,1,0,1,2,7,5,2,0,0,0,0,0.0,13,3,6,0,1,1,0,0,3,1.5,3,77,67,0.14285714285714285,0.7142857142857143,0.0,,0.3,0.1,0.1,0.0,0.1,0.2,0.7,0.5,0.2,0.0,0.0,0.0,0.0,0.0,1.3,0.3,0.6,0.0,0.1,0.1,0.0,0.0,0.3,0.15,0.3,7.7,6.7
001724,Sean Sconone,G,Goalie,last_10,10,2023-06-09,2024-07-27,ARC|ATL|CAN|CHA|RED|WAT|WHP,OUT,0,0,0,0,0,0,0,0,0,101,32,69,112,117.18401623332173,15,7,1,0,0,0,101,11,0,0.0,2,142,135,,,,0.8618922891233033,0.0,0.0,0.0,0.0,0.0,0.0,0.0,0.0,0.0,10.1,3.2,6.9,11.2,11.718401623332174,1.5,0.7,0.1,0.0,0.0,0.0,10.1,1.1,0.0,0.0,0.2,14.2,13.5
001727,Bradley Voigt,A,Attack,last_10,2,2022-06-04,2023-06-04,WAT|WHP,CHA,2,2,2,0,2,0,5,4,0,0,0,0,0,0.0,2,5,0,0,0,0,0,0,0,0.0,3,27,17,0.4,0.8,,,1.0,1.0,1.0,0.0,1.0,0.0,2.5,2.0,0.0,0.0,0.0,0.0,0.0,0.0,1.0,2.5,0.0,0.0,0.0,0.0,0.0,0.0,0.0,0.0,1.5,13.5,8.5
001729,Chris Aslanian,M,Midfield,last_10,10,2024-07-20,2026-08-01,ARC|ATL|CAN|CHA|OUT|RED|WAT|WHP,CAN|CHA,11,10,6,2,8,1,36,26,10,0,0,0,0,0.0,2,5,0,0,0,0,0,0,0,0.0,10,173,132,0.2222222222222222,0.7222222222222222,,,1.1,1.0,0.6,0.2,0.8,0.1,3.6,2.6,1.0,0.0,0.0,0.0,0.0,0.0,0.2,0.5,0.0,0.0,0.0,0.0,0.0,0.0,0.0,0.0,1.0,17.3,13.2
001733,Charlie Hayes,SSDM,Defensive Midfield,last_10,10,2026-05-09,2026-08-16,ARC|ATL|CAN|CHA|RED|WHP,WAT,0,0,0,0,0,0,0,0,0,0,0,0,0,0.0,9,3,3,0,0,0,0,0,1,0.5,0,43,40,,,,,0.0,0.0,0.0,0.0,0.0,0.0,0.0,0.0,0.0,0.0,0.0,0.0,0.0,0.0,0.9,0.3,0.3,0.0,0.0,0.0,0.0,0.0,0.1,0.05,0.0,4.3,4.0
001740,Andrew Newbold,LSM,Long Stick Midfield,last_10,4,2022-07-31,2022-08-21,OUT|RED|WAT|WHP,CAN,1,1,1,0,1,0,3,2,1,0,0,0,0,0.0,0,0,1,0,3,3,0,0,0,0.0,2,9,6,0.3333333333333333,0.6666666666666666,0.0,,0.25,0.25,0.25,0.0,0.25,0.0,0.75,0.5,0.25,0.0,0.0,0.0,0.0,0.0,0.0,0.0,0.25,0.0,0.75,0.75,0.0,0.0,0.0,0.0,0.5,2.25,1.5
001746,Daniel Bucaro,M,Midfield,last_10,9,2022-06-04,2022-08-21,ARC|CAN|CHA|OUT|RED|WAT|WHP,ATL,12,9,9,0,9,3,31,17,0,0,0,0,0,0.0,5,9,1,0,0,0,0,0,0,0.0,9,106,66,0.2903225806451613,0.5483870967741935,,,1.3333333333333333,1.0,1.0,0.0,1.0,0.3333333333333333,3.4444444444444446,1.8888888888888888,0.0,0.0,0.0,0.0,0.0,0.0,0.5555555555555556,1.0,0.1111111111111111,0.0,0.0,0.0,0.0,0.0,0.0,0.0,1.0,11.777777777777779,7.333333333333333
001760,Pat Aslanian,SSDM,Defensive Midfield,last_10,10,2023-06-10,2024-06-01,ATL|CHA|OUT|RED|WAT|WHP,CAN,1,0,0,0,0,1,4,1,1,0,0,0,0,0.0,2,4,1,1,4,5,0,0,4,3.0,2,46,38,0.0,0.25,0.2,,0.1,0.0,0.0,0.0,0.0,0.1,0.4,0.1,0.1,0.0,0.0,0.0,0.0,0.0,0.2,0.4,0.1,0.1,0.4,0.5,0.0,0.0,0.4,0.3,0.2,4.6,3.8
001763,Alex Woodall,FO,Faceoff,last_10,4,2022-06-05,2022-07-24,ARC|CHA|OUT|WAT,CAN,1,0,0,0,0,1,0,0,0,0,0,0,0,0.0,12,2,0,23,27,50,0,0,0,0.0,1,12,10,,,0.46,,0.25,0.0,0.0,0.0,0.0,0.25,0.0,0.0,0.0,0.0,0.0,0.0,0.0,0.0,3.0,0.5,0.0,5.75,6.75,12.5,0.0,0.0,0.0,0.0,0.25,3.0,2.5
001766,Holden Garlent,D,Defense,last_10,10,2022-08-06,2024-07-28,ARC|ATL|CAN|CHA|OUT|RED|WHP,CAN|RED,0,0,0,0,0,0,2,1,1,0,0,0,0,0.0,13,3,6,0,0,0,0,0,3,2.0,1,42,37,0.0,0.5,,,0.0,0.0,0.0,0.0,0.0,0.0,0.2,0.1,0.1,0.0,0.0,0.0,0.0,0.0,1.3,0.3,0.6,0.0,0.0,0.0,0.0,0.0,0.3,0.2,0.1,4.2,3.7
001773,Nick Washuta,G,Goalie,last_10,10,2022-06-11,2026-08-01,CAN|CHA|OUT|RED|WAT|WHP,ARC,0,0,0,0,0,0,0,0,0,40,13,27,33,657.0479937489489,6,1,2,0,0,0,30,3,0,0.0,0,51,50,,,,0.060878353454471665,0.0,0.0,0.0,0.0,0.0,0.0,0.0,0.0,0.0,4.0,1.3,2.7,3.3,65.70479937489489,0.6,0.1,0.2,0.0,0.0,0.0,3.0,0.3,0.0,0.0,0.0,5.1,5.0
001793,Chase Fraser,A,Attack,last_10,10,2022-06-25,2023-08-27,ARC|ATL|CAN|OUT|RED|WAT|WHP,CHA,17,16,16,0,16,1,56,35,2,0,0,0,0,0.0,19,24,4,0,0,0,0,0,2,1.5,6,278,198,0.2857142857142857,0.625,,,1.7,1.6,1.6,0.0,1.6,0.1,5.6,3.5,0.2,0.0,0.0,0.0,0.0,0.0,1.9,2.4,0.4,0.0,0.0,0.0,0.0,0.0,0.2,0.15,0.6,27.8,19.8
001795,Christian Scarpello,SSDM,Defensive Midfield,last_10,10,2026-05-31,2026-08-08,ARC|CAN|OUT|RED|WAT|WHP,CHA,1,1,1,0,1,0,4,2,0,0,0,0,0,0.0,7,3,1,1,11,12,0,0,0,0.0,2,50,43,0.25,0.5,0.08333333333333333,,0.1,0.1,0.1,0.0,0.1,0.0,0.4,0.2,0.0,0.0,0.0,0.0,0.0,0.0,0.7,0.3,0.1,0.1,1.1,1.2,0.0,0.0,0.0,0.0,0.2,5.0,4.3
001796,Latrell Harris,SSDM,Defensive Midfield,last_10,10,2023-06-03,2023-08-26,ATL|CAN|CHA|OUT|RED|WAT|WHP,ARC,4,2,2,0,2,2,4,2,0,0,0,0,0,0.0,19,2,6,0,0,0,0,0,3,2.5,14,81,75,0.5,0.5,,,0.4,0.2,0.2,0.0,0.2,0.2,0.4,0.2,0.0,0.0,0.0,0.0,0.0,0.0,1.9,0.2,0.6,0.0,0.0,0.0,0.0,0.0,0.3,0.25,1.4,8.1,7.5
001797,JD Colarusso,G,Goalie,last_10,2,2022-06-04,2022-07-30,ARC|RED,ATL,0,0,0,0,0,0,0,0,0,7,3,4,7,14.0,2,1,0,0,0,0,6,1,0,0.0,0,7,6,,,,0.5,0.0,0.0,0.0,0.0,0.0,0.0,0.0,0.0,0.0,3.5,1.5,2.0,3.5,7.0,1.0,0.5,0.0,0.0,0.0,0.0,3.0,0.5,0.0,0.0,0.0,3.5,3.0
001809,Jeff Teat,A,Attack,last_10,10,2025-05-30,2025-08-09,ARC|CAN|CHA|OUT|RED|WAT|WHP,ATL,40,17,17,0,17,23,69,42,2,0,0,0,0,0.0,18,23,1,0,0,0,0,0,0,0.0,55,376,284,0.2463768115942029,0.6086956521739131,,,4.0,1.7,1.7,0.0,1.7,2.3,6.9,4.2,0.2,0.0,0.0,0.0,0.0,0.0,1.8,2.3,0.1,0.0,0.0,0.0,0.0,0.0,0.0,0.0,5.5,37.6,28.4
001810,Michael Sowers,A,Attack,last_10,10,2026-05-31,2026-08-16,ARC|ATL|CAN|CHA|OUT|RED|WHP,WAT,44,26,26,0,26,18,65,52,0,0,0,0,0,0.0,9,20,2,0,0,0,0,0,0,0.0,47,362,277,0.4,0.8,,,4.4,2.6,2.6,0.0,2.6,1.8,6.5,5.2,0.0,0.0,0.0,0.0,0.0,0.0,0.9,2.0,0.2,0.0,0.0,0.0,0.0,0.0,0.0,0.0,4.7,36.2,27.7
001811,JT Giles-Harris,D,Defense,last_10,10,2026-05-16,2026-08-08,ARC|ATL|CAN|CHA|RED|WAT|WHP,OUT,1,0,0,0,0,1,1,0,1,0,0,0,0,0.0,15,2,2,0,0,0,0,0,2,4.0,1,69,66,0.0,0.0,,,0.1,0.0,0.0,0.0,0.0,0.1,0.1,0.0,0.1,0.0,0.0,0.0,0.0,0.0,1.5,0.2,0.2,0.0,0.0,0.0,0.0,0.0,0.2,0.4,0.1,6.9,6.6
001812,TD Ierlan,FO,Faceoff,last_10,10,2026-06-06,2026-08-16,ARC|ATL|CAN|CHA|OUT|WAT|WHP,RED,3,2,2,0,2,1,11,4,1,0,0,0,0,0.0,99,3,2,167,113,281,0,0,1,0.5,4,103,89,0.18181818181818182,0.36363636363636365,0.594306049822064,,0.3,0.2,0.2,0.0,0.2,0.1,1.1,0.4,0.1,0.0,0.0,0.0,0.0,0.0,9.9,0.3,0.2,16.7,11.3,28.1,0.0,0.0,0.1,0.05,0.4,10.3,8.9
001813,Jared Conners,LSM,Long Stick Midfield,last_10,10,2026-06-06,2026-08-16,ARC|ATL|CAN|CHA|OUT|WAT|WHP,RED,5,4,2,1,3,1,15,7,9,0,0,0,0,0.0,26,6,8,0,0,0,0,0,0,0.0,3,83,62,0.2,0.4666666666666667,,,0.5,0.4,0.2,0.1,0.3,0.1,1.5,0.7,0.9,0.0,0.0,0.0,0.0,0.0,2.6,0.6,0.8,0.0,0.0,0.0,0.0,0.0,0.0,0.0,0.3,8.3,6.2
001814,Mac O'Keefe,A,Attack,last_10,10,2026-05-30,2026-08-08,ATL|CAN|CHA|OUT|RED|WAT|WHP,ARC,27,24,18,3,21,3,59,34,11,0,0,0,0,0.0,12,10,2,0,0,0,0,0,3,2.0,26,276,207,0.3559322033898305,0.576271186440678,,,2.7,2.4,1.8,0.3,2.1,0.3,5.9,3.4,1.1,0.0,0.0,0.0,0.0,0.0,1.2,1.0,0.2,0.0,0.0,0.0,0.0,0.0,0.3,0.2,2.6,27.6,20.7
001815,Connor Kirst,M,Midfield,last_10,10,2026-05-29,2026-08-09,ARC|ATL|CHA|OUT|RED|WAT|WHP,CAN,7,4,4,0,4,3,16,7,5,0,0,0,0,0.0,18,4,5,6,8,14,0,0,1,1.0,8,73,53,0.25,0.4375,0.42857142857142855,,0.7,0.4,0.4,0.0,0.4,0.3,1.6,0.7,0.5,0.0,0.0,0.0,0.0,0.0,1.8,0.4,0.5,0.6,0.8,1.4,0.0,0.0,0.1,0.1,0.8,7.3,5.3
001816,Dox Aitken,M,Midfield,last_10,10,2024-06-16,2026-08-16,ARC|CAN|OUT|RED|WAT|WHP,ATL|WAT,10,9,9,0,9,1,37,23,4,0,0,0,0,0.0,10,10,0,0,1,1,0,0,3,2.0,9,181,134,0.24324324324324326,0.6216216216216216,0.0,,1.0,0.9,0.9,0.0,0.9,0.1,3.7,2.3,0.4,0.0,0.0,0.0,0.0,0.0,1.0,1.0,0.0,0.0,0.1,0.1,0.0,0.0,0.3,0.2,0.9,18.1,13.4
001817,Jack Kielty,D,Defense,last_10,10,2026-05-29,2026-08-09,ARC|ATL|CHA|OUT|RED|WAT|WHP,CAN,0,0,0,0,0,0,0,0,0,0,0,0,0,0.0,20,4,10,0,0,0,0,0,0,0.0,1,53,49,,,,,0.0,0.0,0.0,0.0,0.0,0.0,0.0,0.0,0.0,0.0,0.0,0.0,0.0,0.0,2.0,0.4,1.0,0.0,0.0,0.0,0.0,0.0,0.0,0.0,0.1,5.3,4.9
001818,Jake Carraway,M,Midfield,last_10,10,2023-07-30,2024-08-17,ARC|ATL|CAN|CHA|WHP,WAT,15,13,9,2,11,2,38,26,12,0,0,0,0,0.0,9,4,0,0,0,0,0,0,1,0.5,14,184,142,0.2894736842105263,0.6842105263157895,,,1.5,1.3,0.9,0.2,1.1,0.2,3.8,2.6,1.2,0.0,0.0,0.0,0.0,0.0,0.9,0.4,0.0,0.0,0.0,0.0,0.0,0.0,0.1,0.05,1.4,18.4,14.2
001819,Danny Logan,SSDM,Defensive Midfield,last_10,10,2025-08-09,2026-08-15,ARC|CAN|OUT|RED|WAT,ATL,1,1,1,0,1,0,6,4,3,0,0,0,0,0.0,20,4,5,2,13,15,0,0,2,2.0,3,84,74,0.16666666666666666,0.6666666666666666,0.13333333333333333,,0.1,0.1,0.1,0.0,0.1,0.0,0.6,0.4,0.3,0.0,0.0,0.0,0.0,0.0,2.0,0.4,0.5,0.2,1.3,1.5,0.0,0.0,0.2,0.2,0.3,8.4,7.4
001820,Ryan Terefenko,SSDM,Defensive Midfield,last_10,10,2026-05-30,2026-08-16,ARC|ATL|CAN|CHA|RED|WAT|WHP,OUT,8,5,3,1,4,3,15,12,3,0,0,0,0,0.0,17,6,1,0,1,1,0,0,2,1.0,13,134,113,0.26666666666666666,0.8,0.0,,0.8,0.5,0.3,0.1,0.4,0.3,1.5,1.2,0.3,0.0,0.0,0.0,0.0,0.0,1.7,0.6,0.1,0.0,0.1,0.1,0.0,0.0,0.2,0.1,1.3,13.4,11.3
001821,Tre Leclaire,M,Midfield,last_10,10,2026-05-30,2026-08-08,ATL|CAN|CHA|OUT|RED|WAT|WHP,ARC,29,19,13,3,16,10,48,29,17,0,0,0,0,0.0,6,7,0,0,0,0,0,0,2,1.5,15,236,181,0.3333333333333333,0.6041666666666666,,,2.9,1.9,1.3,0.3,1.6,1.0,4.8,2.9,1.7,0.0,0.0,0.0,0.0,0.0,0.6,0.7,0.0,0.0,0.0,0.0,0.0,0.0,0.2,0.15,1.5,23.6,18.1
001823,Tanner Cook,M,Midfield,last_10,5,2022-06-04,2022-08-06,ARC|OUT|RED|WAT|WHP,CHA,3,2,2,0,2,1,7,6,0,0,0,0,0,0.0,3,5,0,0,0,0,0,0,1,2.0,7,72,60,0.2857142857142857,0.8571428571428571,,,0.6,0.4,0.4,0.0,0.4,0.2,1.4,1.2,0.0,0.0,0.0,0.0,0.0,0.0,0.6,1.0,0.0,0.0,0.0,0.0,0.0,0.0,0.2,0.4,1.4,14.4,12.0
001824,Ryan Tierney,M,Midfield,last_10,10,2022-06-11,2024-08-03,ARC|ATL|CHA|OUT|WHP,CAN|RED,6,5,5,0,5,1,18,10,1,0,0,0,0,0.0,7,12,1,0,0,0,0,0,1,1.0,7,135,105,0.2777777777777778,0.5555555555555556,,,0.6,0.5,0.5,0.0,0.5,0.1,1.8,1.0,0.1,0.0,0.0,0.0,0.0,0.0,0.7,1.2,0.1,0.0,0.0,0.0,0.0,0.0,0.1,0.1,0.7,13.5,10.5
001825,Peter Dearth,SSDM,Defensive Midfield,last_10,10,2022-07-30,2023-08-26,ARC|CAN|CHA|RED|WAT|WHP,ATL,0,0,0,0,0,0,6,5,0,0,0,0,0,0.0,16,6,1,0,0,0,0,0,4,2.0,3,47,35,0.0,0.8333333333333334,,,0.0,0.0,0.0,0.0,0.0,0.0,0.6,0.5,0.0,0.0,0.0,0.0,0.0,0.0,1.6,0.6,0.1,0.0,0.0,0.0,0.0,0.0,0.4,0.2,0.3,4.7,3.5
001826,Jeff Trainor,SSDM,Defensive Midfield,last_10,10,2026-05-15,2026-08-09,ARC|ATL|CHA|OUT|RED|WAT|WHP,CAN,7,5,3,1,4,2,10,7,3,0,0,0,0,0.0,13,3,4,0,0,0,0,0,4,2.5,4,67,54,0.4,0.7,,,0.7,0.5,0.3,0.1,0.4,0.2,1.0,0.7,0.3,0.0,0.0,0.0,0.0,0.0,1.3,0.3,0.4,0.0,0.0,0.0,0.0,0.0,0.4,0.25,0.4,6.7,5.4
001827,Jared Bernhardt,A,Attack,last_10,10,2025-08-02,2026-07-26,ARC|ATL|CAN|CHA|RED|WAT|WHP,OUT,25,18,18,0,18,7,65,39,2,0,0,0,0,0.0,9,18,3,0,0,0,0,0,0,0.0,20,284,201,0.27692307692307694,0.6,,,2.5,1.8,1.8,0.0,1.8,0.7,6.5,3.9,0.2,0.0,0.0,0.0,0.0,0.0,0.9,1.8,0.3,0.0,0.0,0.0,0.0,0.0,0.0,0.0,2.0,28.4,20.1
001828,Justin Anderson,M,Midfield,last_10,10,2026-05-30,2026-08-16,ARC|ATL|CAN|CHA|RED|WAT|WHP,OUT,10,10,8,1,9,0,27,22,2,0,0,0,0,0.0,8,5,2,0,0,0,0,0,0,0.0,6,132,100,0.3333333333333333,0.8148148148148148,,,1.0,1.0,0.8,0.1,0.9,0.0,2.7,2.2,0.2,0.0,0.0,0.0,0.0,0.0,0.8,0.5,0.2,0.0,0.0,0.0,0.0,0.0,0.0,0.0,0.6,13.2,10.0
001831,Colin Squires,LSM,Long Stick Midfield,last_10,10,2025-05-31,2025-08-09,ARC|ATL|CAN|CHA|OUT|RED|WAT,WHP,1,0,0,0,0,1,1,0,1,0,0,0,0,0.0,35,5,3,0,0,0,0,0,1,1.0,1,55,49,0.0,0.0,,,0.1,0.0,0.0,0.0,0.0,0.1,0.1,0.0,0.1,0.0,0.0,0.0,0.0,0.0,3.5,0.5,0.3,0.0,0.0,0.0,0.0,0.0,0.1,0.1,0.1,5.5,4.9
001832,Charlie Bertrand,M,Midfield,last_10,10,2024-08-03,2025-08-08,ARC|CAN|CHA|OUT|WAT|WHP,RED,17,14,12,1,13,3,42,29,4,0,0,0,0,0.0,5,7,0,0,0,0,0,0,1,1.0,8,181,132,0.30952380952380953,0.6904761904761905,,,1.7,1.4,1.2,0.1,1.3,0.3,4.2,2.9,0.4,0.0,0.0,0.0,0.0,0.0,0.5,0.7,0.0,0.0,0.0,0.0,0.0,0.0,0.1,0.1,0.8,18.1,13.2
001833,Stephen Rehfuss,M,Midfield,last_10,10,2022-06-05,2022-08-21,ARC|ATL|CHA|OUT|RED|WAT|WHP,CAN,14,6,6,0,6,8,29,17,0,0,0,0,0,0.0,9,16,0,0,0,0,0,0,0,0.0,44,277,232,0.20689655172413793,0.5862068965517241,,,1.4,0.6,0.6,0.0,0.6,0.8,2.9,1.7,0.0,0.0,0.0,0.0,0.0,0.0,0.9,1.6,0.0,0.0,0.0,0.0,0.0,0.0,0.0,0.0,4.4,27.7,23.2
001835,Ethan Walker,A,Attack,last_10,10,2024-06-01,2024-08-17,ARC|ATL|CAN|CHA|OUT|RED|WHP,WAT,10,5,5,0,5,5,29,19,0,0,0,0,0,0.0,11,9,2,0,0,0,0,0,0,0.0,20,262,224,0.1724137931034483,0.6551724137931034,,,1.0,0.5,0.5,0.0,0.5,0.5,2.9,1.9,0.0,0.0,0.0,0.0,0.0,0.0,1.1,0.9,0.2,0.0,0.0,0.0,0.0,0.0,0.0,0.0,2.0,26.2,22.4
001836,Jackson Morrill,A,Attack,last_10,10,2023-07-08,2024-06-16,ARC|ATL|CAN|RED|WAT|WHP,OUT|WHP,21,6,6,0,6,15,22,20,0,0,0,0,0,0.0,11,13,1,0,0,0,0,0,0,0.0,44,280,245,0.2727272727272727,0.9090909090909091,,,2.1,0.6,0.6,0.0,0.6,1.5,2.2,2.0,0.0,0.0,0.0,0.0,0.0,0.0,1.1,1.3,0.1,0.0,0.0,0.0,0.0,0.0,0.0,0.0,4.4,28.0,24.5
001838,Ryan Smith,M,Midfield,last_10,10,2023-06-04,2023-08-27,ARC|ATL|CAN|OUT|RED|WAT|WHP,CHA,18,14,14,0,14,4,34,22,0,0,0,0,0,0.0,9,7,0,0,0,0,0,0,0,0.0,16,131,90,0.4117647058823529,0.6470588235294118,,,1.8,1.4,1.4,0.0,1.4,0.4,3.4,2.2,0.0,0.0,0.0,0.0,0.0,0.0,0.9,0.7,0.0,0.0,0.0,0.0,0.0,0.0,0.0,0.0,1.6,13.1,9.0
001839,Nick Grill,LSM,Long Stick Midfield,last_10,10,2024-08-03,2026-08-16,ARC|ATL|CAN|CHA|RED|WAT|WHP,OUT,0,0,0,0,0,0,0,0,0,0,0,0,0,0.0,17,1,6,0,0,0,0,0,0,0.0,0,33,32,,,,,0.0,0.0,0.0,0.0,0.0,0.0,0.0,0.0,0.0,0.0,0.0,0.0,0.0,0.0,1.7,0.1,0.6,0.0,0.0,0.0,0.0,0.0,0.0,0.0,0.0,3.3,3.2
001843,Cole Williams,M,Midfield,last_10,8,2022-07-30,2026-08-15,ARC|CAN|CHA|RED|WAT|WHP,ATL|CHA|OUT,10,7,7,0,7,3,25,15,1,0,0,0,0,0.0,6,13,0,0,0,0,0,0,2,2.0,13,118,80,0.28,0.6,,,1.25,0.875,0.875,0.0,0.875,0.375,3.125,1.875,0.125,0.0,0.0,0.0,0.0,0.0,0.75,1.625,0.0,0.0,0.0,0.0,0.0,0.0,0.25,0.25,1.625,14.75,10.0
001846,Adam Charalambides,A,Attack,last_10,10,2025-06-06,2026-05-09,ARC|ATL|CAN|OUT|RED|WAT|WHP,CHA,17,14,14,0,14,3,55,36,2,0,0,0,0,0.0,9,19,2,0,0,0,0,0,5,3.5,13,298,224,0.2545454545454545,0.6545454545454545,,,1.7,1.4,1.4,0.0,1.4,0.3,5.5,3.6,0.2,0.0,0.0,0.0,0.0,0.0,0.9,1.9,0.2,0.0,0.0,0.0,0.0,0.0,0.5,0.35,1.3,29.8,22.4
002001,Kevin Rogers,M,Midfield,last_10,7,2022-06-05,2023-08-06,ARC|CAN|CHA|RED|WAT,OUT|RED,8,3,3,0,3,5,18,11,2,0,0,0,0,0.0,7,3,1,0,0,0,0,0,0,0.0,17,121,100,0.16666666666666666,0.6111111111111112,,,1.1428571428571428,0.42857142857142855,0.42857142857142855,0.0,0.42857142857142855,0.7142857142857143,2.5714285714285716,1.5714285714285714,0.2857142857142857,0.0,0.0,0.0,0.0,0.0,1.0,0.42857142857142855,0.14285714285714285,0.0,0.0,0.0,0.0,0.0,0.0,0.0,2.4285714285714284,17.285714285714285,14.285714285714286
002003,Will Perry,M,Midfield,last_10,8,2023-06-04,2023-08-20,ARC|ATL|CAN|RED|WAT|WHP,CHA,5,5,5,0,5,0,30,13,5,0,0,0,0,0.0,4,2,0,0,0,0,0,0,0,0.0,9,134,102,0.16666666666666666,0.43333333333333335,,,0.625,0.625,0.625,0.0,0.625,0.0,3.75,1.625,0.625,0.0,0.0,0.0,0.0,0.0,0.5,0.25,0.0,0.0,0.0,0.0,0.0,0.0,0.0,0.0,1.125,16.75,12.75
002006,Reid Bowering,A,Attack,last_10,10,2026-05-16,2026-08-15,CAN|OUT|RED|WAT|WHP,ATL,15,15,15,0,15,0,38,30,0,0,0,0,0,0.0,13,12,2,0,1,1,0,0,1,1.0,5,124,74,0.39473684210526316,0.7894736842105263,0.0,,1.5,1.5,1.5,0.0,1.5,0.0,3.8,3.0,0.0,0.0,0.0,0.0,0.0,0.0,1.3,1.2,0.2,0.0,0.1,0.1,0.0,0.0,0.1,0.1,0.5,12.4,7.4
002007,Charlie Kitchen,A,Attack,last_10,1,2022-07-31,2022-07-31,CAN,WAT,1,1,1,0,1,0,3,2,0,0,0,0,0,0.0,0,0,0,0,0,0,0,0,0,0.0,2,8,5,0.3333333333333333,0.6666666666666666,,,1.0,1.0,1.0,0.0,1.0,0.0,3.0,2.0,0.0,0.0,0.0,0.0,0.0,0.0,0.0,0.0,0.0,0.0,0.0,0.0,0.0,0.0,0.0,0.0,2.0,8.0,5.0
002014,Drake Porter,G,Goalie,last_10,2,2023-07-09,2023-07-16,CAN|CHA,ATL,0,0,0,0,0,0,0,0,0,17,2,15,22,29.0,2,1,0,0,0,0,22,0,0,0.0,0,19,18,,,,0.5862068965517241,0.0,0.0,0.0,0.0,0.0,0.0,0.0,0.0,0.0,8.5,1.0,7.5,11.0,14.5,1.0,0.5,0.0,0.0,0.0,0.0,11.0,0.0,0.0,0.0,0.0,9.5,9.0
002015,Logan Wisnauskas,A,Attack,last_10,10,2026-05-30,2026-08-16,ARC|ATL|CAN|CHA|RED|WAT|WHP,OUT,29,21,21,0,21,8,36,30,1,0,0,0,0,0.0,6,13,0,0,0,0,0,0,0,0.0,23,244,195,0.5833333333333334,0.8333333333333334,,,2.9,2.1,2.1,0.0,2.1,0.8,3.6,3.0,0.1,0.0,0.0,0.0,0.0,0.0,0.6,1.3,0.0,0.0,0.0,0.0,0.0,0.0,0.0,0.0,2.3,24.4,19.5
002016,Chris Gray,A,Attack,last_10,10,2023-08-19,2024-08-17,ARC|ATL|CAN|CHA|OUT|RED|WAT|WHP,ATL|RED,18,14,14,0,14,4,55,34,4,0,0,0,0,0.0,11,17,1,0,0,0,0,0,0,0.0,31,312,240,0.2545454545454545,0.6181818181818182,,,1.8,1.4,1.4,0.0,1.4,0.4,5.5,3.4,0.4,0.0,0.0,0.0,0.0,0.0,1.1,1.7,0.1,0.0,0.0,0.0,0.0,0.0,0.0,0.0,3.1,31.2,24.0
002017,Arden Cohen,LSM,Long Stick Midfield,last_10,10,2024-08-17,2026-05-16,ARC|ATL|CHA|OUT|WAT,RED,0,0,0,0,0,0,0,0,0,0,0,0,0,0.0,22,3,12,0,0,0,0,0,7,7.0,1,38,35,,,,,0.0,0.0,0.0,0.0,0.0,0.0,0.0,0.0,0.0,0.0,0.0,0.0,0.0,0.0,2.2,0.3,1.2,0.0,0.0,0.0,0.0,0.0,0.7,0.7,0.1,3.8,3.5
002018,Matt Moore,A,Attack,last_10,10,2024-06-08,2025-06-22,CAN|CHA|OUT|RED|WHP,ARC,17,12,10,1,11,5,51,26,7,0,0,0,0,0.0,13,14,0,0,0,0,0,0,2,1.5,15,242,177,0.21568627450980393,0.5098039215686274,,,1.7,1.2,1.0,0.1,1.1,0.5,5.1,2.6,0.7,0.0,0.0,0.0,0.0,0.0,1.3,1.4,0.0,0.0,0.0,0.0,0.0,0.0,0.2,0.15,1.5,24.2,17.7
002019,Koby Smith,LSM,Long Stick Midfield,last_10,10,2024-06-08,2025-08-02,ARC|CAN|CHA|OUT|RED|WAT|WHP,ATL,2,0,0,0,0,2,7,4,3,0,0,0,0,0.0,15,4,6,0,0,0,0,0,2,2.0,6,49,38,0.0,0.5714285714285714,,,0.2,0.0,0.0,0.0,0.0,0.2,0.7,0.4,0.3,0.0,0.0,0.0,0.0,0.0,1.5,0.4,0.6,0.0,0.0,0.0,0.0,0.0,0.2,0.2,0.6,4.9,3.8
002020,Brett Kennedy,D,Defense,last_10,9,2022-06-04,2024-06-16,ARC|CHA|RED|WAT|WHP,CHA|WHP,1,0,0,0,0,1,0,0,0,0,0,0,0,0.0,15,5,5,0,0,0,0,0,2,1.5,2,47,42,,,,,0.1111111111111111,0.0,0.0,0.0,0.0,0.1111111111111111,0.0,0.0,0.0,0.0,0.0,0.0,0.0,0.0,1.6666666666666667,0.5555555555555556,0.5555555555555556,0.0,0.0,0.0,0.0,0.0,0.2222222222222222,0.16666666666666666,0.2222222222222222,5.222222222222222,4.666666666666667
002021,Roman Puglise,SSDM,Defensive Midfield,last_10,10,2024-08-04,2025-08-09,ARC|ATL|CAN|CHA|OUT|WAT,WHP,4,3,1,1,2,1,7,5,2,0,0,0,0,0.0,13,4,2,0,1,1,0,0,6,3.5,2,103,92,0.2857142857142857,0.7142857142857143,0.0,,0.4,0.3,0.1,0.1,0.2,0.1,0.7,0.5,0.2,0.0,0.0,0.0,0.0,0.0,1.3,0.4,0.2,0.0,0.1,0.1,0.0,0.0,0.6,0.35,0.2,10.3,9.2
002022,Zach Geddes,SSDM,Defensive Midfield,last_10,10,2026-05-30,2026-08-16,ARC|ATL|CAN|CHA|RED|WAT|WHP,OUT,7,4,2,1,3,3,9,5,3,0,0,0,0,0.0,10,0,4,1,4,5,0,0,0,0.0,5,79,70,0.3333333333333333,0.5555555555555556,0.2,,0.7,0.4,0.2,0.1,0.3,0.3,0.9,0.5,0.3,0.0,0.0,0.0,0.0,0.0,1.0,0.0,0.4,0.1,0.4,0.5,0.0,0.0,0.0,0.0,0.5,7.9,7.0
002023,Brendan Nichtern,A,Attack,last_10,10,2022-08-13,2026-06-28,ARC|ATL|CAN|OUT|RED|WAT,CHA|OUT,22,10,10,0,10,12,39,25,0,0,0,0,0,0.0,11,29,2,0,0,0,0,0,4,2.0,34,312,244,0.2564102564102564,0.6410256410256411,,,2.2,1.0,1.0,0.0,1.0,1.2,3.9,2.5,0.0,0.0,0.0,0.0,0.0,0.0,1.1,2.9,0.2,0.0,0.0,0.0,0.0,0.0,0.4,0.2,3.4,31.2,24.4
002024,Asher Nolting,A,Attack,last_10,10,2025-06-07,2026-05-15,ARC|ATL|CHA|OUT|RED|WAT|WHP,CAN,35,10,10,0,10,25,34,22,0,0,0,0,0,0.0,13,27,2,0,0,0,0,0,1,1.0,64,308,247,0.29411764705882354,0.6470588235294118,,,3.5,1.0,1.0,0.0,1.0,2.5,3.4,2.2,0.0,0.0,0.0,0.0,0.0,0.0,1.3,2.7,0.2,0.0,0.0,0.0,0.0,0.0,0.1,0.1,6.4,30.8,24.7
002025,Bubba Fairman,SSDM,Defensive Midfield,last_10,10,2024-06-01,2024-08-17,ARC|ATL|CHA|OUT|RED|WAT|WHP,CAN,0,0,0,0,0,0,5,3,0,0,0,0,0,0.0,8,4,3,2,3,5,0,0,2,1.5,2,77,68,0.0,0.6,0.4,,0.0,0.0,0.0,0.0,0.0,0.0,0.5,0.3,0.0,0.0,0.0,0.0,0.0,0.0,0.8,0.4,0.3,0.2,0.3,0.5,0.0,0.0,0.2,0.15,0.2,7.7,6.8
002026,Brett Dobson,G,Goalie,last_10,10,2026-05-30,2026-08-08,ATL|CAN|CHA|OUT|RED|WAT|WHP,ARC,0,0,0,0,0,0,5,1,5,131,54,77,96,96.9090909090909,17,3,4,0,0,0,91,5,3,3.0,1,171,163,0.0,0.2,,1.351782363977486,0.0,0.0,0.0,0.0,0.0,0.0,0.5,0.1,0.5,13.1,5.4,7.7,9.6,9.690909090909091,1.7,0.3,0.4,0.0,0.0,0.0,9.1,0.5,0.3,0.3,0.1,17.1,16.3
002027,Brendan Curry,M,Midfield,last_10,10,2022-06-11,2023-08-19,ARC|CAN|OUT|RED|WAT|WHP,ATL,10,6,6,0,6,4,24,14,0,0,0,0,0,0.0,6,5,0,0,0,0,0,0,0,0.0,13,110,81,0.25,0.5833333333333334,,,1.0,0.6,0.6,0.0,0.6,0.4,2.4,1.4,0.0,0.0,0.0,0.0,0.0,0.0,0.6,0.5,0.0,0.0,0.0,0.0,0.0,0.0,0.0,0.0,1.3,11.0,8.1
002028,Jack Hannah,M,Midfield,last_10,10,2026-05-09,2026-08-01,ARC|ATL|CAN|CHA|OUT|RED|WHP,WAT,15,11,11,0,11,4,57,26,4,0,0,0,0,0.0,12,9,0,0,0,0,0,0,3,2.5,15,227,161,0.19298245614035087,0.45614035087719296,,,1.5,1.1,1.1,0.0,1.1,0.4,5.7,2.6,0.4,0.0,0.0,0.0,0.0,0.0,1.2,0.9,0.0,0.0,0.0,0.0,0.0,0.0,0.3,0.25,1.5,22.7,16.1
002029,Wheaton Jackoboice,SSDM,Defensive Midfield,last_10,10,2022-07-30,2024-08-04,ARC|ATL|CAN|CHA|OUT|RED|WAT,WHP,2,2,2,0,2,0,13,5,2,0,0,0,0,0.0,6,3,1,0,0,0,0,0,0,0.0,6,87,71,0.15384615384615385,0.38461538461538464,,,0.2,0.2,0.2,0.0,0.2,0.0,1.3,0.5,0.2,0.0,0.0,0.0,0.0,0.0,0.6,0.3,0.1,0.0,0.0,0.0,0.0,0.0,0.0,0.0,0.6,8.7,7.1
002030,Jonathan Donville,M,Midfield,last_10,10,2023-08-26,2026-06-06,ARC|CAN|CHA|RED|WAT|WHP,CAN|OUT,7,5,5,0,5,2,17,13,0,0,0,0,0,0.0,7,9,2,0,0,0,0,0,1,1.0,14,153,127,0.29411764705882354,0.7647058823529411,,,0.7,0.5,0.5,0.0,0.5,0.2,1.7,1.3,0.0,0.0,0.0,0.0,0.0,0.0,0.7,0.9,0.2,0.0,0.0,0.0,0.0,0.0,0.1,0.1,1.4,15.3,12.7
002031,Ryan McNulty,LSM,Long Stick Midfield,last_10,3,2024-06-08,2024-08-04,ARC|ATL|RED,CHA,0,0,0,0,0,0,0,0,0,0,0,0,0,0.0,6,0,1,0,0,0,0,0,0,0.0,2,9,9,,,,,0.0,0.0,0.0,0.0,0.0,0.0,0.0,0.0,0.0,0.0,0.0,0.0,0.0,0.0,2.0,0.0,0.3333333333333333,0.0,0.0,0.0,0.0,0.0,0.0,0.0,0.6666666666666666,3.0,3.0
002032,Justin Inacio,FO,Faceoff,last_10,10,2025-08-09,2026-07-25,ARC|ATL|CAN|OUT|RED|WAT|WHP,CHA,0,0,0,0,0,0,8,1,1,0,0,0,0,0.0,66,9,2,112,105,218,0,0,1,0.5,1,70,53,0.0,0.125,0.5137614678899083,,0.0,0.0,0.0,0.0,0.0,0.0,0.8,0.1,0.1,0.0,0.0,0.0,0.0,0.0,6.6,0.9,0.2,11.2,10.5,21.8,0.0,0.0,0.1,0.05,0.1,7.0,5.3
002033,Nakeie Montgomery,M,Midfield,last_10,10,2023-08-26,2026-05-17,ARC|ATL|CAN|CHA|OUT|WAT,RED|WAT,5,3,3,0,3,2,21,14,2,0,0,0,0,0.0,10,7,1,0,1,1,0,0,0,0.0,8,110,82,0.14285714285714285,0.6666666666666666,0.0,,0.5,0.3,0.3,0.0,0.3,0.2,2.1,1.4,0.2,0.0,0.0,0.0,0.0,0.0,1.0,0.7,0.1,0.0,0.1,0.1,0.0,0.0,0.0,0.0,0.8,11.0,8.2
002034,Keegan Khan,M,Midfield,last_10,10,2023-06-10,2024-07-20,ARC|ATL|CAN|CHA|OUT|WAT,WHP,6,5,5,0,5,1,19,15,0,0,0,0,0,0.0,7,1,1,0,0,0,0,0,0,0.0,10,111,91,0.2631578947368421,0.7894736842105263,,,0.6,0.5,0.5,0.0,0.5,0.1,1.9,1.5,0.0,0.0,0.0,0.0,0.0,0.0,0.7,0.1,0.1,0.0,0.0,0.0,0.0,0.0,0.0,0.0,1.0,11.1,9.1
002035,Max Wayne,D,Defense,last_10,7,2023-06-17,2023-08-26,ATL|OUT|RED|WAT|WHP,CAN,0,0,0,0,0,0,0,0,0,0,0,0,0,0.0,22,3,7,0,0,0,0,0,4,3.5,0,44,41,,,,,0.0,0.0,0.0,0.0,0.0,0.0,0.0,0.0,0.0,0.0,0.0,0.0,0.0,0.0,3.142857142857143,0.42857142857142855,1.0,0.0,0.0,0.0,0.0,0.0,0.5714285714285714,0.5,0.0,6.285714285714286,5.857142857142857
002036,Jake Higgins,SSDM,Defensive Midfield,last_10,10,2022-08-13,2023-08-26,ARC|ATL|CHA|OUT|RED|WHP,WAT,3,2,2,0,2,1,4,3,1,0,0,0,0,0.0,11,6,9,0,0,0,0,0,1,1.0,3,60,50,0.5,0.75,,,0.3,0.2,0.2,0.0,0.2,0.1,0.4,0.3,0.1,0.0,0.0,0.0,0.0,0.0,1.1,0.6,0.9,0.0,0.0,0.0,0.0,0.0,0.1,0.1,0.3,6.0,5.0
002037,Bryan McIntosh,D,Defense,last_10,3,2022-06-05,2022-07-24,ARC|ATL|WAT,CAN,0,0,0,0,0,0,0,0,0,0,0,0,0,0.0,5,0,0,0,0,0,0,0,0,0.0,0,13,13,,,,,0.0,0.0,0.0,0.0,0.0,0.0,0.0,0.0,0.0,0.0,0.0,0.0,0.0,0.0,1.6666666666666667,0.0,0.0,0.0,0.0,0.0,0.0,0.0,0.0,0.0,0.0,4.333333333333333,4.333333333333333
002038,Colin Kirst,G,Goalie,last_10,10,2026-05-17,2026-08-09,ATL|CHA|OUT|RED|WAT|WHP,CAN,0,0,0,0,0,0,1,1,1,92,27,65,99,108.42146487129169,12,5,3,0,0,0,94,5,1,1.0,0,92,86,0.0,1.0,,0.8485404629905546,0.0,0.0,0.0,0.0,0.0,0.0,0.1,0.1,0.1,9.2,2.7,6.5,9.9,10.842146487129169,1.2,0.5,0.3,0.0,0.0,0.0,9.4,0.5,0.1,0.1,0.0,9.2,8.6
002039,Owen McElroy,G,Goalie,last_10,10,2024-08-03,2026-08-16,ARC|ATL|CHA|RED|WAT|WHP,OUT,0,0,0,0,0,0,0,0,0,99,27,72,91,109.28280247216034,15,3,0,0,0,0,87,4,0,0.0,0,114,111,,,,0.9059064899549966,0.0,0.0,0.0,0.0,0.0,0.0,0.0,0.0,0.0,9.9,2.7,7.2,9.1,10.928280247216033,1.5,0.3,0.0,0.0,0.0,0.0,8.7,0.4,0.0,0.0,0.0,11.4,11.1
002040,Jackson Reid,A,Attack,last_10,6,2022-06-04,2023-06-17,ATL|CAN|CHA|OUT|RED|WAT,WHP,4,4,4,0,4,0,16,9,0,0,0,0,0,0.0,1,5,0,0,1,1,0,0,0,0.0,7,63,42,0.25,0.5625,0.0,,0.6666666666666666,0.6666666666666666,0.6666666666666666,0.0,0.6666666666666666,0.0,2.6666666666666665,1.5,0.0,0.0,0.0,0.0,0.0,0.0,0.16666666666666666,0.8333333333333334,0.0,0.0,0.16666666666666666,0.16666666666666666,0.0,0.0,0.0,0.0,1.1666666666666667,10.5,7.0
002041,Mitch Bartolo,M,Midfield,last_10,1,2022-07-31,2022-07-31,CHA,RED,0,0,0,0,0,0,0,0,0,0,0,0,0,0.0,1,1,0,0,0,0,0,0,0,0.0,0,2,1,,,,,0.0,0.0,0.0,0.0,0.0,0.0,0.0,0.0,0.0,0.0,0.0,0.0,0.0,0.0,1.0,1.0,0.0,0.0,0.0,0.0,0.0,0.0,0.0,0.0,0.0,2.0,1.0
002042,Jon Robbins,LSM,Long Stick Midfield,last_10,10,2026-05-09,2026-08-15,ARC|CAN|CHA|OUT|RED|WAT|WHP,ATL,0,0,0,0,0,0,2,1,1,0,0,0,0,0.0,9,3,9,0,0,0,0,0,1,1.0,1,20,15,0.0,0.5,,,0.0,0.0,0.0,0.0,0.0,0.0,0.2,0.1,0.1,0.0,0.0,0.0,0.0,0.0,0.9,0.3,0.9,0.0,0.0,0.0,0.0,0.0,0.1,0.1,0.1,2.0,1.5
002043,Ryan Aughavin,M,Midfield,last_10,10,2023-06-09,2024-08-18,ATL|CHA|OUT|RED|WAT|WHP,ARC,8,6,2,2,4,2,27,16,9,0,0,0,0,0.0,5,4,0,0,0,0,0,0,0,0.0,6,103,72,0.14814814814814814,0.5925925925925926,,,0.8,0.6,0.2,0.2,0.4,0.2,2.7,1.6,0.9,0.0,0.0,0.0,0.0,0.0,0.5,0.4,0.0,0.0,0.0,0.0,0.0,0.0,0.0,0.0,0.6,10.3,7.2
002046,Kevin Lindley,A,Attack,last_10,2,2023-06-17,2023-08-20,ARC|WAT,CHA,1,1,1,0,1,0,4,2,0,0,0,0,0,0.0,2,1,0,0,0,0,0,0,0,0.0,4,22,17,0.25,0.5,,,0.5,0.5,0.5,0.0,0.5,0.0,2.0,1.0,0.0,0.0,0.0,0.0,0.0,0.0,1.0,0.5,0.0,0.0,0.0,0.0,0.0,0.0,0.0,0.0,2.0,11.0,8.5
002047,Frankie Labetti,FO,Faceoff,last_10,2,2022-06-11,2022-06-18,CAN|CHA,ARC,1,1,1,0,1,0,3,1,0,0,0,0,0,0.0,9,1,1,19,32,51,0,0,1,0.5,2,8,4,0.3333333333333333,0.3333333333333333,0.37254901960784315,,0.5,0.5,0.5,0.0,0.5,0.0,1.5,0.5,0.0,0.0,0.0,0.0,0.0,0.0,4.5,0.5,0.5,9.5,16.0,25.5,0.0,0.0,0.5,0.25,1.0,4.0,2.0
002049,Marc O'Rourke,M,Midfield,last_10,5,2023-06-03,2023-08-12,CHA|RED|WAT|WHP,ATL,4,2,2,0,2,2,14,8,2,0,0,0,0,0.0,1,4,0,0,0,0,0,0,0,0.0,4,66,48,0.14285714285714285,0.5714285714285714,,,0.8,0.4,0.4,0.0,0.4,0.4,2.8,1.6,0.4,0.0,0.0,0.0,0.0,0.0,0.2,0.8,0.0,0.0,0.0,0.0,0.0,0.0,0.0,0.0,0.8,13.2,9.6
002051,Connor DeSimone,A,Attack,last_10,7,2022-06-05,2023-06-09,ATL|CAN|CHA|OUT|RED,ARC,13,8,8,0,8,5,19,15,1,0,0,0,0,0.0,4,10,2,0,0,0,0,0,0,0.0,10,158,129,0.42105263157894735,0.7894736842105263,,,1.8571428571428572,1.1428571428571428,1.1428571428571428,0.0,1.1428571428571428,0.7142857142857143,2.7142857142857144,2.142857142857143,0.14285714285714285,0.0,0.0,0.0,0.0,0.0,0.5714285714285714,1.4285714285714286,0.2857142857142857,0.0,0.0,0.0,0.0,0.0,0.0,0.0,1.4285714285714286,22.571428571428573,18.428571428571427
002054,Chris Merle,SSDM,Defensive Midfield,last_10,10,2026-05-09,2026-08-02,ARC|ATL|CAN|CHA|OUT|WAT|WHP,RED,1,1,1,0,1,0,5,3,0,0,0,0,0,0.0,14,1,5,1,0,1,0,0,3,1.5,0,35,29,0.2,0.6,1.0,,0.1,0.1,0.1,0.0,0.1,0.0,0.5,0.3,0.0,0.0,0.0,0.0,0.0,0.0,1.4,0.1,0.5,0.1,0.0,0.1,0.0,0.0,0.3,0.15,0.0,3.5,2.9
002055,Jakob Phaup,FO,Faceoff,last_10,1,2022-07-23,2022-07-23,RED,ATL,0,0,0,0,0,0,0,0,0,0,0,0,0,0.0,5,1,0,11,18,29,0,0,0,0.0,0,5,4,,,0.3793103448275862,,0.0,0.0,0.0,0.0,0.0,0.0,0.0,0.0,0.0,0.0,0.0,0.0,0.0,0.0,5.0,1.0,0.0,11.0,18.0,29.0,0.0,0.0,0.0,0.0,0.0,5.0,4.0
002056,Matt Rahill,D,Defense,last_10,6,2022-06-18,2023-07-14,ARC|CHA|OUT|WAT,CAN|WHP,0,0,0,0,0,0,1,1,1,0,0,0,0,0.0,10,2,1,0,0,0,0,0,1,0.5,0,29,26,0.0,1.0,,,0.0,0.0,0.0,0.0,0.0,0.0,0.16666666666666666,0.16666666666666666,0.16666666666666666,0.0,0.0,0.0,0.0,0.0,1.6666666666666667,0.3333333333333333,0.16666666666666666,0.0,0.0,0.0,0.0,0.0,0.16666666666666666,0.08333333333333333,0.0,4.833333333333333,4.333333333333333
002059,Brendan Krebs,G,Goalie,last_10,10,2024-07-06,2025-06-22,ARC|ATL|CAN|CHA|OUT|RED|WAT,WHP,0,0,0,0,0,0,1,0,0,102,43,59,99,103.23154574016081,21,5,3,0,0,0,93,6,0,0.0,0,142,136,0.0,0.0,,0.9880700639389758,0.0,0.0,0.0,0.0,0.0,0.0,0.1,0.0,0.0,10.2,4.3,5.9,9.9,10.323154574016081,2.1,0.5,0.3,0.0,0.0,0.0,9.3,0.6,0.0,0.0,0.0,14.2,13.6
002062,Ryan Hallenbeck,SSDM,Defensive Midfield,last_10,4,2022-06-04,2022-06-24,ATL|CHA|OUT|WHP,RED,0,0,0,0,0,0,2,2,1,0,0,0,0,0.0,2,0,1,0,0,0,0,0,2,1.5,0,20,18,0.0,1.0,,,0.0,0.0,0.0,0.0,0.0,0.0,0.5,0.5,0.25,0.0,0.0,0.0,0.0,0.0,0.5,0.0,0.25,0.0,0.0,0.0,0.0,0.0,0.5,0.375,0.0,5.0,4.5
002063,Ryan Kennedy,LSM,Long Stick Midfield,last_10,10,2023-06-10,2024-08-03,ARC|ATL|CAN|CHA|OUT|WAT,RED,1,1,1,0,1,0,3,3,1,0,0,0,0,0.0,7,2,2,0,4,4,0,0,0,0.0,2,32,27,0.3333333333333333,1.0,0.0,,0.1,0.1,0.1,0.0,0.1,0.0,0.3,0.3,0.1,0.0,0.0,0.0,0.0,0.0,0.7,0.2,0.2,0.0,0.4,0.4,0.0,0.0,0.0,0.0,0.2,3.2,2.7
002064,Joe Robertson,A,Attack,last_10,4,2022-06-10,2022-07-31,ARC|ATL|CHA|OUT,RED,2,1,1,0,1,1,9,6,0,0,0,0,0,0.0,2,4,0,0,0,0,0,0,0,0.0,1,27,14,0.1111111111111111,0.6666666666666666,,,0.5,0.25,0.25,0.0,0.25,0.25,2.25,1.5,0.0,0.0,0.0,0.0,0.0,0.0,0.5,1.0,0.0,0.0,0.0,0.0,0.0,0.0,0.0,0.0,0.25,6.75,3.5
002065,Anthony DeMaio,M,Midfield,last_10,5,2022-08-06,2023-07-15,ARC|ATL|CAN|CHA|WAT,RED,1,1,1,0,1,0,13,8,1,0,0,0,0,0.0,2,0,0,0,0,0,0,0,0,0.0,4,54,41,0.07692307692307693,0.6153846153846154,,,0.2,0.2,0.2,0.0,0.2,0.0,2.6,1.6,0.2,0.0,0.0,0.0,0.0,0.0,0.4,0.0,0.0,0.0,0.0,0.0,0.0,0.0,0.0,0.0,0.8,10.8,8.2
002067,Zac Tucci,FO,Faceoff,last_10,10,2025-06-29,2026-07-11,ARC|ATL|CHA|OUT|RED|WAT|WHP,ATL|CAN,4,4,2,1,3,0,9,7,1,0,0,0,0,0.0,44,8,1,113,138,252,0,0,4,3.0,0,42,25,0.3333333333333333,0.7777777777777778,0.44841269841269843,,0.4,0.4,0.2,0.1,0.3,0.0,0.9,0.7,0.1,0.0,0.0,0.0,0.0,0.0,4.4,0.8,0.1,11.3,13.8,25.2,0.0,0.0,0.4,0.3,0.0,4.2,2.5
002072,Brennan Kamish,SSDM,Defensive Midfield,last_10,5,2022-06-04,2022-07-03,ATL|CHA|RED|WAT,WHP,0,0,0,0,0,0,1,0,0,0,0,0,0,0.0,8,0,4,0,0,0,0,0,0,0.0,2,32,31,0.0,0.0,,,0.0,0.0,0.0,0.0,0.0,0.0,0.2,0.0,0.0,0.0,0.0,0.0,0.0,0.0,1.6,0.0,0.8,0.0,0.0,0.0,0.0,0.0,0.0,0.0,0.4,6.4,6.2
002074,Alexander Smith,SSDM,Defensive Midfield,last_10,10,2025-06-14,2026-08-16,ARC|ATL|CAN|CHA|RED|WAT|WHP,OUT,0,0,0,0,0,0,1,0,1,0,0,0,0,0.0,12,2,6,0,3,3,0,0,3,2.0,1,42,39,0.0,0.0,0.0,,0.0,0.0,0.0,0.0,0.0,0.0,0.1,0.0,0.1,0.0,0.0,0.0,0.0,0.0,1.2,0.2,0.6,0.0,0.3,0.3,0.0,0.0,0.3,0.2,0.1,4.2,3.9
003003,Sean Lulley,M,Midfield,last_10,1,2023-06-04,2023-06-04,OUT,WHP,0,0,0,0,0,0,5,4,0,0,0,0,0,0.0,2,2,0,0,0,0,0,0,0,0.0,5,31,24,0.0,0.8,,,0.0,0.0,0.0,0.0,0.0,0.0,5.0,4.0,0.0,0.0,0.0,0.0,0.0,0.0,2.0,2.0,0.0,0.0,0.0,0.0,0.0,0.0,0.0,0.0,5.0,31.0,24.0
003004,Mike Sisselberger,FO,Faceoff,last_10,10,2026-05-30,2026-08-08,ATL|CAN|CHA|OUT|RED|WAT|WHP,ARC,3,1,1,0,1,2,8,2,0,0,0,0,0,0.0,100,13,0,142,90,235,0,0,1,2.0,4,91,70,0.125,0.25,0.6042553191489362,,0.3,0.1,0.1,0.0,0.1,0.2,0.8,0.2,0.0,0.0,0.0,0.0,0.0,0.0,10.0,1.3,0.0,14.2,9.0,23.5,0.0,0.0,0.1,0.2,0.4,9.1,7.0
003005,Connor Maher,SSDM,Defensive Midfield,last_10,10,2026-05-30,2026-08-08,ATL|CAN|CHA|OUT|RED|WAT|WHP,ARC,3,1,1,0,1,2,6,3,0,0,0,0,0,0.0,6,1,4,1,1,2,0,0,2,1.5,4,56,49,0.16666666666666666,0.5,0.5,,0.3,0.1,0.1,0.0,0.1,0.2,0.6,0.3,0.0,0.0,0.0,0.0,0.0,0.0,0.6,0.1,0.4,0.1,0.1,0.2,0.0,0.0,0.2,0.15,0.4,5.6,4.9
003006,Piper Bond,SSDM,Defensive Midfield,last_10,10,2026-05-30,2026-08-08,ATL|CAN|CHA|OUT|RED|WAT|WHP,ARC,7,5,3,1,4,2,6,6,1,0,0,0,0,0.0,16,2,7,0,1,1,0,0,3,2.0,5,72,64,0.6666666666666666,1.0,0.0,,0.7,0.5,0.3,0.1,0.4,0.2,0.6,0.6,0.1,0.0,0.0,0.0,0.0,0.0,1.6,0.2,0.7,0.0,0.1,0.1,0.0,0.0,0.3,0.2,0.5,7.2,6.4
003007,Cam Wyers,D,Defense,last_10,10,2026-05-09,2026-08-08,ATL|CAN|CHA|OUT|RED|WAT|WHP,ARC,1,0,0,0,0,1,1,0,1,0,0,0,0,0.0,11,4,4,0,0,0,0,0,7,7.5,2,31,26,0.0,0.0,,,0.1,0.0,0.0,0.0,0.0,0.1,0.1,0.0,0.1,0.0,0.0,0.0,0.0,0.0,1.1,0.4,0.4,0.0,0.0,0.0,0.0,0.0,0.7,0.75,0.2,3.1,2.6
003008,Gavin Adler,D,Defense,last_10,10,2026-05-17,2026-08-16,ARC|ATL|CAN|CHA|OUT|RED|WHP,WAT,0,0,0,0,0,0,1,0,1,0,0,0,0,0.0,7,2,9,0,0,0,0,0,0,0.0,0,37,34,0.0,0.0,,,0.0,0.0,0.0,0.0,0.0,0.0,0.1,0.0,0.1,0.0,0.0,0.0,0.0,0.0,0.7,0.2,0.9,0.0,0.0,0.0,0.0,0.0,0.0,0.0,0.0,3.7,3.4
003009,Brett Makar,D,Defense,last_10,10,2026-05-30,2026-08-15,ARC|CAN|OUT|RED|WAT|WHP,ATL,9,4,0,2,2,5,8,4,7,0,0,0,0,0.0,45,9,20,0,0,0,0,0,0,0.0,8,129,112,0.25,0.5,,,0.9,0.4,0.0,0.2,0.2,0.5,0.8,0.4,0.7,0.0,0.0,0.0,0.0,0.0,4.5,0.9,2.0,0.0,0.0,0.0,0.0,0.0,0.0,0.0,0.8,12.9,11.2
003010,Xander Dickson,A,Attack,last_10,10,2026-05-30,2026-08-15,ARC|CAN|OUT|RED|WAT|WHP,ATL,21,17,17,0,17,4,50,35,1,0,0,0,0,0.0,21,9,1,0,0,0,0,0,2,1.0,13,209,150,0.34,0.7,,,2.1,1.7,1.7,0.0,1.7,0.4,5.0,3.5,0.1,0.0,0.0,0.0,0.0,0.0,2.1,0.9,0.1,0.0,0.0,0.0,0.0,0.0,0.2,0.1,1.3,20.9,15.0
003011,Payton Rezanka,SSDM,Defensive Midfield,last_10,10,2024-06-16,2025-06-14,ARC|CAN|CHA|OUT|RED|WAT|WHP,ATL,2,2,2,0,2,0,6,4,0,0,0,0,0,0.0,4,0,5,0,2,2,0,0,1,1.0,2,35,29,0.3333333333333333,0.6666666666666666,0.0,,0.2,0.2,0.2,0.0,0.2,0.0,0.6,0.4,0.0,0.0,0.0,0.0,0.0,0.0,0.4,0.0,0.5,0.0,0.2,0.2,0.0,0.0,0.1,0.1,0.2,3.5,2.9
003013,Matt Campbell,M,Midfield,last_10,10,2025-06-29,2026-06-07,ATL|CHA|OUT|RED|WAT|WHP,CAN,25,19,15,2,17,6,64,43,16,0,0,0,0,0.0,5,7,0,0,0,0,0,0,0,0.0,19,309,238,0.265625,0.671875,,,2.5,1.9,1.5,0.2,1.7,0.6,6.4,4.3,1.6,0.0,0.0,0.0,0.0,0.0,0.5,0.7,0.0,0.0,0.0,0.0,0.0,0.0,0.0,0.0,1.9,30.9,23.8
003015,Will Bowen,D,Defense,last_10,10,2023-08-27,2024-08-17,ARC|ATL|CAN|OUT|RED|WAT,CHA,0,0,0,0,0,0,2,0,1,0,0,0,0,0.0,19,3,6,0,0,0,0,0,3,3.0,1,54,49,0.0,0.0,,,0.0,0.0,0.0,0.0,0.0,0.0,0.2,0.0,0.1,0.0,0.0,0.0,0.0,0.0,1.9,0.3,0.6,0.0,0.0,0.0,0.0,0.0,0.3,0.3,0.1,5.4,4.9
003016,Brian Minicus,M,Midfield,last_10,10,2024-06-02,2024-08-17,ARC|ATL|CAN|OUT|RED|WAT|WHP,CHA,10,6,6,0,6,4,30,15,1,0,0,0,0,0.0,10,12,0,0,0,0,0,0,1,1.0,9,147,105,0.2,0.5,,,1.0,0.6,0.6,0.0,0.6,0.4,3.0,1.5,0.1,0.0,0.0,0.0,0.0,0.0,1.0,1.2,0.0,0.0,0.0,0.0,0.0,0.0,0.1,0.1,0.9,14.7,10.5
003017,Tye Kurtz,A,Attack,last_10,10,2023-08-20,2026-06-19,ARC|ATL|CAN|CHA|OUT|RED|WAT,CAN|CHA,15,12,10,1,11,3,32,21,1,0,0,0,0,0.0,12,13,1,0,0,0,0,0,1,0.5,12,196,151,0.34375,0.65625,,,1.5,1.2,1.0,0.1,1.1,0.3,3.2,2.1,0.1,0.0,0.0,0.0,0.0,0.0,1.2,1.3,0.1,0.0,0.0,0.0,0.0,0.0,0.1,0.05,1.2,19.6,15.1
003018,Nick Rowlett,FO,Faceoff,last_10,10,2024-06-15,2026-08-08,ARC|ATL|OUT|RED|WAT|WHP,CHA,1,1,1,0,1,0,8,2,0,0,0,0,0,0.0,49,6,4,82,139,225,0,0,1,0.5,4,50,36,0.125,0.25,0.36444444444444446,,0.1,0.1,0.1,0.0,0.1,0.0,0.8,0.2,0.0,0.0,0.0,0.0,0.0,0.0,4.9,0.6,0.4,8.2,13.9,22.5,0.0,0.0,0.1,0.05,0.4,5.0,3.6
003019,Sam Handley,M,Midfield,last_10,10,2024-07-19,2025-07-12,ARC|CAN|CHA|OUT|RED|WAT|WHP,OUT|RED,11,9,7,1,8,2,39,28,8,0,0,0,0,0.0,4,11,0,0,0,0,0,0,0,0.0,20,187,137,0.20512820512820512,0.717948717948718,,,1.1,0.9,0.7,0.1,0.8,0.2,3.9,2.8,0.8,0.0,0.0,0.0,0.0,0.0,0.4,1.1,0.0,0.0,0.0,0.0,0.0,0.0,0.0,0.0,2.0,18.7,13.7
003020,Troy Hettinger,LSM,Long Stick Midfield,last_10,5,2023-06-17,2023-08-27,ATL|CAN|CHA|WAT|WHP,OUT,0,0,0,0,0,0,1,0,0,0,0,0,0,0.0,9,0,1,1,17,18,0,0,0,0.0,1,14,13,0.0,0.0,0.05555555555555555,,0.0,0.0,0.0,0.0,0.0,0.0,0.2,0.0,0.0,0.0,0.0,0.0,0.0,0.0,1.8,0.0,0.2,0.2,3.4,3.6,0.0,0.0,0.0,0.0,0.2,2.8,2.6
003021,Jack Myers,A,Attack,last_10,4,2023-07-09,2024-06-08,ARC|CHA|WAT,OUT|WHP,6,4,4,0,4,2,14,10,0,0,0,0,0,0.0,2,4,0,0,0,0,0,0,0,0.0,13,101,83,0.2857142857142857,0.7142857142857143,,,1.5,1.0,1.0,0.0,1.0,0.5,3.5,2.5,0.0,0.0,0.0,0.0,0.0,0.0,0.5,1.0,0.0,0.0,0.0,0.0,0.0,0.0,0.0,0.0,3.25,25.25,20.75
003022,Cross Ferrara,M,Midfield,last_10,10,2024-08-03,2025-07-26,ARC|ATL|CHA|OUT|RED|WAT|WHP,CHA|OUT,8,8,8,0,8,0,41,23,3,0,0,0,0,0.0,2,5,0,0,0,0,0,0,0,0.0,2,118,72,0.1951219512195122,0.5609756097560976,,,0.8,0.8,0.8,0.0,0.8,0.0,4.1,2.3,0.3,0.0,0.0,0.0,0.0,0.0,0.2,0.5,0.0,0.0,0.0,0.0,0.0,0.0,0.0,0.0,0.2,11.8,7.2
003023,Owen Grant,D,Defense,last_10,10,2026-05-29,2026-08-09,ARC|ATL|CHA|OUT|RED|WAT|WHP,CAN,2,1,1,0,1,1,8,4,6,0,0,0,0,0.0,12,4,9,0,0,0,0,0,2,2.0,4,82,70,0.125,0.5,,,0.2,0.1,0.1,0.0,0.1,0.1,0.8,0.4,0.6,0.0,0.0,0.0,0.0,0.0,1.2,0.4,0.9,0.0,0.0,0.0,0.0,0.0,0.2,0.2,0.4,8.2,7.0
003024,Brian Tevlin,SSDM,Defensive Midfield,last_10,10,2026-06-06,2026-08-16,ARC|ATL|CAN|CHA|OUT|WAT|WHP,RED,12,7,7,0,7,5,11,9,3,0,0,0,0,0.0,21,5,8,1,2,3,0,0,2,1.5,8,88,72,0.6363636363636364,0.8181818181818182,0.3333333333333333,,1.2,0.7,0.7,0.0,0.7,0.5,1.1,0.9,0.3,0.0,0.0,0.0,0.0,0.0,2.1,0.5,0.8,0.1,0.2,0.3,0.0,0.0,0.2,0.15,0.8,8.8,7.2
003025,Cole Kirst,M,Midfield,last_10,10,2023-08-20,2025-07-18,ARC|ATL|CHA|OUT|WAT|WHP,RED,14,7,7,0,7,7,28,22,0,0,0,0,0,0.0,8,7,0,0,0,0,0,0,1,1.0,13,165,130,0.25,0.7857142857142857,,,1.4,0.7,0.7,0.0,0.7,0.7,2.8,2.2,0.0,0.0,0.0,0.0,0.0,0.0,0.8,0.7,0.0,0.0,0.0,0.0,0.0,0.0,0.1,0.1,1.3,16.5,13.0
003027,Thomas McConvey,M,Midfield,last_10,10,2025-06-28,2026-06-07,ARC|ATL|CAN|CHA|RED|WHP,WAT,12,8,8,0,8,4,22,15,0,0,0,0,0,0.0,7,2,2,0,0,0,0,0,0,0.0,19,187,163,0.36363636363636365,0.6818181818181818,,,1.2,0.8,0.8,0.0,0.8,0.4,2.2,1.5,0.0,0.0,0.0,0.0,0.0,0.0,0.7,0.2,0.2,0.0,0.0,0.0,0.0,0.0,0.0,0.0,1.9,18.7,16.3
003028,Alex Mazzone,LSM,Long Stick Midfield,last_10,10,2024-07-20,2025-07-26,ARC|ATL|CAN|CHA|OUT|RED|WAT,WHP,0,0,0,0,0,0,3,1,3,0,0,0,0,0.0,19,0,5,0,0,0,0,0,0,0.0,1,30,27,0.0,0.3333333333333333,,,0.0,0.0,0.0,0.0,0.0,0.0,0.3,0.1,0.3,0.0,0.0,0.0,0.0,0.0,1.9,0.0,0.5,0.0,0.0,0.0,0.0,0.0,0.0,0.0,0.1,3.0,2.7
003029,Chris Fake,D,Defense,last_10,10,2025-08-03,2026-08-16,ARC|ATL|CAN|CHA|OUT|WHP,RED,0,0,0,0,0,0,1,0,0,0,0,0,0,0.0,12,5,6,0,0,0,0,0,0,0.0,2,73,67,0.0,0.0,,,0.0,0.0,0.0,0.0,0.0,0.0,0.1,0.0,0.0,0.0,0.0,0.0,0.0,0.0,1.2,0.5,0.6,0.0,0.0,0.0,0.0,0.0,0.0,0.0,0.2,7.3,6.7
003030,James Reilly,FO,Faceoff,last_10,3,2023-06-10,2024-08-17,ATL|CAN|RED,CHA|WAT,0,0,0,0,0,0,0,0,0,0,0,0,0,0.0,9,1,0,26,35,61,0,0,0,0.0,0,10,9,,,0.4262295081967213,,0.0,0.0,0.0,0.0,0.0,0.0,0.0,0.0,0.0,0.0,0.0,0.0,0.0,0.0,3.0,0.3333333333333333,0.0,8.666666666666666,11.666666666666666,20.333333333333332,0.0,0.0,0.0,0.0,0.0,3.3333333333333335,3.0
003031,Tucker Dordevic,M,Midfield,last_10,10,2023-07-14,2024-08-04,ARC|CAN|CHA|OUT|RED|WAT,WHP,20,20,12,4,16,0,48,29,11,0,0,0,0,0.0,11,10,0,0,0,0,0,0,0,0.0,9,202,144,0.3333333333333333,0.6041666666666666,,,2.0,2.0,1.2,0.4,1.6,0.0,4.8,2.9,1.1,0.0,0.0,0.0,0.0,0.0,1.1,1.0,0.0,0.0,0.0,0.0,0.0,0.0,0.0,0.0,0.9,20.2,14.4
003032,Petey LaSalla,FO,Faceoff,last_10,10,2026-05-09,2026-08-07,ARC|ATL|CAN|CHA|OUT|RED|WAT,WHP,7,6,6,0,6,1,9,7,0,0,0,0,0,0.0,59,11,2,117,122,239,0,0,0,0.0,4,62,42,0.6666666666666666,0.7777777777777778,0.4895397489539749,,0.7,0.6,0.6,0.0,0.6,0.1,0.9,0.7,0.0,0.0,0.0,0.0,0.0,0.0,5.9,1.1,0.2,11.7,12.2,23.9,0.0,0.0,0.0,0.0,0.4,6.2,4.2
003033,Garrett Leadmon,M,Midfield,last_10,8,2023-06-04,2024-06-16,ARC|ATL|CAN|OUT|RED|WAT,WHP,5,4,2,1,3,1,25,14,5,0,0,0,0,0.0,4,9,0,0,0,0,0,0,0,0.0,12,110,76,0.12,0.56,,,0.625,0.5,0.25,0.125,0.375,0.125,3.125,1.75,0.625,0.0,0.0,0.0,0.0,0.0,0.5,1.125,0.0,0.0,0.0,0.0,0.0,0.0,0.0,0.0,1.5,13.75,9.5
003039,Chet Comizio,SSDM,Defensive Midfield,last_10,10,2025-05-30,2026-05-09,ARC|CAN|CHA|OUT|RED|WAT|WHP,ATL,0,0,0,0,0,0,3,1,0,0,0,0,0,0.0,8,2,3,0,2,2,0,0,6,3.5,2,71,66,0.0,0.3333333333333333,0.0,,0.0,0.0,0.0,0.0,0.0,0.0,0.3,0.1,0.0,0.0,0.0,0.0,0.0,0.0,0.8,0.2,0.3,0.0,0.2,0.2,0.0,0.0,0.6,0.35,0.2,7.1,6.6
003041,Ethan Rall,LSM,Long Stick Midfield,last_10,10,2026-05-29,2026-08-09,ARC|ATL|CHA|OUT|RED|WAT|WHP,CAN,0,0,0,0,0,0,4,3,4,0,0,0,0,0.0,36,3,8,0,0,0,0,0,1,1.0,3,53,46,0.0,0.75,,,0.0,0.0,0.0,0.0,0.0,0.0,0.4,0.3,0.4,0.0,0.0,0.0,0.0,0.0,3.6,0.3,0.8,0.0,0.0,0.0,0.0,0.0,0.1,0.1,0.3,5.3,4.6
003045,Alex Simmons,A,Attack,last_10,1,2024-07-20,2024-07-20,ARC,RED,0,0,0,0,0,0,1,0,0,0,0,0,0,0.0,1,1,0,0,0,0,0,0,0,0.0,0,14,12,0.0,0.0,,,0.0,0.0,0.0,0.0,0.0,0.0,1.0,0.0,0.0,0.0,0.0,0.0,0.0,0.0,1.0,1.0,0.0,0.0,0.0,0.0,0.0,0.0,0.0,0.0,0.0,14.0,12.0
003048,TJ Malone,A,Attack,last_10,10,2026-05-29,2026-08-16,ARC|ATL|CAN|CHA|OUT|RED|WAT,WHP,28,22,22,0,22,6,69,53,1,0,0,0,0,0.0,19,11,2,0,0,0,0,0,0,0.0,22,325,245,0.3188405797101449,0.7681159420289855,,,2.8,2.2,2.2,0.0,2.2,0.6,6.9,5.3,0.1,0.0,0.0,0.0,0.0,0.0,1.9,1.1,0.2,0.0,0.0,0.0,0.0,0.0,0.0,0.0,2.2,32.5,24.5
003049,John Geppert,LSM,Long Stick Midfield,last_10,3,2023-08-12,2023-08-26,CAN|RED|WAT,ATL,0,0,0,0,0,0,1,1,1,0,0,0,0,0.0,7,2,4,0,1,1,0,0,0,0.0,0,13,10,0.0,1.0,0.0,,0.0,0.0,0.0,0.0,0.0,0.0,0.3333333333333333,0.3333333333333333,0.3333333333333333,0.0,0.0,0.0,0.0,0.0,2.3333333333333335,0.6666666666666666,1.3333333333333333,0.0,0.3333333333333333,0.3333333333333333,0.0,0.0,0.0,0.0,0.0,4.333333333333333,3.3333333333333335
003052,Kyle Borda,M,Midfield,last_10,2,2023-06-10,2023-06-16,ATL|RED,WAT,0,0,0,0,0,0,3,3,0,0,0,0,0,0.0,0,0,0,0,0,0,0,0,0,0.0,1,13,10,0.0,1.0,,,0.0,0.0,0.0,0.0,0.0,0.0,1.5,1.5,0.0,0.0,0.0,0.0,0.0,0.0,0.0,0.0,0.0,0.0,0.0,0.0,0.0,0.0,0.0,0.0,0.5,6.5,5.0
003054,Jeff Conner,M,Midfield,last_10,5,2023-06-16,2023-08-26,ARC|ATL|OUT|WHP,WAT,4,2,2,0,2,2,4,3,0,0,0,0,0,0.0,1,0,0,0,0,0,0,0,0,0.0,7,34,30,0.5,0.75,,,0.8,0.4,0.4,0.0,0.4,0.4,0.8,0.6,0.0,0.0,0.0,0.0,0.0,0.0,0.2,0.0,0.0,0.0,0.0,0.0,0.0,0.0,0.0,0.0,1.4,6.8,6.0
003056,Grayson Sallade,SSDM,Defensive Midfield,last_10,1,2023-06-10,2023-06-10,ATL,WHP,0,0,0,0,0,0,0,0,0,0,0,0,0,0.0,2,0,0,0,0,0,0,0,0,0.0,1,5,5,,,,,0.0,0.0,0.0,0.0,0.0,0.0,0.0,0.0,0.0,0.0,0.0,0.0,0.0,0.0,2.0,0.0,0.0,0.0,0.0,0.0,0.0,0.0,0.0,0.0,1.0,5.0,5.0
003059,BJ Farrare,LSM,Long Stick Midfield,last_10,10,2026-05-16,2026-08-16,ARC|ATL|CAN|CHA|OUT|WAT|WHP,RED,0,0,0,0,0,0,0,0,0,0,0,0,0,0.0,13,1,7,0,0,0,0,0,1,2.0,2,40,39,,,,,0.0,0.0,0.0,0.0,0.0,0.0,0.0,0.0,0.0,0.0,0.0,0.0,0.0,0.0,1.3,0.1,0.7,0.0,0.0,0.0,0.0,0.0,0.1,0.2,0.2,4.0,3.9
003068,Dylan Gergar,M,Midfield,last_10,2,2024-06-29,2024-07-06,ATL|RED,OUT,2,2,2,0,2,0,12,6,2,0,0,0,0,0.0,3,1,1,0,0,0,0,0,0,0.0,0,26,13,0.16666666666666666,0.5,,,1.0,1.0,1.0,0.0,1.0,0.0,6.0,3.0,1.0,0.0,0.0,0.0,0.0,0.0,1.5,0.5,0.5,0.0,0.0,0.0,0.0,0.0,0.0,0.0,0.0,13.0,6.5
003069,Ricky Miezan,SSDM,Defensive Midfield,last_10,4,2024-07-05,2024-07-28,ARC|CAN|CHA|WHP,RED,0,0,0,0,0,0,2,1,1,0,0,0,0,0.0,2,0,2,0,0,0,0,0,0,0.0,0,9,7,0.0,0.5,,,0.0,0.0,0.0,0.0,0.0,0.0,0.5,0.25,0.25,0.0,0.0,0.0,0.0,0.0,0.5,0.0,0.5,0.0,0.0,0.0,0.0,0.0,0.0,0.0,0.0,2.25,1.75
003070,Ronan Jacoby,M,Midfield,last_10,6,2024-06-01,2024-08-10,ARC|CAN|CHA|OUT|RED|WHP,ATL,5,2,2,0,2,3,16,12,3,0,0,0,0,0.0,4,1,1,0,0,0,0,0,0,0.0,6,100,83,0.125,0.75,,,0.8333333333333334,0.3333333333333333,0.3333333333333333,0.0,0.3333333333333333,0.5,2.6666666666666665,2.0,0.5,0.0,0.0,0.0,0.0,0.0,0.6666666666666666,0.16666666666666666,0.16666666666666666,0.0,0.0,0.0,0.0,0.0,0.0,0.0,1.0,16.666666666666668,13.833333333333334
003072,Kevin Winkoff,M,Midfield,last_10,3,2024-06-16,2024-07-06,ARC|ATL|WAT,WHP,4,1,1,0,1,3,11,5,2,0,0,0,0,0.0,2,5,1,0,0,0,0,0,0,0.0,8,44,28,0.09090909090909091,0.45454545454545453,,,1.3333333333333333,0.3333333333333333,0.3333333333333333,0.0,0.3333333333333333,1.0,3.6666666666666665,1.6666666666666667,0.6666666666666666,0.0,0.0,0.0,0.0,0.0,0.6666666666666666,1.6666666666666667,0.3333333333333333,0.0,0.0,0.0,0.0,0.0,0.0,0.0,2.6666666666666665,14.666666666666666,9.333333333333334
003073,Ron John,SSDM,Defensive Midfield,last_10,1,2024-06-29,2024-06-29,OUT,RED,0,0,0,0,0,0,0,0,0,0,0,0,0,0.0,1,0,0,0,0,0,0,0,0,0.0,0,2,2,,,,,0.0,0.0,0.0,0.0,0.0,0.0,0.0,0.0,0.0,0.0,0.0,0.0,0.0,0.0,1.0,0.0,0.0,0.0,0.0,0.0,0.0,0.0,0.0,0.0,0.0,2.0,2.0
003075,Brennan O'Neill,A,Attack,last_10,10,2026-05-16,2026-08-16,ARC|ATL|CAN|CHA|RED|WHP,OUT,32,14,10,2,12,18,72,36,10,0,0,0,0,0.0,11,23,0,0,0,0,0,0,0,0.0,41,344,249,0.16666666666666666,0.5,,,3.2,1.4,1.0,0.2,1.2,1.8,7.2,3.6,1.0,0.0,0.0,0.0,0.0,0.0,1.1,2.3,0.0,0.0,0.0,0.0,0.0,0.0,0.0,0.0,4.1,34.4,24.9
003076,Connor Shellenberger,A,Attack,last_10,10,2026-05-09,2026-08-15,ARC|CAN|CHA|OUT|RED|WAT|WHP,ATL,25,9,9,0,9,16,32,25,1,0,0,0,0,0.0,13,15,1,0,0,0,0,0,0,0.0,52,310,263,0.28125,0.78125,,,2.5,0.9,0.9,0.0,0.9,1.6,3.2,2.5,0.1,0.0,0.0,0.0,0.0,0.0,1.3,1.5,0.1,0.0,0.0,0.0,0.0,0.0,0.0,0.0,5.2,31.0,26.3
003077,Ajax Zappitello,D,Defense,last_10,10,2026-05-29,2026-08-16,ARC|ATL|CAN|CHA|OUT|RED|WAT,WHP,2,2,0,1,1,0,6,4,4,0,0,0,0,0.0,25,6,17,0,0,0,0,0,1,0.5,0,101,89,0.16666666666666666,0.6666666666666666,,,0.2,0.2,0.0,0.1,0.1,0.0,0.6,0.4,0.4,0.0,0.0,0.0,0.0,0.0,2.5,0.6,1.7,0.0,0.0,0.0,0.0,0.0,0.1,0.05,0.0,10.1,8.9
003078,Shane Knobloch,M,Midfield,last_10,10,2026-05-31,2026-08-08,ARC|CAN|OUT|RED|WAT|WHP,CHA,14,11,11,0,11,3,61,38,8,0,0,0,0,0.0,7,16,2,0,1,1,0,0,1,0.5,15,249,172,0.18032786885245902,0.6229508196721312,0.0,,1.4,1.1,1.1,0.0,1.1,0.3,6.1,3.8,0.8,0.0,0.0,0.0,0.0,0.0,0.7,1.6,0.2,0.0,0.1,0.1,0.0,0.0,0.1,0.05,1.5,24.9,17.2
003079,Liam Entenmann,G,Goalie,last_10,10,2026-05-30,2026-08-15,ARC|CAN|OUT|RED|WAT|WHP,ATL,0,0,0,0,0,0,0,0,0,106,36,70,145,155.922598479613,17,4,0,0,0,0,137,8,0,0.0,0,163,159,,,,0.679824483645067,0.0,0.0,0.0,0.0,0.0,0.0,0.0,0.0,0.0,10.6,3.6,7.0,14.5,15.592259847961298,1.7,0.4,0.0,0.0,0.0,0.0,13.7,0.8,0.0,0.0,0.0,16.3,15.9
003080,Pat Kavanagh,A,Attack,last_10,10,2025-07-19,2026-07-26,ARC|ATL|CAN|CHA|WAT|WHP,OUT,34,19,17,1,18,15,70,42,7,0,0,0,0,0.0,17,22,1,0,0,0,0,0,6,4.5,47,421,329,0.2571428571428571,0.6,,,3.4,1.9,1.7,0.1,1.8,1.5,7.0,4.2,0.7,0.0,0.0,0.0,0.0,0.0,1.7,2.2,0.1,0.0,0.0,0.0,0.0,0.0,0.6,0.45,4.7,42.1,32.9
003081,Matt Brandau,M,Midfield,last_10,10,2026-05-16,2026-08-16,ARC|ATL|CAN|CHA|OUT|RED|WAT,WHP,11,6,6,0,6,5,43,29,2,0,0,0,0,0.0,8,12,0,0,0,0,0,0,0,0.0,19,265,210,0.13953488372093023,0.6744186046511628,,,1.1,0.6,0.6,0.0,0.6,0.5,4.3,2.9,0.2,0.0,0.0,0.0,0.0,0.0,0.8,1.2,0.0,0.0,0.0,0.0,0.0,0.0,0.0,0.0,1.9,26.5,21.0
003082,Mason Woodward,D,Defense,last_10,10,2026-05-30,2026-08-08,ATL|CAN|CHA|OUT|RED|WAT|WHP,ARC,0,0,0,0,0,0,13,6,13,0,0,0,0,0.0,22,4,10,0,0,0,0,0,1,1.0,3,105,88,0.0,0.46153846153846156,,,0.0,0.0,0.0,0.0,0.0,0.0,1.3,0.6,1.3,0.0,0.0,0.0,0.0,0.0,2.2,0.4,1.0,0.0,0.0,0.0,0.0,0.0,0.1,0.1,0.3,10.5,8.8
003083,Jake Piseno,LSM,Long Stick Midfield,last_10,10,2026-05-30,2026-08-16,ARC|ATL|CAN|CHA|RED|WAT|WHP,OUT,10,6,2,2,4,4,14,8,10,0,0,0,0,0.0,33,5,12,0,0,0,0,0,1,1.0,10,98,79,0.2857142857142857,0.5714285714285714,,,1.0,0.6,0.2,0.2,0.4,0.4,1.4,0.8,1.0,0.0,0.0,0.0,0.0,0.0,3.3,0.5,1.2,0.0,0.0,0.0,0.0,0.0,0.1,0.1,1.0,9.8,7.9
003084,Jake Stevens,M,Midfield,last_10,10,2025-07-26,2026-08-15,CHA|OUT|RED|WAT|WHP,ATL,5,4,4,0,4,1,20,14,1,0,0,0,0,0.0,8,12,1,0,0,0,0,0,1,1.0,5,111,79,0.2,0.7,,,0.5,0.4,0.4,0.0,0.4,0.1,2.0,1.4,0.1,0.0,0.0,0.0,0.0,0.0,0.8,1.2,0.1,0.0,0.0,0.0,0.0,0.0,0.1,0.1,0.5,11.1,7.9
003085,Graham Bundy,M,Midfield,last_10,10,2026-05-30,2026-08-16,ARC|ATL|CAN|CHA|RED|WAT|WHP,OUT,15,12,4,4,8,3,38,26,17,0,0,0,0,0.0,3,5,0,0,0,0,0,0,1,1.0,10,208,165,0.21052631578947367,0.6842105263157895,,,1.5,1.2,0.4,0.4,0.8,0.3,3.8,2.6,1.7,0.0,0.0,0.0,0.0,0.0,0.3,0.5,0.0,0.0,0.0,0.0,0.0,0.0,0.1,0.1,1.0,20.8,16.5
003086,Eric Dobson,M,Midfield,last_10,9,2024-06-15,2025-06-07,ARC|ATL|OUT|RED|WAT|WHP,CHA,5,5,5,0,5,0,26,15,6,0,0,0,0,0.0,4,16,1,0,0,0,0,0,0,0.0,6,153,111,0.19230769230769232,0.5769230769230769,,,0.5555555555555556,0.5555555555555556,0.5555555555555556,0.0,0.5555555555555556,0.0,2.888888888888889,1.6666666666666667,0.6666666666666666,0.0,0.0,0.0,0.0,0.0,0.4444444444444444,1.7777777777777777,0.1111111111111111,0.0,0.0,0.0,0.0,0.0,0.0,0.0,0.6666666666666666,17.0,12.333333333333334
003087,Beau Pederson,SSDM,Defensive Midfield,last_10,10,2026-05-30,2026-08-08,ATL|CAN|CHA|OUT|RED|WAT|WHP,ARC,4,3,3,0,3,1,5,4,1,0,0,0,0,0.0,10,5,5,1,11,12,0,0,3,3.5,4,59,49,0.6,0.8,0.08333333333333333,,0.4,0.3,0.3,0.0,0.3,0.1,0.5,0.4,0.1,0.0,0.0,0.0,0.0,0.0,1.0,0.5,0.5,0.1,1.1,1.2,0.0,0.0,0.3,0.35,0.4,5.9,4.9
003088,Alexander Vardaro,M,Midfield,last_10,10,2024-06-15,2025-07-11,ARC|ATL|CHA|OUT|RED|WAT|WHP,CAN,11,8,8,0,8,3,33,19,3,0,0,0,0,0.0,3,9,0,0,0,0,0,0,0,0.0,18,143,101,0.24242424242424243,0.5757575757575758,,,1.1,0.8,0.8,0.0,0.8,0.3,3.3,1.9,0.3,0.0,0.0,0.0,0.0,0.0,0.3,0.9,0.0,0.0,0.0,0.0,0.0,0.0,0.0,0.0,1.8,14.3,10.1
003089,Kenny Brower,D,Defense,last_10,10,2026-05-31,2026-08-16,ARC|ATL|CAN|CHA|OUT|RED|WHP,WAT,0,0,0,0,0,0,2,1,1,0,0,0,0,0.0,14,2,11,0,0,0,0,0,7,7.5,0,58,54,0.0,0.5,,,0.0,0.0,0.0,0.0,0.0,0.0,0.2,0.1,0.1,0.0,0.0,0.0,0.0,0.0,1.4,0.2,1.1,0.0,0.0,0.0,0.0,0.0,0.7,0.75,0.0,5.8,5.4
003090,Dyson Williams,M,Midfield,last_10,10,2025-06-07,2026-05-09,ATL|CAN|CHA|OUT|RED|WAT,ARC,12,11,11,0,11,1,30,24,1,0,0,0,0,0.0,6,6,0,0,0,0,0,0,0,0.0,2,76,40,0.36666666666666664,0.8,,,1.2,1.1,1.1,0.0,1.1,0.1,3.0,2.4,0.1,0.0,0.0,0.0,0.0,0.0,0.6,0.6,0.0,0.0,0.0,0.0,0.0,0.0,0.0,0.0,0.2,7.6,4.0
003091,Garrett Degnon,M,Midfield,last_10,9,2024-06-07,2026-08-07,ATL|CAN|CHA|OUT|RED|WHP,CHA|RED|WHP,12,9,7,1,8,3,37,20,10,0,0,0,0,0.0,9,6,0,0,0,0,0,0,2,1.5,7,161,118,0.21621621621621623,0.5405405405405406,,,1.3333333333333333,1.0,0.7777777777777778,0.1111111111111111,0.8888888888888888,0.3333333333333333,4.111111111111111,2.2222222222222223,1.1111111111111112,0.0,0.0,0.0,0.0,0.0,1.0,0.6666666666666666,0.0,0.0,0.0,0.0,0.0,0.0,0.2222222222222222,0.16666666666666666,0.7777777777777778,17.88888888888889,13.11111111111111
003092,Josh Zawada,A,Attack,last_10,10,2024-08-10,2025-08-09,ARC|ATL|CAN|CHA|OUT|RED|WAT,CHA|OUT,17,9,9,0,9,8,37,24,0,0,0,0,0,0.0,13,15,1,0,0,0,0,0,2,1.5,35,351,299,0.24324324324324326,0.6486486486486487,,,1.7,0.9,0.9,0.0,0.9,0.8,3.7,2.4,0.0,0.0,0.0,0.0,0.0,0.0,1.3,1.5,0.1,0.0,0.0,0.0,0.0,0.0,0.2,0.15,3.5,35.1,29.9
003093,Ross Scott,M,Midfield,last_10,10,2026-05-31,2026-08-08,ARC|CAN|OUT|RED|WAT|WHP,CHA,22,14,14,0,14,8,32,26,0,0,0,0,0,0.0,7,16,1,0,0,0,0,0,0,0.0,26,225,177,0.4375,0.8125,,,2.2,1.4,1.4,0.0,1.4,0.8,3.2,2.6,0.0,0.0,0.0,0.0,0.0,0.0,0.7,1.6,0.1,0.0,0.0,0.0,0.0,0.0,0.0,0.0,2.6,22.5,17.7
003094,Levi Anderson,M,Midfield,last_10,10,2025-08-09,2026-08-02,ARC|CAN|CHA|OUT|RED|WAT|WHP,ATL|WHP,12,10,6,2,8,2,37,20,3,0,0,0,0,0.0,9,9,0,0,0,0,0,0,2,1.0,11,135,89,0.21621621621621623,0.5405405405405406,,,1.2,1.0,0.6,0.2,0.8,0.2,3.7,2.0,0.3,0.0,0.0,0.0,0.0,0.0,0.9,0.9,0.0,0.0,0.0,0.0,0.0,0.0,0.2,0.1,1.1,13.5,8.9
003095,Stephen Zupicich,LSM,Long Stick Midfield,last_10,3,2024-06-02,2024-06-28,ATL|CAN,WHP,1,0,0,0,0,1,1,0,1,0,0,0,0,0.0,2,1,0,0,0,0,0,0,0,0.0,1,7,5,0.0,0.0,,,0.3333333333333333,0.0,0.0,0.0,0.0,0.3333333333333333,0.3333333333333333,0.0,0.3333333333333333,0.0,0.0,0.0,0.0,0.0,0.6666666666666666,0.3333333333333333,0.0,0.0,0.0,0.0,0.0,0.0,0.0,0.0,0.3333333333333333,2.3333333333333335,1.6666666666666667
003096,Marcus Hudgins,D,Defense,last_10,10,2026-05-31,2026-08-16,ARC|ATL|CAN|CHA|OUT|RED|WHP,WAT,1,0,0,0,0,1,1,1,0,0,0,0,0,0.0,15,3,7,0,0,0,0,0,0,0.0,2,42,38,0.0,1.0,,,0.1,0.0,0.0,0.0,0.0,0.1,0.1,0.1,0.0,0.0,0.0,0.0,0.0,0.0,1.5,0.3,0.7,0.0,0.0,0.0,0.0,0.0,0.0,0.0,0.2,4.2,3.8
003097,Colby Barsz,D,Defense,last_10,2,2024-06-08,2024-08-18,OUT,ARC,0,0,0,0,0,0,0,0,0,0,0,0,0,0.0,5,2,1,0,0,0,0,0,0,0.0,0,6,4,,,,,0.0,0.0,0.0,0.0,0.0,0.0,0.0,0.0,0.0,0.0,0.0,0.0,0.0,0.0,2.5,1.0,0.5,0.0,0.0,0.0,0.0,0.0,0.0,0.0,0.0,3.0,2.0
003098,Luke Wierman,FO,Faceoff,last_10,10,2026-05-30,2026-08-16,ARC|ATL|CAN|CHA|RED|WAT|WHP,OUT,4,1,1,0,1,3,11,5,2,0,0,0,0,0.0,64,8,2,129,116,248,0,0,1,0.5,4,81,62,0.09090909090909091,0.45454545454545453,0.5201612903225806,,0.4,0.1,0.1,0.0,0.1,0.3,1.1,0.5,0.2,0.0,0.0,0.0,0.0,0.0,6.4,0.8,0.2,12.9,11.6,24.8,0.0,0.0,0.1,0.05,0.4,8.1,6.2
003099,Tyler Carpenter,LSM,Long Stick Midfield,last_10,10,2026-05-30,2026-08-15,ARC|CAN|OUT|RED|WAT|WHP,ATL,1,1,1,0,1,0,3,2,1,0,0,0,0,0.0,21,3,6,0,0,0,0,0,1,1.0,3,51,45,0.3333333333333333,0.6666666666666666,,,0.1,0.1,0.1,0.0,0.1,0.0,0.3,0.2,0.1,0.0,0.0,0.0,0.0,0.0,2.1,0.3,0.6,0.0,0.0,0.0,0.0,0.0,0.1,0.1,0.3,5.1,4.5
003100,Adam Poitras,M,Midfield,last_10,10,2026-05-29,2026-08-16,ARC|ATL|CAN|CHA|OUT|RED|WAT,WHP,21,19,19,0,19,2,35,30,1,0,0,0,0,0.0,28,5,2,0,0,0,0,0,2,1.0,4,225,185,0.5428571428571428,0.8571428571428571,,,2.1,1.9,1.9,0.0,1.9,0.2,3.5,3.0,0.1,0.0,0.0,0.0,0.0,0.0,2.8,0.5,0.2,0.0,0.0,0.0,0.0,0.0,0.2,0.1,0.4,22.5,18.5
003101,Dylan Hess,SSDM,Defensive Midfield,last_10,10,2025-06-13,2026-05-09,ARC|ATL|CAN|CHA|OUT|RED|WHP,WAT,3,2,2,0,2,1,7,4,2,0,0,0,0,0.0,14,0,4,0,5,5,0,0,0,0.0,6,73,66,0.2857142857142857,0.5714285714285714,0.0,,0.3,0.2,0.2,0.0,0.2,0.1,0.7,0.4,0.2,0.0,0.0,0.0,0.0,0.0,1.4,0.0,0.4,0.0,0.5,0.5,0.0,0.0,0.0,0.0,0.6,7.3,6.6
003102,Chayse Ierlan,G,Goalie,last_10,10,2025-05-31,2025-08-08,ARC|ATL|CAN|CHA|OUT|WAT|WHP,RED,0,0,0,0,0,0,1,0,1,119,38,81,130,130.0,11,3,2,0,0,0,121,9,0,0.0,1,135,131,0.0,0.0,,0.9153846153846154,0.0,0.0,0.0,0.0,0.0,0.0,0.1,0.0,0.1,11.9,3.8,8.1,13.0,13.0,1.1,0.3,0.2,0.0,0.0,0.0,12.1,0.9,0.0,0.0,0.1,13.5,13.1
003103,Scott Smith,D,Defense,last_10,10,2026-05-31,2026-08-08,ARC|CAN|OUT|RED|WAT|WHP,CHA,3,1,1,0,1,2,5,3,3,0,0,0,0,0.0,26,3,9,0,0,0,0,0,5,5.5,4,62,54,0.2,0.6,,,0.3,0.1,0.1,0.0,0.1,0.2,0.5,0.3,0.3,0.0,0.0,0.0,0.0,0.0,2.6,0.3,0.9,0.0,0.0,0.0,0.0,0.0,0.5,0.55,0.4,6.2,5.4
003104,Michael Boehm,A,Attack,last_10,8,2024-08-10,2026-08-16,ARC|ATL|CAN|OUT|RED|WAT,RED|WAT|WHP,17,5,5,0,5,12,29,16,2,0,0,0,0,0.0,13,12,0,0,0,0,0,0,0,0.0,23,240,199,0.1724137931034483,0.5517241379310345,,,2.125,0.625,0.625,0.0,0.625,1.5,3.625,2.0,0.25,0.0,0.0,0.0,0.0,0.0,1.625,1.5,0.0,0.0,0.0,0.0,0.0,0.0,0.0,0.0,2.875,30.0,24.875
003105,Cole Kastner,D,Defense,last_10,10,2025-06-28,2026-08-16,ARC|ATL|CAN|CHA|OUT|WHP,RED,0,0,0,0,0,0,0,0,0,0,0,0,0,0.0,7,1,11,0,0,0,0,0,0,0.0,2,47,46,,,,,0.0,0.0,0.0,0.0,0.0,0.0,0.0,0.0,0.0,0.0,0.0,0.0,0.0,0.0,0.7,0.1,1.1,0.0,0.0,0.0,0.0,0.0,0.0,0.0,0.2,4.7,4.6
003106,Dalton Young,M,Midfield,last_10,10,2026-05-30,2026-08-16,ARC|ATL|CAN|CHA|RED|WAT|WHP,OUT,25,15,15,0,15,10,37,30,0,0,0,0,0,0.0,9,24,0,0,0,0,0,0,0,0.0,18,248,187,0.40540540540540543,0.8108108108108109,,,2.5,1.5,1.5,0.0,1.5,1.0,3.7,3.0,0.0,0.0,0.0,0.0,0.0,0.0,0.9,2.4,0.0,0.0,0.0,0.0,0.0,0.0,0.0,0.0,1.8,24.8,18.7
003108,Will Mark,G,Goalie,last_10,4,2025-05-31,2026-08-08,CAN|OUT|RED|WHP,ATL,0,0,0,0,0,0,0,0,0,7,2,5,3,6.0,4,0,1,0,0,0,3,0,0,0.0,0,6,6,,,,1.1666666666666667,0.0,0.0,0.0,0.0,0.0,0.0,0.0,0.0,0.0,1.75,0.5,1.25,0.75,1.5,1.0,0.0,0.25,0.0,0.0,0.0,0.75,0.0,0.0,0.0,0.0,1.5,1.5
003109,Chris Conlin,D,Defense,last_10,10,2026-06-06,2026-08-16,ARC|ATL|CAN|CHA|OUT|WAT|WHP,RED,1,0,0,0,0,1,0,0,0,0,0,0,0,0.0,20,2,9,0,0,0,0,0,0,0.0,1,72,70,,,,,0.1,0.0,0.0,0.0,0.0,0.1,0.0,0.0,0.0,0.0,0.0,0.0,0.0,0.0,2.0,0.2,0.9,0.0,0.0,0.0,0.0,0.0,0.0,0.0,0.1,7.2,7.0
003110,Carter Parlette,SSDM,Defensive Midfield,last_10,1,2025-06-28,2025-06-28,WAT,RED,0,0,0,0,0,0,0,0,0,0,0,0,0,0.0,1,0,0,0,0,0,0,0,0,0.0,0,5,5,,,,,0.0,0.0,0.0,0.0,0.0,0.0,0.0,0.0,0.0,0.0,0.0,0.0,0.0,0.0,1.0,0.0,0.0,0.0,0.0,0.0,0.0,0.0,0.0,0.0,0.0,5.0,5.0
003111,AJ Mercurio,D,Defense,last_10,2,2024-08-03,2026-05-09,WAT|WHP,WAT|WHP,0,0,0,0,0,0,0,0,0,0,0,0,0,0.0,0,1,2,0,0,0,0,0,0,0.0,1,6,5,,,,,0.0,0.0,0.0,0.0,0.0,0.0,0.0,0.0,0.0,0.0,0.0,0.0,0.0,0.0,0.0,0.5,1.0,0.0,0.0,0.0,0.0,0.0,0.0,0.0,0.5,3.0,2.5
003112,Jack DiBenedetto,D,Defense,last_10,4,2024-06-01,2025-08-02,ATL|CAN|CHA|WAT,ARC|WAT,0,0,0,0,0,0,0,0,0,0,0,0,0,0.0,5,2,2,0,0,0,0,0,0,0.0,0,17,15,,,,,0.0,0.0,0.0,0.0,0.0,0.0,0.0,0.0,0.0,0.0,0.0,0.0,0.0,0.0,1.25,0.5,0.5,0.0,0.0,0.0,0.0,0.0,0.0,0.0,0.0,4.25,3.75
003114,Saam Olexo,LSM,Long Stick Midfield,last_10,1,2024-08-18,2024-08-18,ARC,OUT,0,0,0,0,0,0,0,0,0,0,0,0,0,0.0,1,0,1,0,0,0,0,0,2,1.5,0,1,1,,,,,0.0,0.0,0.0,0.0,0.0,0.0,0.0,0.0,0.0,0.0,0.0,0.0,0.0,0.0,1.0,0.0,1.0,0.0,0.0,0.0,0.0,0.0,2.0,1.5,0.0,1.0,1.0
003115,Payton Cormier,A,Attack,last_10,2,2024-06-28,2024-08-17,WAT|WHP,ATL,6,5,5,0,5,1,11,9,1,0,0,0,0,0.0,2,1,0,0,0,0,0,0,0,0.0,5,27,15,0.45454545454545453,0.8181818181818182,,,3.0,2.5,2.5,0.0,2.5,0.5,5.5,4.5,0.5,0.0,0.0,0.0,0.0,0.0,1.0,0.5,0.0,0.0,0.0,0.0,0.0,0.0,0.0,0.0,2.5,13.5,7.5
003119,Alec Stathakis,FO,Faceoff,last_10,10,2025-07-26,2026-08-16,ARC|ATL|CAN|CHA|OUT|RED|WHP,WAT,1,1,1,0,1,0,12,3,5,0,0,0,0,0.0,59,7,1,139,118,260,0,0,0,0.0,1,76,57,0.08333333333333333,0.25,0.5346153846153846,,0.1,0.1,0.1,0.0,0.1,0.0,1.2,0.3,0.5,0.0,0.0,0.0,0.0,0.0,5.9,0.7,0.1,13.9,11.8,26.0,0.0,0.0,0.0,0.0,0.1,7.6,5.7
003120,Jack VanOverbeke,M,Midfield,last_10,8,2024-08-17,2025-07-13,ARC|CHA|OUT|RED|WAT|WHP,ARC|OUT,8,4,4,0,4,4,23,14,0,0,0,0,0,0.0,5,6,0,0,0,0,0,0,0,0.0,10,106,77,0.17391304347826086,0.6086956521739131,,,1.0,0.5,0.5,0.0,0.5,0.5,2.875,1.75,0.0,0.0,0.0,0.0,0.0,0.0,0.625,0.75,0.0,0.0,0.0,0.0,0.0,0.0,0.0,0.0,1.25,13.25,9.625
003121,Brayden Mayea,A,Attack,last_10,6,2024-06-30,2026-07-10,ARC|OUT|RED|WAT|WHP,CHA|RED,6,6,6,0,6,0,22,13,0,0,0,0,0,0.0,10,6,1,0,0,0,0,0,2,1.0,5,95,67,0.2727272727272727,0.5909090909090909,,,1.0,1.0,1.0,0.0,1.0,0.0,3.6666666666666665,2.1666666666666665,0.0,0.0,0.0,0.0,0.0,0.0,1.6666666666666667,1.0,0.16666666666666666,0.0,0.0,0.0,0.0,0.0,0.3333333333333333,0.16666666666666666,0.8333333333333334,15.833333333333334,11.166666666666666
003125,Matt Knote,G,Goalie,last_10,2,2025-08-03,2026-06-27,OUT|WHP,RED|WHP,0,0,0,0,0,0,0,0,0,0,0,0,0,0.0,0,0,0,0,0,0,0,0,0,0.0,0,2,2,,,,,0.0,0.0,0.0,0.0,0.0,0.0,0.0,0.0,0.0,0.0,0.0,0.0,0.0,0.0,0.0,0.0,0.0,0.0,0.0,0.0,0.0,0.0,0.0,0.0,0.0,1.0,1.0
003126,Mike Robinson,A,Attack,last_10,1,2024-06-29,2024-06-29,ARC,CAN,0,0,0,0,0,0,1,1,0,0,0,0,0,0.0,3,2,0,0,0,0,0,0,0,0.0,0,24,21,0.0,1.0,,,0.0,0.0,0.0,0.0,0.0,0.0,1.0,1.0,0.0,0.0,0.0,0.0,0.0,0.0,3.0,2.0,0.0,0.0,0.0,0.0,0.0,0.0,0.0,0.0,0.0,24.0,21.0
003128,Jack Posey,D,Defense,last_10,10,2025-06-07,2026-08-16,ARC|ATL|CAN|CHA|OUT|RED|WAT|WHP,CHA|WHP,1,0,0,0,0,1,2,2,2,0,0,0,0,0.0,11,4,8,0,0,0,0,0,3,4.0,1,30,24,0.0,1.0,,,0.1,0.0,0.0,0.0,0.0,0.1,0.2,0.2,0.2,0.0,0.0,0.0,0.0,0.0,1.1,0.4,0.8,0.0,0.0,0.0,0.0,0.0,0.3,0.4,0.1,3.0,2.4
003136,Jake Naso,FO,Faceoff,last_10,4,2025-07-12,2025-07-27,CHA|OUT|RED|WAT,ARC,0,0,0,0,0,0,4,1,1,0,0,0,0,0.0,14,2,0,30,59,90,0,0,1,0.5,0,15,9,0.0,0.25,0.3333333333333333,,0.0,0.0,0.0,0.0,0.0,0.0,1.0,0.25,0.25,0.0,0.0,0.0,0.0,0.0,3.5,0.5,0.0,7.5,14.75,22.5,0.0,0.0,0.25,0.125,0.0,3.75,2.25
003142,Jack Koras,M,Midfield,last_10,6,2024-06-16,2024-08-10,ARC|ATL|CAN|OUT|RED|WAT,WHP,5,4,4,0,4,1,15,11,0,0,0,0,0,0.0,17,1,4,0,0,0,0,0,1,0.5,4,78,62,0.26666666666666666,0.7333333333333333,,,0.8333333333333334,0.6666666666666666,0.6666666666666666,0.0,0.6666666666666666,0.16666666666666666,2.5,1.8333333333333333,0.0,0.0,0.0,0.0,0.0,0.0,2.8333333333333335,0.16666666666666666,0.6666666666666666,0.0,0.0,0.0,0.0,0.0,0.16666666666666666,0.08333333333333333,0.6666666666666666,13.0,10.333333333333334
003143,Logan McGovern,M,Midfield,last_10,3,2024-07-20,2024-08-17,CAN|WAT,ATL,3,3,3,0,3,0,11,9,0,0,0,0,0,0.0,4,3,0,0,0,0,0,0,1,0.5,4,59,45,0.2727272727272727,0.8181818181818182,,,1.0,1.0,1.0,0.0,1.0,0.0,3.6666666666666665,3.0,0.0,0.0,0.0,0.0,0.0,0.0,1.3333333333333333,1.0,0.0,0.0,0.0,0.0,0.0,0.0,0.3333333333333333,0.16666666666666666,1.3333333333333333,19.666666666666668,15.0
003145,JC Higginbotham,G,Goalie,last_10,6,2026-06-07,2026-08-09,ARC|CHA|RED|WAT|WHP,CAN,0,0,0,0,0,0,1,0,1,42,14,28,31,35.42932998596101,7,2,0,0,0,0,31,0,0,0.0,0,39,36,0.0,0.0,,1.1854584892416153,0.0,0.0,0.0,0.0,0.0,0.0,0.16666666666666666,0.0,0.16666666666666666,7.0,2.3333333333333335,4.666666666666667,5.166666666666667,5.904888330993502,1.1666666666666667,0.3333333333333333,0.0,0.0,0.0,0.0,5.166666666666667,0.0,0.0,0.0,0.0,6.5,6.0
003149,JJ Sillstrop,M,Midfield,last_10,10,2025-05-30,2025-08-09,ARC|ATL|CAN|OUT|RED|WAT|WHP,CHA,8,5,5,0,5,3,22,18,0,0,0,0,0,0.0,3,9,2,0,0,0,0,0,0,0.0,12,141,110,0.22727272727272727,0.8181818181818182,,,0.8,0.5,0.5,0.0,0.5,0.3,2.2,1.8,0.0,0.0,0.0,0.0,0.0,0.0,0.3,0.9,0.2,0.0,0.0,0.0,0.0,0.0,0.0,0.0,1.2,14.1,11.0
003151,Nathan Laliberte,FO,Faceoff,last_10,4,2026-05-09,2026-06-21,CAN|CHA|WHP,ATL,2,1,1,0,1,1,7,2,2,0,0,0,0,0.0,21,5,2,48,57,105,0,0,2,1.5,2,21,9,0.14285714285714285,0.2857142857142857,0.45714285714285713,,0.5,0.25,0.25,0.0,0.25,0.25,1.75,0.5,0.5,0.0,0.0,0.0,0.0,0.0,5.25,1.25,0.5,12.0,14.25,26.25,0.0,0.0,0.5,0.375,0.5,5.25,2.25
003152,James Shipley,SSDM,Defensive Midfield,last_10,2,2026-05-09,2026-07-12,CHA|WAT,WHP,1,0,0,0,0,1,0,0,0,0,0,0,0,0.0,3,2,1,0,2,2,0,0,0,0.0,2,21,19,,,0.0,,0.5,0.0,0.0,0.0,0.0,0.5,0.0,0.0,0.0,0.0,0.0,0.0,0.0,0.0,1.5,1.0,0.5,0.0,1.0,1.0,0.0,0.0,0.0,0.0,1.0,10.5,9.5
003153,Richie Connell,A,Attack,last_10,5,2026-07-12,2026-08-07,ARC|CAN|CHA|OUT|RED,WHP,5,5,5,0,5,0,19,8,0,0,0,0,0,0.0,2,6,0,0,0,0,0,0,0,0.0,6,84,59,0.2631578947368421,0.42105263157894735,,,1.0,1.0,1.0,0.0,1.0,0.0,3.8,1.6,0.0,0.0,0.0,0.0,0.0,0.0,0.4,1.2,0.0,0.0,0.0,0.0,0.0,0.0,0.0,0.0,1.2,16.8,11.8
003156,Aidan Danenza,M,Midfield,last_10,10,2026-06-06,2026-08-16,ARC|ATL|CAN|CHA|OUT|WAT|WHP,RED,16,6,6,0,6,10,41,27,6,0,0,0,0,0.0,8,8,4,0,0,0,0,0,1,0.5,17,236,187,0.14634146341463414,0.6585365853658537,,,1.6,0.6,0.6,0.0,0.6,1.0,4.1,2.7,0.6,0.0,0.0,0.0,0.0,0.0,0.8,0.8,0.4,0.0,0.0,0.0,0.0,0.0,0.1,0.05,1.7,23.6,18.7
003157,Graydon Hogg,M,Midfield,last_10,10,2026-05-17,2026-08-09,ARC|ATL|CHA|OUT|RED|WAT|WHP,CAN,14,11,11,0,11,3,40,27,0,0,0,0,0,0.0,9,4,0,0,0,0,0,0,1,1.0,6,197,153,0.275,0.675,,,1.4,1.1,1.1,0.0,1.1,0.3,4.0,2.7,0.0,0.0,0.0,0.0,0.0,0.0,0.9,0.4,0.0,0.0,0.0,0.0,0.0,0.0,0.1,0.1,0.6,19.7,15.3
003159,CJ Kirst,A,Attack,last_10,10,2026-05-31,2026-08-16,ARC|ATL|CAN|CHA|OUT|RED|WHP,WAT,39,34,34,0,34,5,84,60,1,0,0,0,0,0.0,16,14,4,0,0,0,0,0,1,0.5,40,351,253,0.40476190476190477,0.7142857142857143,,,3.9,3.4,3.4,0.0,3.4,0.5,8.4,6.0,0.1,0.0,0.0,0.0,0.0,0.0,1.6,1.4,0.4,0.0,0.0,0.0,0.0,0.0,0.1,0.05,4.0,35.1,25.3
003160,Andrew McAdorey,M,Midfield,last_10,10,2026-06-06,2026-08-16,ARC|ATL|CAN|CHA|OUT|WAT|WHP,RED,20,15,13,1,14,5,52,26,5,0,0,0,0,0.0,8,11,0,1,5,6,0,0,1,0.5,19,274,211,0.2692307692307692,0.5,0.16666666666666666,,2.0,1.5,1.3,0.1,1.4,0.5,5.2,2.6,0.5,0.0,0.0,0.0,0.0,0.0,0.8,1.1,0.0,0.1,0.5,0.6,0.0,0.0,0.1,0.05,1.9,27.4,21.1
003161,Sam English,M,Midfield,last_10,10,2026-06-06,2026-08-16,ARC|ATL|CAN|CHA|OUT|WAT|WHP,RED,16,11,11,0,11,5,43,27,2,0,0,0,0,0.0,27,14,2,0,2,2,0,0,0,0.0,16,183,126,0.2558139534883721,0.627906976744186,0.0,,1.6,1.1,1.1,0.0,1.1,0.5,4.3,2.7,0.2,0.0,0.0,0.0,0.0,0.0,2.7,1.4,0.2,0.0,0.2,0.2,0.0,0.0,0.0,0.0,1.6,18.3,12.6
003162,Coulter Mackesy,A,Attack,last_10,10,2026-05-29,2026-08-09,ARC|ATL|CHA|OUT|RED|WAT|WHP,CAN,28,16,14,1,15,12,68,45,7,0,0,0,0,0.0,21,12,1,0,0,0,0,0,4,2.5,37,405,325,0.22058823529411764,0.6617647058823529,,,2.8,1.6,1.4,0.1,1.5,1.2,6.8,4.5,0.7,0.0,0.0,0.0,0.0,0.0,2.1,1.2,0.1,0.0,0.0,0.0,0.0,0.0,0.4,0.25,3.7,40.5,32.5
003163,Brendan Lavelle,D,Defense,last_10,10,2026-05-30,2026-08-08,ATL|CAN|CHA|OUT|RED|WAT|WHP,ARC,0,0,0,0,0,0,0,0,0,0,0,0,0,0.0,30,4,13,0,0,0,0,0,3,3.0,0,62,58,,,,,0.0,0.0,0.0,0.0,0.0,0.0,0.0,0.0,0.0,0.0,0.0,0.0,0.0,0.0,3.0,0.4,1.3,0.0,0.0,0.0,0.0,0.0,0.3,0.3,0.0,6.2,5.8
003164,Matt Traynor,M,Midfield,last_10,10,2026-05-16,2026-08-15,ARC|CAN|OUT|RED|WAT|WHP,ATL,25,19,19,0,19,6,64,47,3,0,0,0,0,0.0,11,22,1,0,0,0,0,0,1,0.5,29,245,159,0.296875,0.734375,,,2.5,1.9,1.9,0.0,1.9,0.6,6.4,4.7,0.3,0.0,0.0,0.0,0.0,0.0,1.1,2.2,0.1,0.0,0.0,0.0,0.0,0.0,0.1,0.05,2.9,24.5,15.9
003165,Aidan Carroll,M,Midfield,last_10,10,2026-05-29,2026-08-16,ARC|ATL|CAN|CHA|OUT|RED|WAT,WHP,26,22,22,0,22,4,65,39,5,0,0,0,0,0.0,9,10,1,0,0,0,0,0,0,0.0,13,315,240,0.3384615384615385,0.6,,,2.6,2.2,2.2,0.0,2.2,0.4,6.5,3.9,0.5,0.0,0.0,0.0,0.0,0.0,0.9,1.0,0.1,0.0,0.0,0.0,0.0,0.0,0.0,0.0,1.3,31.5,24.0
003166,Owen Hiltz,A,Attack,last_10,10,2026-05-31,2026-08-08,ARC|CAN|OUT|RED|WAT|WHP,CHA,18,12,12,0,12,6,49,25,1,0,0,0,0,0.0,11,13,2,0,0,0,0,0,1,0.5,19,251,189,0.24489795918367346,0.5102040816326531,,,1.8,1.2,1.2,0.0,1.2,0.6,4.9,2.5,0.1,0.0,0.0,0.0,0.0,0.0,1.1,1.3,0.2,0.0,0.0,0.0,0.0,0.0,0.1,0.05,1.9,25.1,18.9
003167,Jake Taylor,A,Attack,last_10,10,2025-06-21,2026-08-16,ARC|ATL|CAN|CHA|RED|WHP,OUT|WAT,14,9,9,0,9,5,34,22,0,0,0,0,0,0.0,15,9,1,0,0,0,0,0,0,0.0,7,109,66,0.2647058823529412,0.6470588235294118,,,1.4,0.9,0.9,0.0,0.9,0.5,3.4,2.2,0.0,0.0,0.0,0.0,0.0,0.0,1.5,0.9,0.1,0.0,0.0,0.0,0.0,0.0,0.0,0.0,0.7,10.9,6.6
003168,Chris Kavanagh,A,Attack,last_10,10,2026-06-06,2026-08-16,ARC|ATL|CAN|CHA|OUT|WAT|WHP,RED,34,24,22,1,23,10,68,49,10,0,0,0,0,0.0,11,14,2,0,0,0,0,0,2,1.5,39,341,259,0.3382352941176471,0.7205882352941176,,,3.4,2.4,2.2,0.1,2.3,1.0,6.8,4.9,1.0,0.0,0.0,0.0,0.0,0.0,1.1,1.4,0.2,0.0,0.0,0.0,0.0,0.0,0.2,0.15,3.9,34.1,25.9
003169,Logan McNaney,G,Goalie,last_10,10,2026-05-16,2026-08-16,ARC|ATL|CAN|CHA|RED|WAT|WHP,OUT,0,0,0,0,0,0,2,2,2,97,60,37,108,139.9564616447823,17,3,6,0,0,0,100,8,0,0.0,0,167,162,0.0,1.0,,0.6930726803181955,0.0,0.0,0.0,0.0,0.0,0.0,0.2,0.2,0.2,9.7,6.0,3.7,10.8,13.99564616447823,1.7,0.3,0.6,0.0,0.0,0.0,10.0,0.8,0.0,0.0,0.0,16.7,16.2
003170,Mic Kelly,M,Midfield,last_10,10,2026-05-17,2026-08-09,ARC|ATL|OUT|RED|WAT|WHP,CAN,18,11,9,1,10,7,50,34,6,0,0,0,0,0.0,5,9,2,0,0,0,0,0,2,2.0,26,269,210,0.2,0.68,,,1.8,1.1,0.9,0.1,1.0,0.7,5.0,3.4,0.6,0.0,0.0,0.0,0.0,0.0,0.5,0.9,0.2,0.0,0.0,0.0,0.0,0.0,0.2,0.2,2.6,26.9,21.0
003171,Levi Verch,LSM,Long Stick Midfield,last_10,10,2025-05-30,2025-08-09,ARC|ATL|CAN|OUT|RED|WAT|WHP,CHA,0,0,0,0,0,0,3,1,2,0,0,0,0,0.0,20,5,4,0,0,0,0,0,1,1.0,1,51,43,0.0,0.3333333333333333,,,0.0,0.0,0.0,0.0,0.0,0.0,0.3,0.1,0.2,0.0,0.0,0.0,0.0,0.0,2.0,0.5,0.4,0.0,0.0,0.0,0.0,0.0,0.1,0.1,0.1,5.1,4.3
003172,Max Krevsky,SSDM,Defensive Midfield,last_10,10,2025-08-09,2026-08-15,ARC|CAN|CHA|OUT|RED|WAT|WHP,ATL,3,1,1,0,1,2,14,5,2,0,0,0,0,0.0,13,5,8,0,10,10,0,0,3,3.0,8,80,61,0.07142857142857142,0.35714285714285715,0.0,,0.3,0.1,0.1,0.0,0.1,0.2,1.4,0.5,0.2,0.0,0.0,0.0,0.0,0.0,1.3,0.5,0.8,0.0,1.0,1.0,0.0,0.0,0.3,0.3,0.8,8.0,6.1
003173,Jack McDonald,LSM,Long Stick Midfield,last_10,10,2025-08-09,2026-08-07,ARC|ATL|CAN|OUT|RED|WAT,WHP,0,0,0,0,0,0,2,2,0,0,0,0,0,0.0,11,1,5,0,0,0,0,0,2,2.0,2,34,31,0.0,1.0,,,0.0,0.0,0.0,0.0,0.0,0.0,0.2,0.2,0.0,0.0,0.0,0.0,0.0,0.0,1.1,0.1,0.5,0.0,0.0,0.0,0.0,0.0,0.2,0.2,0.2,3.4,3.1
003174,Sam King,M,Midfield,last_10,10,2026-05-30,2026-08-08,ATL|CAN|CHA|OUT|RED|WAT|WHP,ARC,28,20,20,0,20,8,70,39,1,0,0,0,0,0.0,16,19,1,0,0,0,0,0,1,0.5,30,331,242,0.2857142857142857,0.5571428571428572,,,2.8,2.0,2.0,0.0,2.0,0.8,7.0,3.9,0.1,0.0,0.0,0.0,0.0,0.0,1.6,1.9,0.1,0.0,0.0,0.0,0.0,0.0,0.1,0.05,3.0,33.1,24.2
003176,Emmet Carroll,G,Goalie,last_10,10,2026-05-29,2026-08-16,ARC|ATL|CAN|CHA|OUT|RED|WAT,WHP,0,0,0,0,0,0,2,0,2,136,50,86,113,112.81768334475669,19,3,2,0,0,0,107,6,0,0.0,1,191,186,0.0,0.0,,1.2054847783427804,0.0,0.0,0.0,0.0,0.0,0.0,0.2,0.0,0.2,13.6,5.0,8.6,11.3,11.281768334475668,1.9,0.3,0.2,0.0,0.0,0.0,10.7,0.6,0.0,0.0,0.1,19.1,18.6
003177,Mitchell Dunham,D,Defense,last_10,10,2026-05-30,2026-08-08,ATL|CAN|CHA|OUT|RED|WAT|WHP,ARC,1,0,0,0,0,1,1,0,1,0,0,0,0,0.0,19,0,4,0,0,0,0,0,4,5.0,2,32,31,0.0,0.0,,,0.1,0.0,0.0,0.0,0.0,0.1,0.1,0.0,0.1,0.0,0.0,0.0,0.0,0.0,1.9,0.0,0.4,0.0,0.0,0.0,0.0,0.0,0.4,0.5,0.2,3.2,3.1
003178,Michael Grace,LSM,Long Stick Midfield,last_10,8,2025-06-14,2025-08-09,ARC|CAN|OUT|RED|WAT|WHP,ATL,10,6,2,2,4,4,6,5,4,0,0,0,0,0.0,18,1,6,0,0,0,0,0,1,1.0,8,58,51,0.6666666666666666,0.8333333333333334,,,1.25,0.75,0.25,0.25,0.5,0.5,0.75,0.625,0.5,0.0,0.0,0.0,0.0,0.0,2.25,0.125,0.75,0.0,0.0,0.0,0.0,0.0,0.125,0.125,1.0,7.25,6.375
003179,Ben Wayer,LSM,Long Stick Midfield,last_10,10,2025-06-21,2026-06-07,ARC|ATL|CAN|CHA|RED|WHP,WAT,5,3,1,1,2,2,14,5,10,0,0,0,0,0.0,25,5,9,0,0,0,0,0,3,2.5,5,79,60,0.14285714285714285,0.35714285714285715,,,0.5,0.3,0.1,0.1,0.2,0.2,1.4,0.5,1.0,0.0,0.0,0.0,0.0,0.0,2.5,0.5,0.9,0.0,0.0,0.0,0.0,0.0,0.3,0.25,0.5,7.9,6.0
003180,Christian Mazur,SSDM,Defensive Midfield,last_10,10,2025-06-07,2026-08-16,ATL|CAN|CHA|OUT|RED|WAT,WHP,2,2,2,0,2,0,5,3,1,0,0,0,0,0.0,11,1,4,0,1,1,0,0,1,0.5,3,69,63,0.4,0.6,0.0,,0.2,0.2,0.2,0.0,0.2,0.0,0.5,0.3,0.1,0.0,0.0,0.0,0.0,0.0,1.1,0.1,0.4,0.0,0.1,0.1,0.0,0.0,0.1,0.05,0.3,6.9,6.3
003181,Jimmy Freehill,D,Defense,last_10,10,2026-05-31,2026-08-16,ARC|ATL|CAN|CHA|OUT|RED|WHP,WAT,5,4,0,2,2,1,12,7,12,0,0,0,0,0.0,10,3,6,0,0,0,0,0,3,2.5,2,48,33,0.16666666666666666,0.5833333333333334,,,0.5,0.4,0.0,0.2,0.2,0.1,1.2,0.7,1.2,0.0,0.0,0.0,0.0,0.0,1.0,0.3,0.6,0.0,0.0,0.0,0.0,0.0,0.3,0.25,0.2,4.8,3.3
003182,Kevin Parnham,D,Defense,last_10,4,2026-05-09,2026-08-16,ARC|ATL|RED|WAT,OUT,0,0,0,0,0,0,1,0,1,0,0,0,0,0.0,5,0,3,0,0,0,0,0,1,1.0,0,37,36,0.0,0.0,,,0.0,0.0,0.0,0.0,0.0,0.0,0.25,0.0,0.25,0.0,0.0,0.0,0.0,0.0,1.25,0.0,0.75,0.0,0.0,0.0,0.0,0.0,0.25,0.25,0.0,9.25,9.0
003183,Jack Gray,SSDM,Defensive Midfield,last_10,10,2026-05-09,2026-08-16,ARC|ATL|CHA|RED|WAT|WHP,OUT,0,0,0,0,0,0,2,1,0,0,0,0,0,0.0,6,3,3,1,6,7,0,0,5,3.0,1,26,21,0.0,0.5,0.14285714285714285,,0.0,0.0,0.0,0.0,0.0,0.0,0.2,0.1,0.0,0.0,0.0,0.0,0.0,0.0,0.6,0.3,0.3,0.1,0.6,0.7,0.0,0.0,0.5,0.3,0.1,2.6,2.1
003184,Ben Ramsey,SSDM,Defensive Midfield,last_10,10,2026-05-29,2026-08-09,ARC|ATL|CHA|OUT|RED|WAT|WHP,CAN,1,1,1,0,1,0,4,3,1,0,0,0,0,0.0,16,2,4,0,0,0,0,0,2,1.0,5,82,76,0.25,0.75,,,0.1,0.1,0.1,0.0,0.1,0.0,0.4,0.3,0.1,0.0,0.0,0.0,0.0,0.0,1.6,0.2,0.4,0.0,0.0,0.0,0.0,0.0,0.2,0.1,0.5,8.2,7.6
003185,Carter Rice,SSDM,Defensive Midfield,last_10,10,2026-05-16,2026-08-09,ARC|ATL|CAN|CHA|OUT|WAT|WHP,RED,0,0,0,0,0,0,0,0,0,0,0,0,0,0.0,5,3,2,0,0,0,0,0,0,0.0,1,51,48,,,,,0.0,0.0,0.0,0.0,0.0,0.0,0.0,0.0,0.0,0.0,0.0,0.0,0.0,0.0,0.5,0.3,0.2,0.0,0.0,0.0,0.0,0.0,0.0,0.0,0.1,5.1,4.8
003186,Hugh Kelleher,M,Midfield,last_10,10,2026-05-30,2026-08-15,ARC|CAN|OUT|RED|WAT|WHP,ATL,15,12,10,1,11,3,41,30,8,0,0,0,0,0.0,12,8,1,0,0,0,0,0,1,0.5,12,169,120,0.2682926829268293,0.7317073170731707,,,1.5,1.2,1.0,0.1,1.1,0.3,4.1,3.0,0.8,0.0,0.0,0.0,0.0,0.0,1.2,0.8,0.1,0.0,0.0,0.0,0.0,0.0,0.1,0.05,1.2,16.9,12.0
003188,Bryce Ford,M,Midfield,last_10,4,2025-05-31,2026-05-09,CAN|CHA|OUT|WHP,ARC,2,2,2,0,2,0,7,3,0,0,0,0,0,0.0,2,3,0,0,0,0,0,0,0,0.0,3,40,30,0.2857142857142857,0.42857142857142855,,,0.5,0.5,0.5,0.0,0.5,0.0,1.75,0.75,0.0,0.0,0.0,0.0,0.0,0.0,0.5,0.75,0.0,0.0,0.0,0.0,0.0,0.0,0.0,0.0,0.75,10.0,7.5
003190,AJ Pilate,D,Defense,last_10,3,2025-06-22,2025-07-13,ARC|RED|WHP,OUT,0,0,0,0,0,0,1,0,0,0,0,0,0,0.0,4,1,1,0,0,0,0,0,0,0.0,0,6,4,0.0,0.0,,,0.0,0.0,0.0,0.0,0.0,0.0,0.3333333333333333,0.0,0.0,0.0,0.0,0.0,0.0,0.0,1.3333333333333333,0.3333333333333333,0.3333333333333333,0.0,0.0,0.0,0.0,0.0,0.0,0.0,0.0,2.0,1.3333333333333333
003192,Jackson Eicher,A,Attack,last_10,10,2026-05-31,2026-08-08,ARC|CAN|OUT|RED|WAT|WHP,CHA,13,9,9,0,9,4,49,27,9,0,0,0,0,0.0,11,14,1,0,0,0,0,0,1,0.5,17,202,139,0.1836734693877551,0.5510204081632653,,,1.3,0.9,0.9,0.0,0.9,0.4,4.9,2.7,0.9,0.0,0.0,0.0,0.0,0.0,1.1,1.4,0.1,0.0,0.0,0.0,0.0,0.0,0.1,0.05,1.7,20.2,13.9
003193,Kyle Aldridge,SSDM,Defensive Midfield,last_10,2,2025-07-26,2025-08-03,ATL|RED,WHP,0,0,0,0,0,0,0,0,0,0,0,0,0,0.0,4,0,1,0,0,0,0,0,0,0.0,0,15,15,,,,,0.0,0.0,0.0,0.0,0.0,0.0,0.0,0.0,0.0,0.0,0.0,0.0,0.0,0.0,2.0,0.0,0.5,0.0,0.0,0.0,0.0,0.0,0.0,0.0,0.0,7.5,7.5
003194,Colin Sharkey,SSDM,Defensive Midfield,last_10,2,2026-05-09,2026-05-09,OUT|RED,ARC,0,0,0,0,0,0,1,1,0,0,0,0,0,0.0,1,0,0,0,0,0,0,0,0,0.0,0,8,7,0.0,1.0,,,0.0,0.0,0.0,0.0,0.0,0.0,0.5,0.5,0.0,0.0,0.0,0.0,0.0,0.0,0.5,0.0,0.0,0.0,0.0,0.0,0.0,0.0,0.0,0.0,0.0,4.0,3.5
003195,Brian Kelly,A,Attack,last_10,10,2026-05-29,2026-08-09,ARC|ATL|CHA|OUT|RED|WAT|WHP,CAN,25,19,19,0,19,6,45,33,1,0,0,0,0,0.0,12,23,1,0,0,0,0,0,2,1.5,20,318,250,0.4222222222222222,0.7333333333333333,,,2.5,1.9,1.9,0.0,1.9,0.6,4.5,3.3,0.1,0.0,0.0,0.0,0.0,0.0,1.2,2.3,0.1,0.0,0.0,0.0,0.0,0.0,0.2,0.15,2.0,31.8,25.0
003203,CK Giancola,M,Midfield,last_10,3,2026-05-09,2026-05-30,OUT|RED|WHP,ARC,4,4,4,0,4,0,16,10,6,0,0,0,0,0.0,5,3,0,0,0,0,0,0,1,0.5,5,87,68,0.25,0.625,,,1.3333333333333333,1.3333333333333333,1.3333333333333333,0.0,1.3333333333333333,0.0,5.333333333333333,3.3333333333333335,2.0,0.0,0.0,0.0,0.0,0.0,1.6666666666666667,1.0,0.0,0.0,0.0,0.0,0.0,0.0,0.3333333333333333,0.16666666666666666,1.6666666666666667,29.0,22.666666666666668
003206,Greg Langermeier,SSDM,Defensive Midfield,last_10,10,2025-06-07,2026-08-01,ARC|CAN|OUT|RED|WAT|WHP,CHA,1,0,0,0,0,1,3,0,0,0,0,0,0,0.0,11,6,4,1,2,3,0,0,2,1.0,4,57,48,0.0,0.0,0.3333333333333333,,0.1,0.0,0.0,0.0,0.0,0.1,0.3,0.0,0.0,0.0,0.0,0.0,0.0,0.0,1.1,0.6,0.4,0.1,0.2,0.3,0.0,0.0,0.2,0.1,0.4,5.7,4.8
003208,Max Merklinger,A,Attack,last_10,2,2025-06-28,2025-07-27,ATL|OUT,ARC,0,0,0,0,0,0,4,2,1,0,0,0,0,0.0,1,2,0,0,0,0,0,0,0,0.0,1,22,16,0.0,0.5,,,0.0,0.0,0.0,0.0,0.0,0.0,2.0,1.0,0.5,0.0,0.0,0.0,0.0,0.0,0.5,1.0,0.0,0.0,0.0,0.0,0.0,0.0,0.0,0.0,0.5,11.0,8.0
003209,Michael Lampert,A,Attack,last_10,4,2025-06-13,2026-05-09,ARC|ATL|CAN|WHP,WAT,1,0,0,0,0,1,4,2,0,0,0,0,0,0.0,0,4,0,0,0,0,0,0,0,0.0,2,27,19,0.0,0.5,,,0.25,0.0,0.0,0.0,0.0,0.25,1.0,0.5,0.0,0.0,0.0,0.0,0.0,0.0,0.0,1.0,0.0,0.0,0.0,0.0,0.0,0.0,0.0,0.0,0.5,6.75,4.75
003211,Josh Balcarcel,M,Midfield,last_10,10,2025-08-08,2026-08-16,ARC|ATL|CAN|CHA|OUT|WAT|WHP,RED,17,11,11,0,11,6,30,18,2,0,0,0,0,0.0,6,7,0,0,0,0,0,0,0,0.0,13,137,100,0.36666666666666664,0.6,,,1.7,1.1,1.1,0.0,1.1,0.6,3.0,1.8,0.2,0.0,0.0,0.0,0.0,0.0,0.6,0.7,0.0,0.0,0.0,0.0,0.0,0.0,0.0,0.0,1.3,13.7,10.0
003212,Ray Dearth,SSDM,Defensive Midfield,last_10,10,2026-05-31,2026-08-08,ARC|CAN|OUT|RED|WAT|WHP,CHA,0,0,0,0,0,0,1,1,1,0,0,0,0,0.0,8,1,5,4,29,33,0,0,1,0.5,0,51,49,0.0,1.0,0.12121212121212122,,0.0,0.0,0.0,0.0,0.0,0.0,0.1,0.1,0.1,0.0,0.0,0.0,0.0,0.0,0.8,0.1,0.5,0.4,2.9,3.3,0.0,0.0,0.1,0.05,0.0,5.1,4.9
003215,Tommy Stull,LSM,Long Stick Midfield,last_10,2,2026-05-09,2026-06-05,CHA|RED,ARC,0,0,0,0,0,0,0,0,0,0,0,0,0,0.0,4,0,1,0,0,0,0,0,0,0.0,0,6,6,,,,,0.0,0.0,0.0,0.0,0.0,0.0,0.0,0.0,0.0,0.0,0.0,0.0,0.0,0.0,2.0,0.0,0.5,0.0,0.0,0.0,0.0,0.0,0.0,0.0,0.0,3.0,3.0
003228,Remington Reynolds,D,Defense,last_10,4,2026-05-15,2026-06-28,CHA|RED|WAT|WHP,CAN,0,0,0,0,0,0,1,0,0,0,0,0,0,0.0,8,1,2,0,0,0,0,0,3,3.5,0,18,16,0.0,0.0,,,0.0,0.0,0.0,0.0,0.0,0.0,0.25,0.0,0.0,0.0,0.0,0.0,0.0,0.0,2.0,0.25,0.5,0.0,0.0,0.0,0.0,0.0,0.75,0.875,0.0,4.5,4.0
003229,Matt Wright,LSM,Long Stick Midfield,last_10,2,2026-06-20,2026-06-28,ARC|CAN,RED,0,0,0,0,0,0,0,0,0,0,0,0,0,0.0,3,0,0,0,0,0,0,0,0,0.0,0,11,11,,,,,0.0,0.0,0.0,0.0,0.0,0.0,0.0,0.0,0.0,0.0,0.0,0.0,0.0,0.0,1.5,0.0,0.0,0.0,0.0,0.0,0.0,0.0,0.0,0.0,0.0,5.5,5.5
003232,Casey Wilson,M,Midfield,last_10,4,2026-05-31,2026-08-16,ATL|CHA|OUT|WHP,WAT,2,2,2,0,2,0,2,2,0,0,0,0,0,0.0,4,2,0,0,0,0,0,0,1,0.5,0,26,22,1.0,1.0,,,0.5,0.5,0.5,0.0,0.5,0.0,0.5,0.5,0.0,0.0,0.0,0.0,0.0,0.0,1.0,0.5,0.0,0.0,0.0,0.0,0.0,0.0,0.25,0.125,0.0,6.5,5.5
003238,Aidan McLane,M,Midfield,last_10,1,2026-05-16,2026-05-16,WHP,ATL,0,0,0,0,0,0,3,0,0,0,0,0,0,0.0,0,0,0,0,0,0,0,0,0,0.0,0,8,5,0.0,0.0,,,0.0,0.0,0.0,0.0,0.0,0.0,3.0,0.0,0.0,0.0,0.0,0.0,0.0,0.0,0.0,0.0,0.0,0.0,0.0,0.0,0.0,0.0,0.0,0.0,0.0,8.0,5.0
003242,Cooper Frankenheimer,SSDM,Defensive Midfield,last_10,1,2026-05-16,2026-05-16,WHP,ATL,0,0,0,0,0,0,1,0,0,0,0,0,0,0.0,1,0,0,0,0,0,0,0,0,0.0,1,4,3,0.0,0.0,,,0.0,0.0,0.0,0.0,0.0,0.0,1.0,0.0,0.0,0.0,0.0,0.0,0.0,0.0,1.0,0.0,0.0,0.0,0.0,0.0,0.0,0.0,0.0,0.0,1.0,4.0,3.0
003246,Nathan Kapp,FO,Faceoff,last_10,1,2026-08-16,2026-08-16,WAT,WHP,0,0,0,0,0,0,0,0,0,0,0,0,0,0.0,5,0,0,13,10,23,0,0,0,0.0,0,5,5,,,0.5652173913043478,,0.0,0.0,0.0,0.0,0.0,0.0,0.0,0.0,0.0,0.0,0.0,0.0,0.0,0.0,5.0,0.0,0.0,13.0,10.0,23.0,0.0,0.0,0.0,0.0,0.0,5.0,5.0
003248,Ryan Stines,A,Attack,last_10,10,2026-05-30,2026-08-08,ATL|CAN|CHA|OUT|RED|WAT|WHP,ARC,25,16,16,0,16,9,54,37,2,0,0,0,0,0.0,11,15,0,0,0,0,0,0,1,0.5,21,265,196,0.2962962962962963,0.6851851851851852,,,2.5,1.6,1.6,0.0,1.6,0.9,5.4,3.7,0.2,0.0,0.0,0.0,0.0,0.0,1.1,1.5,0.0,0.0,0.0,0.0,0.0,0.0,0.1,0.05,2.1,26.5,19.6
003249,Logan Ip,M,Midfield,last_10,3,2026-06-07,2026-07-25,CHA|RED|WAT,CAN,1,1,1,0,1,0,10,7,0,0,0,0,0,0.0,0,1,0,0,0,0,0,0,0,0.0,4,41,30,0.1,0.7,,,0.3333333333333333,0.3333333333333333,0.3333333333333333,0.0,0.3333333333333333,0.0,3.3333333333333335,2.3333333333333335,0.0,0.0,0.0,0.0,0.0,0.0,0.0,0.3333333333333333,0.0,0.0,0.0,0.0,0.0,0.0,0.0,0.0,1.3333333333333333,13.666666666666666,10.0
003250,Eric Spanos,M,Midfield,last_10,9,2026-05-09,2026-07-25,ARC|ATL|CAN|OUT|RED|WAT|WHP,CHA,12,11,11,0,11,1,38,31,2,0,0,0,0,0.0,9,9,0,0,0,0,0,0,0,0.0,7,152,105,0.2894736842105263,0.8157894736842105,,,1.3333333333333333,1.2222222222222223,1.2222222222222223,0.0,1.2222222222222223,0.1111111111111111,4.222222222222222,3.4444444444444446,0.2222222222222222,0.0,0.0,0.0,0.0,0.0,1.0,1.0,0.0,0.0,0.0,0.0,0.0,0.0,0.0,0.0,0.7777777777777778,16.88888888888889,11.666666666666666
003251,Nikko DiPonio,D,Defense,last_10,2,2026-05-09,2026-05-16,CHA|WHP,ATL,0,0,0,0,0,0,1,0,0,0,0,0,0,0.0,6,0,1,0,0,0,0,0,0,0.0,0,15,14,0.0,0.0,,,0.0,0.0,0.0,0.0,0.0,0.0,0.5,0.0,0.0,0.0,0.0,0.0,0.0,0.0,3.0,0.0,0.5,0.0,0.0,0.0,0.0,0.0,0.0,0.0,0.0,7.5,7.0
003252,Leo Johnson,M,Midfield,last_10,9,2026-06-05,2026-08-08,ATL|CAN|CHA|OUT|RED|WAT|WHP,ARC,14,8,8,0,8,6,44,22,0,0,0,0,0,0.0,7,12,0,0,0,0,0,0,0,0.0,15,154,98,0.18181818181818182,0.5,,,1.5555555555555556,0.8888888888888888,0.8888888888888888,0.0,0.8888888888888888,0.6666666666666666,4.888888888888889,2.4444444444444446,0.0,0.0,0.0,0.0,0.0,0.0,0.7777777777777778,1.3333333333333333,0.0,0.0,0.0,0.0,0.0,0.0,0.0,0.0,1.6666666666666667,17.11111111111111,10.88888888888889
003253,Marcus Wertheim,M,Midfield,last_10,2,2026-05-09,2026-05-16,ARC|OUT,RED,1,0,0,0,0,1,7,3,0,0,0,0,0,0.0,1,2,0,0,0,0,0,0,0,0.0,3,48,39,0.0,0.42857142857142855,,,0.5,0.0,0.0,0.0,0.0,0.5,3.5,1.5,0.0,0.0,0.0,0.0,0.0,0.0,0.5,1.0,0.0,0.0,0.0,0.0,0.0,0.0,0.0,0.0,1.5,24.0,19.5
003254,Peter Detwiler,SSDM,Defensive Midfield,last_10,10,2026-05-31,2026-08-08,ARC|CAN|OUT|RED|WAT|WHP,CHA,1,1,1,0,1,0,3,3,0,0,0,0,0,0.0,11,1,2,2,5,8,0,0,3,1.5,6,71,67,0.3333333333333333,1.0,0.25,,0.1,0.1,0.1,0.0,0.1,0.0,0.3,0.3,0.0,0.0,0.0,0.0,0.0,0.0,1.1,0.1,0.2,0.2,0.5,0.8,0.0,0.0,0.3,0.15,0.6,7.1,6.7
003255,Joe Juengerkes,SSDM,Defensive Midfield,last_10,8,2026-05-09,2026-08-16,ARC|ATL|CAN|OUT|WAT,WHP,2,0,0,0,0,2,1,0,0,0,0,0,0,0.0,4,2,1,1,18,19,0,0,1,1.0,2,51,48,0.0,0.0,0.05263157894736842,,0.25,0.0,0.0,0.0,0.0,0.25,0.125,0.0,0.0,0.0,0.0,0.0,0.0,0.0,0.5,0.25,0.125,0.125,2.25,2.375,0.0,0.0,0.125,0.125,0.25,6.375,6.0
003256,Nolan Byrne,M,Midfield,last_10,3,2026-07-26,2026-08-08,ATL|WAT|WHP,OUT,4,3,3,0,3,1,11,8,0,0,0,0,0,0.0,2,6,0,0,0,0,0,0,0,0.0,1,41,24,0.2727272727272727,0.7272727272727273,,,1.3333333333333333,1.0,1.0,0.0,1.0,0.3333333333333333,3.6666666666666665,2.6666666666666665,0.0,0.0,0.0,0.0,0.0,0.0,0.6666666666666666,2.0,0.0,0.0,0.0,0.0,0.0,0.0,0.0,0.0,0.3333333333333333,13.666666666666666,8.0
003257,Teddy Malone,M,Midfield,last_10,10,2026-05-09,2026-08-08,ARC|ATL|CAN|OUT|RED|WAT|WHP,CHA,24,16,16,0,16,8,40,26,0,0,0,0,0,0.0,5,11,1,0,0,0,0,0,0,0.0,12,216,165,0.4,0.65,,,2.4,1.6,1.6,0.0,1.6,0.8,4.0,2.6,0.0,0.0,0.0,0.0,0.0,0.0,0.5,1.1,0.1,0.0,0.0,0.0,0.0,0.0,0.0,0.0,1.2,21.6,16.5
003259,Liam Kammar,SSDM,Defensive Midfield,last_10,6,2026-05-09,2026-08-08,CAN|CHA|OUT|WHP,ATL,0,0,0,0,0,0,1,1,0,0,0,0,0,0.0,4,0,1,0,0,0,0,0,0,0.0,0,25,24,0.0,1.0,,,0.0,0.0,0.0,0.0,0.0,0.0,0.16666666666666666,0.16666666666666666,0.0,0.0,0.0,0.0,0.0,0.0,0.6666666666666666,0.0,0.16666666666666666,0.0,0.0,0.0,0.0,0.0,0.0,0.0,0.0,4.166666666666667,4.0
003260,Jack Pilling,SSDM,Defensive Midfield,last_10,7,2026-05-16,2026-08-07,ARC|ATL|CAN|OUT|RED,WHP,1,0,0,0,0,1,1,0,0,0,0,0,0,0.0,13,1,4,0,8,8,0,0,1,0.5,3,50,48,0.0,0.0,0.0,,0.14285714285714285,0.0,0.0,0.0,0.0,0.14285714285714285,0.14285714285714285,0.0,0.0,0.0,0.0,0.0,0.0,0.0,1.8571428571428572,0.14285714285714285,0.5714285714285714,0.0,1.1428571428571428,1.1428571428571428,0.0,0.0,0.14285714285714285,0.07142857142857142,0.42857142857142855,7.142857142857143,6.857142857142857
003261,Truitt Sunderland,M,Midfield,last_10,6,2026-05-16,2026-08-01,ARC|ATL|CAN|OUT,WHP,9,4,4,0,4,5,13,10,0,0,0,0,0,0.0,0,3,0,0,0,0,0,0,0,0.0,12,78,62,0.3076923076923077,0.7692307692307693,,,1.5,0.6666666666666666,0.6666666666666666,0.0,0.6666666666666666,0.8333333333333334,2.1666666666666665,1.6666666666666667,0.0,0.0,0.0,0.0,0.0,0.0,0.0,0.5,0.0,0.0,0.0,0.0,0.0,0.0,0.0,0.0,2.0,13.0,10.333333333333334
003264,Sean Byrne,G,Goalie,last_10,7,2026-05-17,2026-08-16,ARC|ATL|CAN|CHA|OUT|WHP,WAT,0,0,0,0,0,0,0,0,0,85,41,44,57,75.77721527227068,11,3,2,0,0,0,52,5,0,0.0,1,111,108,,,,1.1217092063173801,0.0,0.0,0.0,0.0,0.0,0.0,0.0,0.0,0.0,12.142857142857142,5.857142857142857,6.285714285714286,8.142857142857142,10.82531646746724,1.5714285714285714,0.42857142857142855,0.2857142857142857,0.0,0.0,0.0,7.428571428571429,0.7142857142857143,0.0,0.0,0.14285714285714285,15.857142857142858,15.428571428571429
003266,Silas Richmond,A,Attack,last_10,7,2026-06-28,2026-08-16,ARC|ATL|CHA|OUT|RED|WHP,WAT,8,7,5,1,6,1,27,16,2,0,0,0,0,0.0,11,4,3,0,0,0,0,0,1,1.0,5,133,102,0.2222222222222222,0.5925925925925926,,,1.1428571428571428,1.0,0.7142857142857143,0.14285714285714285,0.8571428571428571,0.14285714285714285,3.857142857142857,2.2857142857142856,0.2857142857142857,0.0,0.0,0.0,0.0,0.0,1.5714285714285714,0.5714285714285714,0.42857142857142855,0.0,0.0,0.0,0.0,0.0,0.14285714285714285,0.14285714285714285,0.7142857142857143,19.0,14.571428571428571
003267,Mikey Weisshaar,M,Midfield,last_10,10,2026-05-29,2026-08-09,ARC|ATL|CHA|OUT|RED|WAT|WHP,CAN,17,16,16,0,16,1,47,29,0,0,0,0,0,0.0,12,15,1,0,0,0,0,0,0,0.0,13,251,189,0.3404255319148936,0.6170212765957447,,,1.7,1.6,1.6,0.0,1.6,0.1,4.7,2.9,0.0,0.0,0.0,0.0,0.0,0.0,1.2,1.5,0.1,0.0,0.0,0.0,0.0,0.0,0.0,0.0,1.3,25.1,18.9
003268,Jack Taylor,M,Midfield,last_10,1,2026-08-08,2026-08-08,ARC,CHA,1,1,1,0,1,0,6,2,1,0,0,0,0,0.0,1,2,0,0,0,0,0,0,0,0.0,0,27,19,0.16666666666666666,0.3333333333333333,,,1.0,1.0,1.0,0.0,1.0,0.0,6.0,2.0,1.0,0.0,0.0,0.0,0.0,0.0,1.0,2.0,0.0,0.0,0.0,0.0,0.0,0.0,0.0,0.0,0.0,27.0,19.0
003269,Brendan Staub,LSM,Long Stick Midfield,last_10,10,2026-05-31,2026-08-16,ARC|ATL|CAN|CHA|OUT|RED|WHP,WAT,1,1,1,0,1,0,11,7,7,0,0,0,0,0.0,14,1,6,0,0,0,0,0,2,2.0,2,77,65,0.09090909090909091,0.6363636363636364,,,0.1,0.1,0.1,0.0,0.1,0.0,1.1,0.7,0.7,0.0,0.0,0.0,0.0,0.0,1.4,0.1,0.6,0.0,0.0,0.0,0.0,0.0,0.2,0.2,0.2,7.7,6.5
003270,Evan Plunkett,M,Midfield,last_10,9,2026-05-16,2026-08-16,ATL|CAN|CHA|RED|WHP,OUT,9,3,3,0,3,6,37,15,1,0,0,0,0,0.0,5,8,1,0,0,0,0,0,0,0.0,19,168,123,0.08108108108108109,0.40540540540540543,,,1.0,0.3333333333333333,0.3333333333333333,0.0,0.3333333333333333,0.6666666666666666,4.111111111111111,1.6666666666666667,0.1111111111111111,0.0,0.0,0.0,0.0,0.0,0.5555555555555556,0.8888888888888888,0.1111111111111111,0.0,0.0,0.0,0.0,0.0,0.0,0.0,2.111111111111111,18.666666666666668,13.666666666666666
003271,Hunter Smith,D,Defense,last_10,9,2026-05-29,2026-08-09,ARC|ATL|CHA|OUT|RED|WAT|WHP,CAN,0,0,0,0,0,0,1,1,0,0,0,0,0,0.0,15,0,9,0,0,0,0,0,2,2.0,2,34,33,0.0,1.0,,,0.0,0.0,0.0,0.0,0.0,0.0,0.1111111111111111,0.1111111111111111,0.0,0.0,0.0,0.0,0.0,0.0,1.6666666666666667,0.0,1.0,0.0,0.0,0.0,0.0,0.0,0.2222222222222222,0.2222222222222222,0.2222222222222222,3.7777777777777777,3.6666666666666665
003273,Matt Collison,M,Midfield,last_10,8,2026-06-28,2026-08-16,ARC|ATL|CHA|OUT|RED|WHP,WAT,15,13,5,4,9,2,29,18,7,0,0,0,0,0.0,2,7,1,0,0,0,0,0,1,0.5,9,167,131,0.3103448275862069,0.6206896551724138,,,1.875,1.625,0.625,0.5,1.125,0.25,3.625,2.25,0.875,0.0,0.0,0.0,0.0,0.0,0.25,0.875,0.125,0.0,0.0,0.0,0.0,0.0,0.125,0.0625,1.125,20.875,16.375
003274,Patty Eldredge,SSDM,Defensive Midfield,last_10,1,2026-05-31,2026-05-31,CHA,WAT,0,0,0,0,0,0,0,0,0,0,0,0,0,0.0,2,0,1,0,0,0,0,0,0,0.0,0,5,5,,,,,0.0,0.0,0.0,0.0,0.0,0.0,0.0,0.0,0.0,0.0,0.0,0.0,0.0,0.0,2.0,0.0,1.0,0.0,0.0,0.0,0.0,0.0,0.0,0.0,0.0,5.0,5.0
003275,Andrew McMeekin,FO,Faceoff,last_10,9,2026-06-07,2026-08-09,ARC|ATL|CHA|OUT|RED|WAT|WHP,CAN,9,2,2,0,2,7,19,8,3,0,0,0,0,0.0,79,5,3,145,87,232,0,0,1,1.0,11,84,60,0.10526315789473684,0.42105263157894735,0.625,,1.0,0.2222222222222222,0.2222222222222222,0.0,0.2222222222222222,0.7777777777777778,2.111111111111111,0.8888888888888888,0.3333333333333333,0.0,0.0,0.0,0.0,0.0,8.777777777777779,0.5555555555555556,0.3333333333333333,16.11111111111111,9.666666666666666,25.77777777777778,0.0,0.0,0.1111111111111111,0.1111111111111111,1.2222222222222223,9.333333333333334,6.666666666666667
003276,Richard Checo,LSM,Long Stick Midfield,last_10,6,2026-05-31,2026-08-08,ARC|CAN|RED|WAT|WHP,CHA,0,0,0,0,0,0,0,0,0,0,0,0,0,0.0,2,4,8,0,0,0,0,0,0,0.0,0,16,12,,,,,0.0,0.0,0.0,0.0,0.0,0.0,0.0,0.0,0.0,0.0,0.0,0.0,0.0,0.0,0.3333333333333333,0.6666666666666666,1.3333333333333333,0.0,0.0,0.0,0.0,0.0,0.0,0.0,0.0,2.6666666666666665,2.0
003277,Joey Spallina,A,Attack,last_10,10,2026-05-29,2026-08-16,ARC|ATL|CAN|CHA|OUT|RED|WAT,WHP,36,18,14,2,16,18,59,29,3,0,0,0,0,0.0,16,12,0,0,0,0,0,0,3,2.0,48,392,321,0.2711864406779661,0.4915254237288136,,,3.6,1.8,1.4,0.2,1.6,1.8,5.9,2.9,0.3,0.0,0.0,0.0,0.0,0.0,1.6,1.2,0.0,0.0,0.0,0.0,0.0,0.0,0.3,0.2,4.8,39.2,32.1
003278,Aidan Maguire,SSDM,Defensive Midfield,last_10,10,2026-05-30,2026-08-08,ATL|CAN|CHA|OUT|RED|WAT|WHP,ARC,7,6,4,1,5,1,12,10,3,0,0,0,0,0.0,12,4,2,0,0,0,0,0,3,2.0,4,79,63,0.4166666666666667,0.8333333333333334,,,0.7,0.6,0.4,0.1,0.5,0.1,1.2,1.0,0.3,0.0,0.0,0.0,0.0,0.0,1.2,0.4,0.2,0.0,0.0,0.0,0.0,0.0,0.3,0.2,0.4,7.9,6.3
003279,Luke Rhoa,M,Midfield,last_10,2,2026-06-06,2026-07-19,CAN|RED,ATL,0,0,0,0,0,0,8,3,1,0,0,0,0,0.0,1,1,1,0,0,0,0,0,0,0.0,1,28,19,0.0,0.375,,,0.0,0.0,0.0,0.0,0.0,0.0,4.0,1.5,0.5,0.0,0.0,0.0,0.0,0.0,0.5,0.5,0.5,0.0,0.0,0.0,0.0,0.0,0.0,0.0,0.5,14.0,9.5
003280,Chad Palumbo,M,Midfield,last_10,10,2026-05-31,2026-08-08,ARC|CAN|OUT|RED|WAT|WHP,CHA,27,21,19,1,20,6,64,39,4,0,0,0,0,0.0,8,22,4,0,0,0,0,0,1,1.0,17,201,115,0.3125,0.609375,,,2.7,2.1,1.9,0.1,2.0,0.6,6.4,3.9,0.4,0.0,0.0,0.0,0.0,0.0,0.8,2.2,0.4,0.0,0.0,0.0,0.0,0.0,0.1,0.1,1.7,20.1,11.5
003281,Kyle Lewis,M,Midfield,last_10,9,2026-06-07,2026-08-16,ARC|ATL|CAN|CHA|OUT|RED|WHP,WAT,9,7,7,0,7,2,23,12,0,0,0,0,0,0.0,5,5,2,0,0,0,0,0,1,0.5,10,109,81,0.30434782608695654,0.5217391304347826,,,1.0,0.7777777777777778,0.7777777777777778,0.0,0.7777777777777778,0.2222222222222222,2.5555555555555554,1.3333333333333333,0.0,0.0,0.0,0.0,0.0,0.0,0.5555555555555556,0.5555555555555556,0.2222222222222222,0.0,0.0,0.0,0.0,0.0,0.1111111111111111,0.05555555555555555,1.1111111111111112,12.11111111111111,9.0
003282,Billy Dwan,D,Defense,last_10,8,2026-05-29,2026-08-16,ARC|ATL|CAN|CHA|OUT|WAT,WHP,2,1,1,0,1,1,4,3,1,0,0,0,0,0.0,10,2,3,0,0,0,0,0,2,1.5,1,30,24,0.25,0.75,,,0.25,0.125,0.125,0.0,0.125,0.125,0.5,0.375,0.125,0.0,0.0,0.0,0.0,0.0,1.25,0.25,0.375,0.0,0.0,0.0,0.0,0.0,0.25,0.1875,0.125,3.75,3.0
003283,Blake Eiland,SSDM,Defensive Midfield,last_10,9,2026-05-29,2026-08-16,ARC|ATL|CAN|CHA|OUT|RED|WAT,WHP,2,1,1,0,1,1,3,3,0,0,0,0,0,0.0,10,2,3,2,18,20,0,0,0,0.0,3,44,39,0.3333333333333333,1.0,0.1,,0.2222222222222222,0.1111111111111111,0.1111111111111111,0.0,0.1111111111111111,0.1111111111111111,0.3333333333333333,0.3333333333333333,0.0,0.0,0.0,0.0,0.0,0.0,1.1111111111111112,0.2222222222222222,0.3333333333333333,0.2222222222222222,2.0,2.2222222222222223,0.0,0.0,0.0,0.0,0.3333333333333333,4.888888888888889,4.333333333333333
003284,Eric Kolar,SSDM,Defensive Midfield,last_10,7,2026-05-30,2026-08-01,ARC|ATL|CHA|OUT|RED,WHP,1,1,1,0,1,0,2,1,0,0,0,0,0,0.0,8,1,2,0,4,4,0,0,0,0.0,1,44,41,0.5,0.5,0.0,,0.14285714285714285,0.14285714285714285,0.14285714285714285,0.0,0.14285714285714285,0.0,0.2857142857142857,0.14285714285714285,0.0,0.0,0.0,0.0,0.0,0.0,1.1428571428571428,0.14285714285714285,0.2857142857142857,0.0,0.5714285714285714,0.5714285714285714,0.0,0.0,0.0,0.0,0.14285714285714285,6.285714285714286,5.857142857142857
003285,Jack Regnery,A,Attack,last_10,8,2026-06-19,2026-08-09,ARC|ATL|CHA|OUT|RED|WHP,CAN,18,11,11,0,11,7,47,23,2,0,0,0,0,0.0,4,9,1,0,0,0,0,0,0,0.0,19,175,119,0.23404255319148937,0.48936170212765956,,,2.25,1.375,1.375,0.0,1.375,0.875,5.875,2.875,0.25,0.0,0.0,0.0,0.0,0.0,0.5,1.125,0.125,0.0,0.0,0.0,0.0,0.0,0.0,0.0,2.375,21.875,14.875
003286,Will Donovan,D,Defense,last_10,9,2026-06-07,2026-08-09,ARC|ATL|CHA|OUT|RED|WAT|WHP,CAN,0,0,0,0,0,0,1,1,1,0,0,0,0,0.0,25,2,11,0,0,0,0,0,1,1.0,1,44,41,0.0,1.0,,,0.0,0.0,0.0,0.0,0.0,0.0,0.1111111111111111,0.1111111111111111,0.1111111111111111,0.0,0.0,0.0,0.0,0.0,2.7777777777777777,0.2222222222222222,1.2222222222222223,0.0,0.0,0.0,0.0,0.0,0.1111111111111111,0.1111111111111111,0.1111111111111111,4.888888888888889,4.555555555555555
003287,Dante Bowen,SSDM,Defensive Midfield,last_10,1,2026-08-16,2026-08-16,OUT,RED,0,0,0,0,0,0,1,0,0,0,0,0,0,0.0,2,1,2,0,0,0,0,0,0,0.0,0,5,3,0.0,0.0,,,0.0,0.0,0.0,0.0,0.0,0.0,1.0,0.0,0.0,0.0,0.0,0.0,0.0,0.0,2.0,1.0,2.0,0.0,0.0,0.0,0.0,0.0,0.0,0.0,0.0,5.0,3.0
003288,Josh Yago,M,Midfield,last_10,10,2026-05-31,2026-08-16,ARC|ATL|CAN|CHA|OUT|RED|WHP,WAT,19,11,9,1,10,8,35,20,3,0,0,0,0,0.0,10,4,0,0,0,0,0,0,1,1.0,22,237,198,0.2857142857142857,0.5714285714285714,,,1.9,1.1,0.9,0.1,1.0,0.8,3.5,2.0,0.3,0.0,0.0,0.0,0.0,0.0,1.0,0.4,0.0,0.0,0.0,0.0,0.0,0.0,0.1,0.1,2.2,23.7,19.8
003289,Alex Ross,D,Defense,last_10,10,2026-05-30,2026-08-15,ARC|CAN|OUT|RED|WAT|WHP,ATL,6,4,0,2,2,2,11,3,10,0,0,0,0,0.0,20,6,4,0,0,0,0,0,2,1.0,5,106,89,0.18181818181818182,0.2727272727272727,,,0.6,0.4,0.0,0.2,0.2,0.2,1.1,0.3,1.0,0.0,0.0,0.0,0.0,0.0,2.0,0.6,0.4,0.0,0.0,0.0,0.0,0.0,0.2,0.1,0.5,10.6,8.9
003290,John Dunphey,M,Midfield,last_10,4,2026-07-25,2026-08-16,ARC|RED|WAT|WHP,OUT,1,1,1,0,1,0,6,4,0,0,0,0,0,0.0,2,10,0,1,0,1,0,0,0,0.0,2,51,35,0.16666666666666666,0.6666666666666666,1.0,,0.25,0.25,0.25,0.0,0.25,0.0,1.5,1.0,0.0,0.0,0.0,0.0,0.0,0.0,0.5,2.5,0.0,0.25,0.0,0.25,0.0,0.0,0.0,0.0,0.5,12.75,8.75
003291,Ryan Croddick,G,Goalie,last_10,4,2026-07-17,2026-08-16,ATL|CAN|OUT|WHP,RED,0,0,0,0,0,0,0,0,0,19,9,10,19,44.19945806114851,3,4,1,0,0,0,17,2,0,0.0,0,24,20,,,,0.4298695240496867,0.0,0.0,0.0,0.0,0.0,0.0,0.0,0.0,0.0,4.75,2.25,2.5,4.75,11.049864515287128,0.75,1.0,0.25,0.0,0.0,0.0,4.25,0.5,0.0,0.0,0.0,6.0,5.0
003292,Henry Bard,D,Defense,last_10,5,2026-06-28,2026-07-31,CAN|OUT|RED|WHP,CHA,2,2,0,1,1,0,1,1,1,0,0,0,0,0.0,8,2,3,0,0,0,0,0,0,0.0,0,30,27,1.0,1.0,,,0.4,0.4,0.0,0.2,0.2,0.0,0.2,0.2,0.2,0.0,0.0,0.0,0.0,0.0,1.6,0.4,0.6,0.0,0.0,0.0,0.0,0.0,0.0,0.0,0.0,6.0,5.4
003293,Hunter Drouin,A,Attack,last_10,2,2026-06-06,2026-07-25,RED|WAT,ATL,1,0,0,0,0,1,4,1,0,0,0,0,0,0.0,1,5,0,0,0,0,0,0,1,0.5,3,34,25,0.0,0.25,,,0.5,0.0,0.0,0.0,0.0,0.5,2.0,0.5,0.0,0.0,0.0,0.0,0.0,0.0,0.5,2.5,0.0,0.0,0.0,0.0,0.0,0.0,0.5,0.25,1.5,17.0,12.5
003296,Cullen Brown,D,Defense,last_10,10,2026-06-06,2026-08-16,ARC|ATL|CAN|CHA|OUT|WAT|WHP,RED,1,1,1,0,1,0,4,1,2,0,0,0,0,0.0,22,3,9,0,0,0,0,0,0,0.0,2,64,57,0.25,0.25,,,0.1,0.1,0.1,0.0,0.1,0.0,0.4,0.1,0.2,0.0,0.0,0.0,0.0,0.0,2.2,0.3,0.9,0.0,0.0,0.0,0.0,0.0,0.0,0.0,0.2,6.4,5.7
003297,Michael Leo,M,Midfield,last_10,5,2026-06-06,2026-07-17,ARC|ATL|CAN|CHA|WHP,RED,5,3,3,0,3,2,18,13,0,0,0,0,0,0.0,1,4,0,0,0,0,0,0,0,0.0,7,66,44,0.16666666666666666,0.7222222222222222,,,1.0,0.6,0.6,0.0,0.6,0.4,3.6,2.6,0.0,0.0,0.0,0.0,0.0,0.0,0.2,0.8,0.0,0.0,0.0,0.0,0.0,0.0,0.0,0.0,1.4,13.2,8.8
003298,Finn Thomson,A,Attack,last_10,4,2026-07-31,2026-08-16,ATL|CAN|CHA|OUT,RED,9,7,7,0,7,2,11,10,0,0,0,0,0,0.0,5,3,2,0,0,0,0,0,1,2.0,2,55,41,0.6363636363636364,0.9090909090909091,,,2.25,1.75,1.75,0.0,1.75,0.5,2.75,2.5,0.0,0.0,0.0,0.0,0.0,0.0,1.25,0.75,0.5,0.0,0.0,0.0,0.0,0.0,0.25,0.5,0.5,13.75,10.25
003300,Ty English,M,Midfield,last_10,7,2026-06-28,2026-08-08,ARC|CAN|OUT|RED|WAT|WHP,CHA,3,3,1,1,2,0,10,6,2,0,0,0,0,0.0,15,2,10,1,28,29,0,0,4,3.5,3,100,88,0.2,0.6,0.034482758620689655,,0.42857142857142855,0.42857142857142855,0.14285714285714285,0.14285714285714285,0.2857142857142857,0.0,1.4285714285714286,0.8571428571428571,0.2857142857142857,0.0,0.0,0.0,0.0,0.0,2.142857142857143,0.2857142857142857,1.4285714285714286,0.14285714285714285,4.0,4.142857142857143,0.0,0.0,0.5714285714285714,0.5,0.42857142857142855,14.285714285714286,12.571428571428571
003301,Carson Billig,SSDM,Defensive Midfield,last_10,2,2026-07-25,2026-08-02,RED|WAT,ATL,0,0,0,0,0,0,0,0,0,0,0,0,0,0.0,0,0,0,0,0,0,0,0,0,0.0,0,3,3,,,,,0.0,0.0,0.0,0.0,0.0,0.0,0.0,0.0,0.0,0.0,0.0,0.0,0.0,0.0,0.0,0.0,0.0,0.0,0.0,0.0,0.0,0.0,0.0,0.0,0.0,1.5,1.5
003302,Vinny Butrico,A,Attack,last_10,2,2026-08-02,2026-08-08,OUT|RED,ATL,2,1,1,0,1,1,6,5,0,0,0,0,0,0.0,2,2,0,0,0,0,0,0,0,0.0,1,40,32,0.16666666666666666,0.8333333333333334,,,1.0,0.5,0.5,0.0,0.5,0.5,3.0,2.5,0.0,0.0,0.0,0.0,0.0,0.0,1.0,1.0,0.0,0.0,0.0,0.0,0.0,0.0,0.0,0.0,0.5,20.0,16.0
003303,Leif Hagerup,SSDM,Defensive Midfield,last_10,2,2026-08-01,2026-08-08,ARC|WAT,CHA,0,0,0,0,0,0,0,0,0,0,0,0,0,0.0,1,1,1,0,0,0,0,0,0,0.0,0,5,4,,,,,0.0,0.0,0.0,0.0,0.0,0.0,0.0,0.0,0.0,0.0,0.0,0.0,0.0,0.0,0.5,0.5,0.5,0.0,0.0,0.0,0.0,0.0,0.0,0.0,0.0,2.5,2.0
