player_id,full_name,first_name,last_name,position,position_name,games,seasons,teams,team_names,first_game_date,last_game_date,points,scoring_points,one_point_goals,two_point_goals,goals,assists,shots,shots_on_goal,two_point_shots,saves,clean_saves,messy_saves,scores_against,saa,ground_balls,turnovers,caused_turnovers,faceoffs_won,faceoffs_lost,faceoffs,goals_against,two_point_goals_against,num_penalties,pim,assist_opportunities,touches,total_passes,shot_pct_calc,shots_on_goal_rate_calc,faceoff_pct_calc,save_pct_calc,points_per_game,scoring_points_per_game,one_point_goals_per_game,two_point_goals_per_game,goals_per_game,assists_per_game,shots_per_game,shots_on_goal_per_game,two_point_shots_per_game,saves_per_game,clean_saves_per_game,messy_saves_per_game,scores_against_per_game,saa_per_game,ground_balls_per_game,turnovers_per_game,caused_turnovers_per_game,faceoffs_won_per_game,faceoffs_lost_per_game,faceoffs_per_game,goals_against_per_game,two_point_goals_against_per_game,num_penalties_per_game,pim_per_game,assist_opportunities_per_game,touches_per_game,total_passes_per_game
000201,Adam Ghitelman,Adam,Ghitelman,G,Goalie,13,3,ARC|CAN,Archers|Cannons,2022-06-05,2025-08-02,0,0,0,0,0,0,3,1,3,114,25,89,123,126.55629557760403,37,2,3,0,0,0,117,6,2,2.0,2,153,148,0.0,0.3333333333333333,,0.9007848995555932,0.0,0.0,0.0,0.0,0.0,0.0,0.23076923076923078,0.07692307692307693,0.23076923076923078,8.76923076923077,1.9230769230769231,6.846153846153846,9.461538461538462,9.735099659815695,2.8461538461538463,0.15384615384615385,0.23076923076923078,0.0,0.0,0.0,9.0,0.46153846153846156,0.15384615384615385,0.15384615384615385,0.15384615384615385,11.76923076923077,11.384615384615385
000204,Christian Cuccinello,Christian,Cuccinello,A,Attack,2,1,CAN,Cannons,2022-06-11,2022-07-24,2,2,2,0,2,0,6,4,0,0,0,0,0,0.0,1,0,0,0,0,0,0,0,0,0.0,0,16,10,0.3333333333333333,0.6666666666666666,,,1.0,1.0,1.0,0.0,1.0,0.0,3.0,2.0,0.0,0.0,0.0,0.0,0.0,0.0,0.5,0.0,0.0,0.0,0.0,0.0,0.0,0.0,0.0,0.0,0.0,8.0,5.0
000207,Dominique Alexander,Dominique,Alexander,SSDM,Defensive Midfield,9,1,ARC,Archers,2022-06-05,2022-08-21,2,1,1,0,1,1,1,1,0,0,0,0,0,0.0,15,0,9,0,0,0,0,0,4,3.0,2,66,65,1.0,1.0,,,0.2222222222222222,0.1111111111111111,0.1111111111111111,0.0,0.1111111111111111,0.1111111111111111,0.1111111111111111,0.1111111111111111,0.0,0.0,0.0,0.0,0.0,0.0,1.6666666666666667,0.0,1.0,0.0,0.0,0.0,0.0,0.0,0.4444444444444444,0.3333333333333333,0.2222222222222222,7.333333333333333,7.222222222222222
000211,Ian MacKay,Ian,MacKay,SSDM,Defensive Midfield,23,3,CHA,Chaos,2022-06-25,2024-08-17,19,15,13,1,14,4,49,30,13,0,0,0,0,0.0,16,11,2,0,7,7,0,0,12,9.5,20,200,140,0.2857142857142857,0.6122448979591837,0.0,,0.8260869565217391,0.6521739130434783,0.5652173913043478,0.043478260869565216,0.6086956521739131,0.17391304347826086,2.130434782608696,1.3043478260869565,0.5652173913043478,0.0,0.0,0.0,0.0,0.0,0.6956521739130435,0.4782608695652174,0.08695652173913043,0.0,0.30434782608695654,0.30434782608695654,0.0,0.0,0.5217391304347826,0.41304347826086957,0.8695652173913043,8.695652173913043,6.086956521739131
000213,Jerry Ragonese,Jerry,Ragonese,FO,Faceoff,1,1,CHA,Chaos,2022-07-02,2022-07-02,1,1,1,0,1,0,1,1,0,0,0,0,0,0.0,2,0,0,2,6,8,0,0,0,0.0,0,2,1,1.0,1.0,0.25,,1.0,1.0,1.0,0.0,1.0,0.0,1.0,1.0,0.0,0.0,0.0,0.0,0.0,0.0,2.0,0.0,0.0,2.0,6.0,8.0,0.0,0.0,0.0,0.0,0.0,2.0,1.0
000216,Marcus Holman,Marcus,Holman,A,Attack,52,5,ARC|CAN,Archers|Cannons,2022-06-05,2026-08-09,170,133,99,17,116,37,347,237,64,0,0,0,0,0.0,112,75,14,0,0,0,0,0,10,7.0,150,1988,1566,0.33429394812680113,0.6829971181556196,,,3.269230769230769,2.5576923076923075,1.9038461538461537,0.3269230769230769,2.230769230769231,0.7115384615384616,6.673076923076923,4.5576923076923075,1.2307692307692308,0.0,0.0,0.0,0.0,0.0,2.1538461538461537,1.4423076923076923,0.2692307692307692,0.0,0.0,0.0,0.0,0.0,0.19230769230769232,0.1346153846153846,2.8846153846153846,38.23076923076923,30.115384615384617
000217,Mark McNeill,Mark,McNeill,SSDM,Defensive Midfield,9,1,ARC,Archers,2022-06-05,2022-08-21,1,0,0,0,0,1,0,0,0,0,0,0,0,0.0,9,3,2,0,0,0,0,0,1,0.5,1,36,33,,,,,0.1111111111111111,0.0,0.0,0.0,0.0,0.1111111111111111,0.0,0.0,0.0,0.0,0.0,0.0,0.0,0.0,1.0,0.3333333333333333,0.2222222222222222,0.0,0.0,0.0,0.0,0.0,0.1111111111111111,0.05555555555555555,0.1111111111111111,4.0,3.6666666666666665
000218,Matt McMahon,Matt,McMahon,D,Defense,20,2,ARC,Archers,2022-06-05,2023-08-26,0,0,0,0,0,0,0,0,0,0,0,0,0,0.0,24,4,15,0,0,0,0,0,4,3.0,1,58,54,,,,,0.0,0.0,0.0,0.0,0.0,0.0,0.0,0.0,0.0,0.0,0.0,0.0,0.0,0.0,1.2,0.2,0.75,0.0,0.0,0.0,0.0,0.0,0.2,0.15,0.05,2.9,2.7
000221,Ryan Ambler,Ryan,Ambler,M,Midfield,51,5,ARC,Archers,2022-06-05,2026-08-08,55,39,39,0,39,16,145,83,5,0,0,0,0,0.0,31,62,4,0,0,0,0,0,3,3.5,71,878,671,0.2689655172413793,0.5724137931034483,,,1.0784313725490196,0.7647058823529411,0.7647058823529411,0.0,0.7647058823529411,0.3137254901960784,2.843137254901961,1.6274509803921569,0.09803921568627451,0.0,0.0,0.0,0.0,0.0,0.6078431372549019,1.2156862745098038,0.0784313725490196,0.0,0.0,0.0,0.0,0.0,0.058823529411764705,0.06862745098039216,1.392156862745098,17.215686274509803,13.156862745098039
000222,Stephen Kelly,Stephen,Kelly,FO,Faceoff,13,2,CAN,Cannons,2022-06-05,2023-07-09,6,4,4,0,4,2,10,8,1,0,0,0,0,0.0,88,12,1,141,163,304,0,0,0,0.0,7,92,70,0.4,0.8,0.46381578947368424,,0.46153846153846156,0.3076923076923077,0.3076923076923077,0.0,0.3076923076923077,0.15384615384615385,0.7692307692307693,0.6153846153846154,0.07692307692307693,0.0,0.0,0.0,0.0,0.0,6.769230769230769,0.9230769230769231,0.07692307692307693,10.846153846153847,12.538461538461538,23.384615384615383,0.0,0.0,0.0,0.0,0.5384615384615384,7.076923076923077,5.384615384615385
000223,Scott Ratliff,Scott,Ratliff,D,Defense,10,1,ARC,Archers,2022-06-05,2022-08-21,2,1,1,0,1,1,10,8,8,0,0,0,0,0.0,27,4,13,0,0,0,0,0,3,2.5,6,111,97,0.1,0.8,,,0.2,0.1,0.1,0.0,0.1,0.1,1.0,0.8,0.8,0.0,0.0,0.0,0.0,0.0,2.7,0.4,1.3,0.0,0.0,0.0,0.0,0.0,0.3,0.25,0.6,11.1,9.7
000225,Tom Schreiber,Tom,Schreiber,M,Midfield,37,4,ARC,Archers,2022-06-05,2025-07-26,114,59,49,5,54,55,200,119,36,0,0,0,0,0.0,48,73,6,0,0,0,0,0,3,2.0,191,1226,953,0.27,0.595,,,3.081081081081081,1.5945945945945945,1.3243243243243243,0.13513513513513514,1.4594594594594594,1.4864864864864864,5.405405405405405,3.2162162162162162,0.972972972972973,0.0,0.0,0.0,0.0,0.0,1.2972972972972974,1.972972972972973,0.16216216216216217,0.0,0.0,0.0,0.0,0.0,0.08108108108108109,0.05405405405405406,5.162162162162162,33.13513513513514,25.756756756756758
000227,Will Manny,Will,Manny,A,Attack,25,3,ARC|CAN|WHP,Archers|Cannons|Whipsnakes,2022-06-05,2025-08-09,75,39,37,1,38,36,134,95,7,0,0,0,0,0.0,23,36,2,0,0,0,0,0,3,1.5,89,706,536,0.2835820895522388,0.7089552238805971,,,3.0,1.56,1.48,0.04,1.52,1.44,5.36,3.8,0.28,0.0,0.0,0.0,0.0,0.0,0.92,1.44,0.08,0.0,0.0,0.0,0.0,0.0,0.12,0.06,3.56,28.24,21.44
000231,Chris Cloutier,Chris,Cloutier,A,Attack,11,2,CHA,Chaos,2022-07-02,2023-08-27,25,19,19,0,19,6,60,41,0,0,0,0,0,0.0,16,22,0,0,0,0,0,0,0,0.0,24,285,203,0.31666666666666665,0.6833333333333333,,,2.272727272727273,1.7272727272727273,1.7272727272727273,0.0,1.7272727272727273,0.5454545454545454,5.454545454545454,3.727272727272727,0.0,0.0,0.0,0.0,0.0,0.0,1.4545454545454546,2.0,0.0,0.0,0.0,0.0,0.0,0.0,0.0,0.0,2.1818181818181817,25.90909090909091,18.454545454545453
000234,Eric Law,Eric,Law,A,Attack,27,4,ATL|OUT,Atlas|Outlaws,2022-06-04,2025-08-02,69,51,51,0,51,18,101,82,0,0,0,0,0,0.0,32,50,1,0,0,0,0,0,6,4.5,68,770,619,0.504950495049505,0.8118811881188119,,,2.5555555555555554,1.8888888888888888,1.8888888888888888,0.0,1.8888888888888888,0.6666666666666666,3.740740740740741,3.037037037037037,0.0,0.0,0.0,0.0,0.0,0.0,1.1851851851851851,1.8518518518518519,0.037037037037037035,0.0,0.0,0.0,0.0,0.0,0.2222222222222222,0.16666666666666666,2.5185185185185186,28.51851851851852,22.925925925925927
000235,Jake Richard,Jake,Richard,SSDM,Defensive Midfield,29,3,ATL|WAT,Atlas|Waterdogs,2022-06-04,2024-08-17,4,1,1,0,1,3,9,8,3,0,0,0,0,0.0,22,4,13,0,14,15,0,0,12,9.0,11,194,181,0.1111111111111111,0.8888888888888888,0.0,,0.13793103448275862,0.034482758620689655,0.034482758620689655,0.0,0.034482758620689655,0.10344827586206896,0.3103448275862069,0.27586206896551724,0.10344827586206896,0.0,0.0,0.0,0.0,0.0,0.7586206896551724,0.13793103448275862,0.4482758620689655,0.0,0.4827586206896552,0.5172413793103449,0.0,0.0,0.41379310344827586,0.3103448275862069,0.3793103448275862,6.689655172413793,6.241379310344827
000238,John Crawley,John,Crawley,M,Midfield,9,1,ATL,Atlas,2022-06-04,2022-08-13,5,4,4,0,4,1,22,13,1,0,0,0,0,0.0,3,8,0,0,0,0,0,0,0,0.0,5,99,69,0.18181818181818182,0.5909090909090909,,,0.5555555555555556,0.4444444444444444,0.4444444444444444,0.0,0.4444444444444444,0.1111111111111111,2.4444444444444446,1.4444444444444444,0.1111111111111111,0.0,0.0,0.0,0.0,0.0,0.3333333333333333,0.8888888888888888,0.0,0.0,0.0,0.0,0.0,0.0,0.0,0.0,0.5555555555555556,11.0,7.666666666666667
000240,Kieran McArdle,Kieran,McArdle,A,Attack,52,5,WAT,Waterdogs,2022-06-05,2026-08-16,165,91,91,0,91,74,307,205,6,0,0,0,0,0.0,73,115,5,0,0,0,0,0,8,8.0,233,1594,1172,0.2964169381107492,0.6677524429967426,,,3.173076923076923,1.75,1.75,0.0,1.75,1.4230769230769231,5.903846153846154,3.9423076923076925,0.11538461538461539,0.0,0.0,0.0,0.0,0.0,1.4038461538461537,2.2115384615384617,0.09615384615384616,0.0,0.0,0.0,0.0,0.0,0.15384615384615385,0.15384615384615385,4.480769230769231,30.653846153846153,22.53846153846154
000241,Jack Concannon,Jack,Concannon,G,Goalie,19,2,ATL,Atlas,2022-06-04,2023-08-26,0,0,0,0,0,0,0,0,0,230,44,186,230,245.24057622529443,30,11,2,0,0,0,210,20,1,1.0,5,165,154,,,,0.9378545897262391,0.0,0.0,0.0,0.0,0.0,0.0,0.0,0.0,0.0,12.105263157894736,2.3157894736842106,9.789473684210526,12.105263157894736,12.907398748699707,1.5789473684210527,0.5789473684210527,0.10526315789473684,0.0,0.0,0.0,11.052631578947368,1.0526315789473684,0.05263157894736842,0.05263157894736842,0.2631578947368421,8.68421052631579,8.105263157894736
000242,Kyle Hartzell,Kyle,Hartzell,LSM,Long Stick Midfield,16,3,CAN|RED,Cannons|Redwoods,2022-06-04,2026-07-31,3,3,1,1,2,0,8,5,6,0,0,0,0,0.0,21,2,9,2,17,19,0,0,3,2.0,0,75,65,0.25,0.625,0.10526315789473684,,0.1875,0.1875,0.0625,0.0625,0.125,0.0,0.5,0.3125,0.375,0.0,0.0,0.0,0.0,0.0,1.3125,0.125,0.5625,0.125,1.0625,1.1875,0.0,0.0,0.1875,0.125,0.0,4.6875,4.0625
000246,Ryan Brown,Ryan,Brown,A,Attack,7,1,WAT,Waterdogs,2022-06-05,2022-08-21,11,11,9,1,10,0,43,27,2,0,0,0,0,0.0,3,2,1,0,0,0,0,0,2,1.0,0,79,34,0.23255813953488372,0.627906976744186,,,1.5714285714285714,1.5714285714285714,1.2857142857142858,0.14285714285714285,1.4285714285714286,0.0,6.142857142857143,3.857142857142857,0.2857142857142857,0.0,0.0,0.0,0.0,0.0,0.42857142857142855,0.2857142857142857,0.14285714285714285,0.0,0.0,0.0,0.0,0.0,0.2857142857142857,0.14285714285714285,0.0,11.285714285714286,4.857142857142857
000251,Steven DeNapoli,Steven,DeNapoli,SSDM,Defensive Midfield,4,1,WAT,Waterdogs,2022-07-31,2022-08-21,3,3,3,0,3,0,4,4,0,0,0,0,0,0.0,4,2,0,0,0,0,0,0,0,0.0,1,17,11,0.75,1.0,,,0.75,0.75,0.75,0.0,0.75,0.0,1.0,1.0,0.0,0.0,0.0,0.0,0.0,0.0,1.0,0.5,0.0,0.0,0.0,0.0,0.0,0.0,0.0,0.0,0.25,4.25,2.75
000254,Trevor Baptiste,Trevor,Baptiste,FO,Faceoff,46,5,ATL,Atlas,2022-06-04,2026-08-15,28,20,18,1,19,8,77,45,5,0,0,0,0,0.0,501,42,7,789,402,1198,0,0,14,7.0,26,594,475,0.24675324675324675,0.5844155844155844,0.6585976627712855,,0.6086956521739131,0.43478260869565216,0.391304347826087,0.021739130434782608,0.41304347826086957,0.17391304347826086,1.673913043478261,0.9782608695652174,0.10869565217391304,0.0,0.0,0.0,0.0,0.0,10.891304347826088,0.9130434782608695,0.15217391304347827,17.152173913043477,8.73913043478261,26.043478260869566,0.0,0.0,0.30434782608695654,0.15217391304347827,0.5652173913043478,12.91304347826087,10.326086956521738
000255,Tucker Durkin,Tucker,Durkin,D,Defense,20,2,ATL,Atlas,2022-06-04,2023-08-26,0,0,0,0,0,0,0,0,0,0,0,0,0,0.0,20,3,8,0,0,0,0,0,4,3.0,0,59,56,,,,,0.0,0.0,0.0,0.0,0.0,0.0,0.0,0.0,0.0,0.0,0.0,0.0,0.0,0.0,1.0,0.15,0.4,0.0,0.0,0.0,0.0,0.0,0.2,0.15,0.0,2.95,2.8
000258,Blaze Riorden,Blaze,Riorden,G,Goalie,48,5,CHA,Chaos,2022-06-04,2026-08-08,8,1,1,0,1,7,11,6,10,655,248,407,543,569.6620613269491,91,16,23,0,0,0,505,38,0,0.0,17,742,715,0.09090909090909091,0.5454545454545454,,1.1498044972036017,0.16666666666666666,0.020833333333333332,0.020833333333333332,0.0,0.020833333333333332,0.14583333333333334,0.22916666666666666,0.125,0.20833333333333334,13.645833333333334,5.166666666666667,8.479166666666666,11.3125,11.867959610978106,1.8958333333333333,0.3333333333333333,0.4791666666666667,0.0,0.0,0.0,10.520833333333334,0.7916666666666666,0.0,0.0,0.3541666666666667,15.458333333333334,14.895833333333334
000260,Brodie Merrill,Brodie,Merrill,LSM,Long Stick Midfield,6,1,CAN,Cannons,2022-06-11,2022-08-21,1,0,0,0,0,1,0,0,0,0,0,0,0,0.0,15,3,6,0,0,0,0,0,2,1.5,3,34,31,,,,,0.16666666666666666,0.0,0.0,0.0,0.0,0.16666666666666666,0.0,0.0,0.0,0.0,0.0,0.0,0.0,0.0,2.5,0.5,1.0,0.0,0.0,0.0,0.0,0.0,0.3333333333333333,0.25,0.5,5.666666666666667,5.166666666666667
000262,Connor Fields,Connor,Fields,A,Attack,48,5,ARC,Archers,2022-07-01,2026-08-08,141,103,103,0,103,38,321,216,4,0,0,0,0,0.0,69,87,10,0,0,0,0,0,3,2.5,149,1389,981,0.32087227414330216,0.6728971962616822,,,2.9375,2.1458333333333335,2.1458333333333335,0.0,2.1458333333333335,0.7916666666666666,6.6875,4.5,0.08333333333333333,0.0,0.0,0.0,0.0,0.0,1.4375,1.8125,0.20833333333333334,0.0,0.0,0.0,0.0,0.0,0.0625,0.052083333333333336,3.1041666666666665,28.9375,20.4375
000266,Dhane Smith,Dhane,Smith,M,Midfield,15,2,CHA,Chaos,2022-06-25,2023-08-27,53,11,11,0,11,42,53,34,2,0,0,0,0,0.0,8,37,1,0,0,0,0,0,2,1.5,116,561,471,0.20754716981132076,0.6415094339622641,,,3.533333333333333,0.7333333333333333,0.7333333333333333,0.0,0.7333333333333333,2.8,3.533333333333333,2.2666666666666666,0.13333333333333333,0.0,0.0,0.0,0.0,0.0,0.5333333333333333,2.466666666666667,0.06666666666666667,0.0,0.0,0.0,0.0,0.0,0.13333333333333333,0.1,7.733333333333333,37.4,31.4
000267,Jake Froccaro,Jake,Froccaro,M,Midfield,5,1,CAN,Cannons,2022-06-05,2022-07-02,8,2,0,1,1,6,20,11,8,0,0,0,0,0.0,8,3,1,0,3,3,0,0,1,0.5,18,113,90,0.05,0.55,0.0,,1.6,0.4,0.0,0.2,0.2,1.2,4.0,2.2,1.6,0.0,0.0,0.0,0.0,0.0,1.6,0.6,0.2,0.0,0.6,0.6,0.0,0.0,0.2,0.1,3.6,22.6,18.0
000268,James Barclay,James,Barclay,D,Defense,1,1,WHP,Whipsnakes,2022-07-23,2022-07-23,0,0,0,0,0,0,1,1,0,0,0,0,0,0.0,2,0,0,0,0,0,0,0,0,0.0,0,4,3,0.0,1.0,,,0.0,0.0,0.0,0.0,0.0,0.0,1.0,1.0,0.0,0.0,0.0,0.0,0.0,0.0,2.0,0.0,0.0,0.0,0.0,0.0,0.0,0.0,0.0,0.0,0.0,4.0,3.0
000269,Jarrod Neumann,Jarrod,Neumann,D,Defense,52,5,CHA,Chaos,2022-06-04,2026-08-08,7,6,0,3,3,1,29,12,28,0,0,0,0,0.0,75,17,22,0,0,0,0,0,15,13.5,8,290,244,0.10344827586206896,0.41379310344827586,,,0.1346153846153846,0.11538461538461539,0.0,0.057692307692307696,0.057692307692307696,0.019230769230769232,0.5576923076923077,0.23076923076923078,0.5384615384615384,0.0,0.0,0.0,0.0,0.0,1.4423076923076923,0.3269230769230769,0.4230769230769231,0.0,0.0,0.0,0.0,0.0,0.28846153846153844,0.25961538461538464,0.15384615384615385,5.576923076923077,4.6923076923076925
000272,Josh Byrne,Josh,Byrne,A,Attack,22,3,CHA,Chaos,2022-06-25,2024-08-17,70,41,41,0,41,29,149,91,2,0,0,0,0,0.0,33,47,6,0,0,0,0,0,4,2.5,85,702,506,0.2751677852348993,0.610738255033557,,,3.1818181818181817,1.8636363636363635,1.8636363636363635,0.0,1.8636363636363635,1.3181818181818181,6.7727272727272725,4.136363636363637,0.09090909090909091,0.0,0.0,0.0,0.0,0.0,1.5,2.1363636363636362,0.2727272727272727,0.0,0.0,0.0,0.0,0.0,0.18181818181818182,0.11363636363636363,3.8636363636363638,31.90909090909091,23.0
000275,Mark Glicini,Mark,Glicini,SSDM,Defensive Midfield,30,5,CHA,Chaos,2022-06-04,2026-05-09,5,4,2,1,3,1,9,7,3,0,0,0,0,0.0,25,5,11,2,14,16,0,0,4,2.0,11,153,139,0.3333333333333333,0.7777777777777778,0.125,,0.16666666666666666,0.13333333333333333,0.06666666666666667,0.03333333333333333,0.1,0.03333333333333333,0.3,0.23333333333333334,0.1,0.0,0.0,0.0,0.0,0.0,0.8333333333333334,0.16666666666666666,0.36666666666666664,0.06666666666666667,0.4666666666666667,0.5333333333333333,0.0,0.0,0.13333333333333333,0.06666666666666667,0.36666666666666664,5.1,4.633333333333334
000276,Matt Rees,Matt,Rees,LSM,Long Stick Midfield,13,2,CAN|CHA,Cannons|Chaos,2022-07-02,2023-08-26,5,4,0,2,2,1,13,7,11,0,0,0,0,0.0,18,4,12,1,37,38,0,0,8,7.0,2,54,37,0.15384615384615385,0.5384615384615384,0.02631578947368421,,0.38461538461538464,0.3076923076923077,0.0,0.15384615384615385,0.15384615384615385,0.07692307692307693,1.0,0.5384615384615384,0.8461538461538461,0.0,0.0,0.0,0.0,0.0,1.3846153846153846,0.3076923076923077,0.9230769230769231,0.07692307692307693,2.8461538461538463,2.923076923076923,0.0,0.0,0.6153846153846154,0.5384615384615384,0.15384615384615385,4.153846153846154,2.8461538461538463
000278,Myles Jones,Myles,Jones,M,Midfield,31,4,ATL|RED,Atlas|Redwoods,2022-06-04,2025-06-14,55,34,24,5,29,21,128,74,23,0,0,0,0,0.0,26,41,2,0,0,0,0,0,4,3.0,75,595,426,0.2265625,0.578125,,,1.7741935483870968,1.096774193548387,0.7741935483870968,0.16129032258064516,0.9354838709677419,0.6774193548387096,4.129032258064516,2.3870967741935485,0.7419354838709677,0.0,0.0,0.0,0.0,0.0,0.8387096774193549,1.3225806451612903,0.06451612903225806,0.0,0.0,0.0,0.0,0.0,0.12903225806451613,0.0967741935483871,2.4193548387096775,19.193548387096776,13.741935483870968
000279,Patrick Resch,Patrick,Resch,SSDM,Defensive Midfield,33,4,ARC|CHA,Archers|Chaos,2022-06-04,2025-08-09,12,5,3,1,4,7,10,7,3,0,0,0,0,0.0,43,13,15,0,1,1,0,0,4,3.0,24,268,245,0.4,0.7,0.0,,0.36363636363636365,0.15151515151515152,0.09090909090909091,0.030303030303030304,0.12121212121212122,0.21212121212121213,0.30303030303030304,0.21212121212121213,0.09090909090909091,0.0,0.0,0.0,0.0,0.0,1.303030303030303,0.3939393939393939,0.45454545454545453,0.0,0.030303030303030304,0.030303030303030304,0.0,0.0,0.12121212121212122,0.09090909090909091,0.7272727272727273,8.121212121212121,7.424242424242424
000280,Thomas Kelly,Thomas,Kelly,FO,Faceoff,5,1,CHA,Chaos,2022-06-04,2022-07-23,1,1,1,0,1,0,1,1,0,0,0,0,0,0.0,23,3,0,52,63,115,0,0,0,0.0,0,18,14,1.0,1.0,0.45217391304347826,,0.2,0.2,0.2,0.0,0.2,0.0,0.2,0.2,0.0,0.0,0.0,0.0,0.0,0.0,4.6,0.6,0.0,10.4,12.6,23.0,0.0,0.0,0.0,0.0,0.0,3.6,2.8
000281,Troy Reh,Troy,Reh,LSM,Long Stick Midfield,52,5,CHA,Chaos,2022-06-04,2026-08-08,5,5,3,1,4,0,22,13,16,0,0,0,0,0.0,142,14,49,0,2,2,0,0,13,12.0,14,430,394,0.18181818181818182,0.5909090909090909,0.0,,0.09615384615384616,0.09615384615384616,0.057692307692307696,0.019230769230769232,0.07692307692307693,0.0,0.4230769230769231,0.25,0.3076923076923077,0.0,0.0,0.0,0.0,0.0,2.730769230769231,0.2692307692307692,0.9423076923076923,0.0,0.038461538461538464,0.038461538461538464,0.0,0.0,0.25,0.23076923076923078,0.2692307692307692,8.26923076923077,7.576923076923077
000282,Tyson Bell,Tyson,Bell,LSM,Long Stick Midfield,5,1,CAN,Cannons,2022-06-05,2022-07-02,1,1,1,0,1,0,3,1,0,0,0,0,0,0.0,5,2,1,0,0,0,0,0,5,4.0,0,25,20,0.3333333333333333,0.3333333333333333,,,0.2,0.2,0.2,0.0,0.2,0.0,0.6,0.2,0.0,0.0,0.0,0.0,0.0,0.0,1.0,0.4,0.2,0.0,0.0,0.0,0.0,0.0,1.0,0.8,0.0,5.0,4.0
000294,John Ranagan,John,Ranagan,M,Midfield,3,1,OUT,Outlaws,2022-06-10,2022-07-24,1,1,1,0,1,0,4,3,0,0,0,0,0,0.0,1,2,0,0,0,0,0,0,0,0.0,6,36,30,0.25,0.75,,,0.3333333333333333,0.3333333333333333,0.3333333333333333,0.0,0.3333333333333333,0.0,1.3333333333333333,1.0,0.0,0.0,0.0,0.0,0.0,0.0,0.3333333333333333,0.6666666666666666,0.0,0.0,0.0,0.0,0.0,0.0,0.0,0.0,2.0,12.0,10.0
000295,Jordan MacIntosh,Jordan,MacIntosh,M,Midfield,18,2,OUT,Outlaws,2022-06-05,2023-08-27,22,20,18,1,19,2,61,40,2,0,0,0,0,0.0,17,27,2,0,0,0,0,0,1,1.0,22,298,210,0.3114754098360656,0.6557377049180327,,,1.2222222222222223,1.1111111111111112,1.0,0.05555555555555555,1.0555555555555556,0.1111111111111111,3.388888888888889,2.2222222222222223,0.1111111111111111,0.0,0.0,0.0,0.0,0.0,0.9444444444444444,1.5,0.1111111111111111,0.0,0.0,0.0,0.0,0.0,0.05555555555555555,0.05555555555555555,1.2222222222222223,16.555555555555557,11.666666666666666
000298,Justin Guterding,Justin,Guterding,M,Midfield,12,2,ATL|WHP,Atlas|Whipsnakes,2022-06-04,2023-08-26,17,6,6,0,6,11,32,21,1,0,0,0,0,0.0,9,10,2,0,0,0,0,0,1,0.5,37,216,174,0.1875,0.65625,,,1.4166666666666667,0.5,0.5,0.0,0.5,0.9166666666666666,2.6666666666666665,1.75,0.08333333333333333,0.0,0.0,0.0,0.0,0.0,0.75,0.8333333333333334,0.16666666666666666,0.0,0.0,0.0,0.0,0.0,0.08333333333333333,0.041666666666666664,3.0833333333333335,18.0,14.5
000302,Michael Manley,Michael,Manley,D,Defense,50,5,OUT,Outlaws,2022-06-05,2026-08-08,11,7,5,1,6,4,34,20,19,0,0,0,0,0.0,105,22,47,0,0,0,0,0,14,13.0,16,395,339,0.17647058823529413,0.5882352941176471,,,0.22,0.14,0.1,0.02,0.12,0.08,0.68,0.4,0.38,0.0,0.0,0.0,0.0,0.0,2.1,0.44,0.94,0.0,0.0,0.0,0.0,0.0,0.28,0.26,0.32,7.9,6.78
000305,Romar Dennis,Romar,Dennis,M,Midfield,37,5,ATL|RED,Atlas|Redwoods,2022-06-11,2026-05-16,47,41,9,16,25,6,174,90,101,0,0,0,0,0.0,19,20,7,0,0,0,0,0,3,3.0,37,647,453,0.14367816091954022,0.5172413793103449,,,1.2702702702702702,1.1081081081081081,0.24324324324324326,0.43243243243243246,0.6756756756756757,0.16216216216216217,4.702702702702703,2.4324324324324325,2.72972972972973,0.0,0.0,0.0,0.0,0.0,0.5135135135135135,0.5405405405405406,0.1891891891891892,0.0,0.0,0.0,0.0,0.0,0.08108108108108109,0.08108108108108109,1.0,17.486486486486488,12.243243243243244
000308,Will Haus,Will,Haus,SSDM,Defensive Midfield,29,3,OUT,Outlaws,2022-06-05,2024-08-18,8,3,3,0,3,5,13,9,2,0,0,0,0,0.0,27,6,9,0,2,2,0,0,7,3.5,12,197,178,0.23076923076923078,0.6923076923076923,0.0,,0.27586206896551724,0.10344827586206896,0.10344827586206896,0.0,0.10344827586206896,0.1724137931034483,0.4482758620689655,0.3103448275862069,0.06896551724137931,0.0,0.0,0.0,0.0,0.0,0.9310344827586207,0.20689655172413793,0.3103448275862069,0.0,0.06896551724137931,0.06896551724137931,0.0,0.0,0.2413793103448276,0.1206896551724138,0.41379310344827586,6.793103448275862,6.137931034482759
000310,Brent Adams,Brent,Adams,M,Midfield,1,1,ATL,Atlas,2022-06-11,2022-06-11,0,0,0,0,0,0,2,0,0,0,0,0,0,0.0,0,0,0,0,0,0,0,0,0,0.0,0,7,5,0.0,0.0,,,0.0,0.0,0.0,0.0,0.0,0.0,2.0,0.0,0.0,0.0,0.0,0.0,0.0,0.0,0.0,0.0,0.0,0.0,0.0,0.0,0.0,0.0,0.0,0.0,0.0,7.0,5.0
000314,Eddy Glazener,Eddy,Glazener,D,Defense,19,2,RED,Redwoods,2022-06-04,2023-08-26,5,5,1,2,3,0,12,9,9,0,0,0,0,0.0,30,6,19,0,0,0,0,0,2,1.5,2,142,124,0.25,0.75,,,0.2631578947368421,0.2631578947368421,0.05263157894736842,0.10526315789473684,0.15789473684210525,0.0,0.631578947368421,0.47368421052631576,0.47368421052631576,0.0,0.0,0.0,0.0,0.0,1.5789473684210527,0.3157894736842105,1.0,0.0,0.0,0.0,0.0,0.0,0.10526315789473684,0.07894736842105263,0.10526315789473684,7.473684210526316,6.526315789473684
000315,Garrett Epple,Garrett,Epple,D,Defense,40,4,CAN|RED,Cannons|Redwoods,2022-06-04,2025-08-09,1,0,0,0,0,1,3,0,3,0,0,0,0,0.0,79,14,69,0,0,0,0,0,14,12.0,7,316,299,0.0,0.0,,,0.025,0.0,0.0,0.0,0.0,0.025,0.075,0.0,0.075,0.0,0.0,0.0,0.0,0.0,1.975,0.35,1.725,0.0,0.0,0.0,0.0,0.0,0.35,0.3,0.175,7.9,7.475
000318,Jack Kelly,Jack,Kelly,G,Goalie,27,3,RED,Redwoods,2022-06-04,2024-08-17,0,0,0,0,0,0,3,1,3,312,116,196,332,365.19174680497673,45,15,15,0,0,0,311,21,0,0.0,6,406,388,0.0,0.3333333333333333,,0.8543457039477327,0.0,0.0,0.0,0.0,0.0,0.0,0.1111111111111111,0.037037037037037035,0.1111111111111111,11.555555555555555,4.296296296296297,7.2592592592592595,12.296296296296296,13.525620252036175,1.6666666666666667,0.5555555555555556,0.5555555555555556,0.0,0.0,0.0,11.518518518518519,0.7777777777777778,0.0,0.0,0.2222222222222222,15.037037037037036,14.37037037037037
000319,Jack Near,Jack,Near,SSDM,Defensive Midfield,7,1,RED,Redwoods,2022-06-04,2022-08-20,0,0,0,0,0,0,0,0,0,0,0,0,0,0.0,9,1,0,0,0,0,0,0,0,0.0,1,46,45,,,,,0.0,0.0,0.0,0.0,0.0,0.0,0.0,0.0,0.0,0.0,0.0,0.0,0.0,0.0,1.2857142857142858,0.14285714285714285,0.0,0.0,0.0,0.0,0.0,0.0,0.0,0.0,0.14285714285714285,6.571428571428571,6.428571428571429
000322,John Sexton,John,Sexton,LSM,Long Stick Midfield,15,2,RED,Redwoods,2022-06-24,2023-08-13,3,1,1,0,1,2,8,4,6,0,0,0,0,0.0,22,6,7,0,3,3,0,0,3,2.5,6,59,45,0.125,0.5,0.0,,0.2,0.06666666666666667,0.06666666666666667,0.0,0.06666666666666667,0.13333333333333333,0.5333333333333333,0.26666666666666666,0.4,0.0,0.0,0.0,0.0,0.0,1.4666666666666666,0.4,0.4666666666666667,0.0,0.2,0.2,0.0,0.0,0.2,0.16666666666666666,0.4,3.933333333333333,3.0
000327,Matt Kavanagh,Matt,Kavanagh,A,Attack,24,3,CAN|RED,Cannons|Redwoods,2022-06-04,2024-07-20,46,28,26,1,27,18,126,69,2,0,0,0,0,0.0,39,41,8,0,0,0,0,0,5,3.5,68,680,513,0.21428571428571427,0.5476190476190477,,,1.9166666666666667,1.1666666666666667,1.0833333333333333,0.041666666666666664,1.125,0.75,5.25,2.875,0.08333333333333333,0.0,0.0,0.0,0.0,0.0,1.625,1.7083333333333333,0.3333333333333333,0.0,0.0,0.0,0.0,0.0,0.20833333333333334,0.14583333333333334,2.8333333333333335,28.333333333333332,21.375
000331,Patrick Harbeson,Patrick,Harbeson,SSDM,Defensive Midfield,3,1,RED,Redwoods,2022-07-01,2022-07-31,1,0,0,0,0,1,1,1,0,0,0,0,0,0.0,2,0,0,0,0,0,0,0,0,0.0,1,23,22,0.0,1.0,,,0.3333333333333333,0.0,0.0,0.0,0.0,0.3333333333333333,0.3333333333333333,0.3333333333333333,0.0,0.0,0.0,0.0,0.0,0.0,0.6666666666666666,0.0,0.0,0.0,0.0,0.0,0.0,0.0,0.0,0.0,0.3333333333333333,7.666666666666667,7.333333333333333
000333,Sergio Perkovic,Sergio,Perkovic,M,Midfield,28,4,CHA|RED,Chaos|Redwoods,2022-06-04,2025-08-09,25,23,13,5,18,2,107,58,34,0,0,0,0,0.0,16,22,6,0,0,0,0,0,5,5.0,29,495,366,0.16822429906542055,0.5420560747663551,,,0.8928571428571429,0.8214285714285714,0.4642857142857143,0.17857142857142858,0.6428571428571429,0.07142857142857142,3.8214285714285716,2.0714285714285716,1.2142857142857142,0.0,0.0,0.0,0.0,0.0,0.5714285714285714,0.7857142857142857,0.21428571428571427,0.0,0.0,0.0,0.0,0.0,0.17857142857142858,0.17857142857142858,1.0357142857142858,17.678571428571427,13.071428571428571
000337,Bryce Young,Bryce,Young,D,Defense,40,4,CAN|WHP,Cannons|Whipsnakes,2022-06-04,2025-08-09,1,1,1,0,1,0,4,1,3,0,0,0,0,0.0,58,15,30,0,0,0,0,0,13,13.5,2,207,188,0.25,0.25,,,0.025,0.025,0.025,0.0,0.025,0.0,0.1,0.025,0.075,0.0,0.0,0.0,0.0,0.0,1.45,0.375,0.75,0.0,0.0,0.0,0.0,0.0,0.325,0.3375,0.05,5.175,4.7
000339,Connor Kelly,Connor,Kelly,M,Midfield,41,5,WAT,Waterdogs,2022-06-05,2026-07-18,82,68,36,16,52,14,244,123,79,0,0,0,0,0.0,37,53,5,0,0,0,0,0,2,1.5,62,996,699,0.21311475409836064,0.5040983606557377,,,2.0,1.6585365853658536,0.8780487804878049,0.3902439024390244,1.2682926829268293,0.34146341463414637,5.951219512195122,3.0,1.9268292682926829,0.0,0.0,0.0,0.0,0.0,0.9024390243902439,1.2926829268292683,0.12195121951219512,0.0,0.0,0.0,0.0,0.0,0.04878048780487805,0.036585365853658534,1.5121951219512195,24.29268292682927,17.048780487804876
000345,Jake Bernhardt,Jake,Bernhardt,SSDM,Defensive Midfield,37,5,WHP,Whipsnakes,2022-06-04,2026-05-16,6,4,2,1,3,2,17,6,6,0,0,0,0,0.0,23,11,4,3,25,28,0,0,3,1.5,9,208,180,0.17647058823529413,0.35294117647058826,0.10714285714285714,,0.16216216216216217,0.10810810810810811,0.05405405405405406,0.02702702702702703,0.08108108108108109,0.05405405405405406,0.4594594594594595,0.16216216216216217,0.16216216216216217,0.0,0.0,0.0,0.0,0.0,0.6216216216216216,0.2972972972972973,0.10810810810810811,0.08108108108108109,0.6756756756756757,0.7567567567567568,0.0,0.0,0.08108108108108109,0.04054054054054054,0.24324324324324326,5.621621621621622,4.864864864864865
000346,Jay Carlson,Jay,Carlson,A,Attack,7,1,WHP,Whipsnakes,2022-06-04,2022-08-21,14,10,10,0,10,4,28,20,0,0,0,0,0,0.0,9,11,6,0,0,0,0,0,0,0.0,7,89,50,0.35714285714285715,0.7142857142857143,,,2.0,1.4285714285714286,1.4285714285714286,0.0,1.4285714285714286,0.5714285714285714,4.0,2.857142857142857,0.0,0.0,0.0,0.0,0.0,0.0,1.2857142857142858,1.5714285714285714,0.8571428571428571,0.0,0.0,0.0,0.0,0.0,0.0,0.0,1.0,12.714285714285714,7.142857142857143
000350,Joseph Nardella,Joseph,Nardella,FO,Faceoff,29,3,WHP,Whipsnakes,2022-06-04,2025-08-09,13,10,10,0,10,3,21,15,0,0,0,0,0,0.0,232,28,4,458,249,713,0,0,3,2.0,20,309,260,0.47619047619047616,0.7142857142857143,0.6423562412342216,,0.4482758620689655,0.3448275862068966,0.3448275862068966,0.0,0.3448275862068966,0.10344827586206896,0.7241379310344828,0.5172413793103449,0.0,0.0,0.0,0.0,0.0,0.0,8.0,0.9655172413793104,0.13793103448275862,15.793103448275861,8.586206896551724,24.586206896551722,0.0,0.0,0.10344827586206896,0.06896551724137931,0.6896551724137931,10.655172413793103,8.96551724137931
000351,Jules Heningburg,Jules,Heningburg,M,Midfield,31,4,CAN|CHA|RED,Cannons|Chaos|Redwoods,2022-06-04,2025-08-09,51,32,30,1,31,19,109,75,7,0,0,0,0,0.0,24,41,1,0,0,0,0,0,1,1.0,81,669,519,0.28440366972477066,0.6880733944954128,,,1.6451612903225807,1.032258064516129,0.967741935483871,0.03225806451612903,1.0,0.6129032258064516,3.5161290322580645,2.4193548387096775,0.22580645161290322,0.0,0.0,0.0,0.0,0.0,0.7741935483870968,1.3225806451612903,0.03225806451612903,0.0,0.0,0.0,0.0,0.0,0.03225806451612903,0.03225806451612903,2.6129032258064515,21.580645161290324,16.741935483870968
000353,Kyle Bernlohr,Kyle,Bernlohr,G,Goalie,19,3,WHP,Whipsnakes,2022-06-04,2024-08-03,1,0,0,0,0,1,2,1,2,199,62,137,174,235.4400531210343,44,6,5,0,0,0,162,12,0,0.0,3,250,242,0.0,0.5,,0.8452257692012102,0.05263157894736842,0.0,0.0,0.0,0.0,0.05263157894736842,0.10526315789473684,0.05263157894736842,0.10526315789473684,10.473684210526315,3.263157894736842,7.2105263157894735,9.157894736842104,12.391581743212333,2.3157894736842106,0.3157894736842105,0.2631578947368421,0.0,0.0,0.0,8.526315789473685,0.631578947368421,0.0,0.0,0.15789473684210525,13.157894736842104,12.736842105263158
000354,Matt Rambo,Matt,Rambo,A,Attack,39,5,ATL|WHP,Atlas|Whipsnakes,2022-06-04,2026-07-19,84,50,50,0,50,34,195,121,0,0,0,0,0,0.0,41,79,4,0,0,0,0,0,2,1.0,154,924,650,0.2564102564102564,0.6205128205128205,,,2.1538461538461537,1.2820512820512822,1.2820512820512822,0.0,1.2820512820512822,0.8717948717948718,5.0,3.1025641025641026,0.0,0.0,0.0,0.0,0.0,0.0,1.0512820512820513,2.0256410256410255,0.10256410256410256,0.0,0.0,0.0,0.0,0.0,0.05128205128205128,0.02564102564102564,3.948717948717949,23.692307692307693,16.666666666666668
000355,Matthew Dunn,Matthew,Dunn,D,Defense,49,5,WHP,Whipsnakes,2022-06-04,2026-08-16,8,4,4,0,4,4,16,11,8,0,0,0,0,0.0,58,16,38,0,0,0,0,0,4,3.0,11,357,325,0.25,0.6875,,,0.16326530612244897,0.08163265306122448,0.08163265306122448,0.0,0.08163265306122448,0.08163265306122448,0.32653061224489793,0.22448979591836735,0.16326530612244897,0.0,0.0,0.0,0.0,0.0,1.183673469387755,0.32653061224489793,0.7755102040816326,0.0,0.0,0.0,0.0,0.0,0.08163265306122448,0.061224489795918366,0.22448979591836735,7.285714285714286,6.63265306122449
000356,Michael Ehrhardt,Michael,Ehrhardt,LSM,Long Stick Midfield,17,2,WHP,Whipsnakes,2022-06-04,2023-08-26,16,12,4,4,8,4,39,17,29,0,0,0,0,0.0,49,12,16,0,0,0,0,0,5,4.5,9,147,96,0.20512820512820512,0.4358974358974359,,,0.9411764705882353,0.7058823529411765,0.23529411764705882,0.23529411764705882,0.47058823529411764,0.23529411764705882,2.2941176470588234,1.0,1.7058823529411764,0.0,0.0,0.0,0.0,0.0,2.8823529411764706,0.7058823529411765,0.9411764705882353,0.0,0.0,0.0,0.0,0.0,0.29411764705882354,0.2647058823529412,0.5294117647058824,8.647058823529411,5.647058823529412
000357,Mike Chanenchuk,Mike,Chanenchuk,M,Midfield,30,3,WHP,Whipsnakes,2022-06-04,2024-08-10,62,48,32,8,40,14,159,101,36,0,0,0,0,0.0,22,28,2,0,0,0,0,0,0,0.0,69,782,595,0.25157232704402516,0.6352201257861635,,,2.066666666666667,1.6,1.0666666666666667,0.26666666666666666,1.3333333333333333,0.4666666666666667,5.3,3.3666666666666667,1.2,0.0,0.0,0.0,0.0,0.0,0.7333333333333333,0.9333333333333333,0.06666666666666667,0.0,0.0,0.0,0.0,0.0,0.0,0.0,2.3,26.066666666666666,19.833333333333332
000358,Ryan Drenner,Ryan,Drenner,M,Midfield,40,4,CAN,Cannons,2022-06-05,2025-08-09,79,64,58,3,61,15,165,104,11,0,0,0,0,0.0,29,19,4,0,0,0,0,0,2,1.5,77,946,762,0.3696969696969697,0.6303030303030303,,,1.975,1.6,1.45,0.075,1.525,0.375,4.125,2.6,0.275,0.0,0.0,0.0,0.0,0.0,0.725,0.475,0.1,0.0,0.0,0.0,0.0,0.0,0.05,0.0375,1.925,23.65,19.05
000359,Tim Muller,Tim,Muller,D,Defense,52,5,WHP,Whipsnakes,2022-06-04,2026-08-16,0,0,0,0,0,0,3,1,1,0,0,0,0,0.0,82,6,36,0,0,0,0,0,1,0.5,6,382,373,0.0,0.3333333333333333,,,0.0,0.0,0.0,0.0,0.0,0.0,0.057692307692307696,0.019230769230769232,0.019230769230769232,0.0,0.0,0.0,0.0,0.0,1.5769230769230769,0.11538461538461539,0.6923076923076923,0.0,0.0,0.0,0.0,0.0,0.019230769230769232,0.009615384615384616,0.11538461538461539,7.346153846153846,7.173076923076923
000361,Tyler Warner,Tyler,Warner,SSDM,Defensive Midfield,19,2,WHP,Whipsnakes,2022-06-04,2023-08-26,2,2,2,0,2,0,5,2,2,0,0,0,0,0.0,31,3,5,0,0,0,0,0,1,0.5,6,119,111,0.4,0.4,,,0.10526315789473684,0.10526315789473684,0.10526315789473684,0.0,0.10526315789473684,0.0,0.2631578947368421,0.10526315789473684,0.10526315789473684,0.0,0.0,0.0,0.0,0.0,1.631578947368421,0.15789473684210525,0.2631578947368421,0.0,0.0,0.0,0.0,0.0,0.05263157894736842,0.02631578947368421,0.3157894736842105,6.2631578947368425,5.842105263157895
000363,Ryan Conrad,Ryan,Conrad,M,Midfield,24,3,WAT|WHP,Waterdogs|Whipsnakes,2022-06-17,2024-08-10,40,26,24,1,25,14,96,62,6,0,0,0,0,0.0,17,29,3,0,1,1,0,0,4,2.0,42,464,339,0.2604166666666667,0.6458333333333334,0.0,,1.6666666666666667,1.0833333333333333,1.0,0.041666666666666664,1.0416666666666667,0.5833333333333334,4.0,2.5833333333333335,0.25,0.0,0.0,0.0,0.0,0.0,0.7083333333333334,1.2083333333333333,0.125,0.0,0.041666666666666664,0.041666666666666664,0.0,0.0,0.16666666666666666,0.08333333333333333,1.75,19.333333333333332,14.125
000365,Jack Rowlett,Jack,Rowlett,D,Defense,45,5,CHA,Chaos,2022-06-04,2026-07-18,3,3,1,1,2,0,10,5,9,0,0,0,0,0.0,60,12,38,4,12,16,0,0,19,18.5,4,280,258,0.2,0.5,0.25,,0.06666666666666667,0.06666666666666667,0.022222222222222223,0.022222222222222223,0.044444444444444446,0.0,0.2222222222222222,0.1111111111111111,0.2,0.0,0.0,0.0,0.0,0.0,1.3333333333333333,0.26666666666666666,0.8444444444444444,0.08888888888888889,0.26666666666666666,0.35555555555555557,0.0,0.0,0.4222222222222222,0.4111111111111111,0.08888888888888889,6.222222222222222,5.733333333333333
000366,Connor Farrell,Connor,Farrell,FO,Faceoff,23,3,OUT|WAT,Outlaws|Waterdogs,2022-06-05,2026-06-28,2,2,2,0,2,0,14,8,2,0,0,0,0,0.0,202,31,3,295,222,520,0,0,2,3.0,2,173,128,0.14285714285714285,0.5714285714285714,0.5673076923076923,,0.08695652173913043,0.08695652173913043,0.08695652173913043,0.0,0.08695652173913043,0.0,0.6086956521739131,0.34782608695652173,0.08695652173913043,0.0,0.0,0.0,0.0,0.0,8.782608695652174,1.3478260869565217,0.13043478260869565,12.826086956521738,9.652173913043478,22.608695652173914,0.0,0.0,0.08695652173913043,0.13043478260869565,0.08695652173913043,7.521739130434782,5.565217391304348
000368,Chris Sabia,Chris,Sabia,LSM,Long Stick Midfield,20,3,WAT,Waterdogs,2022-06-05,2024-08-17,3,0,0,0,0,3,6,5,1,0,0,0,0,0.0,34,3,17,0,0,0,0,0,8,5.5,3,89,80,0.0,0.8333333333333334,,,0.15,0.0,0.0,0.0,0.0,0.15,0.3,0.25,0.05,0.0,0.0,0.0,0.0,0.0,1.7,0.15,0.85,0.0,0.0,0.0,0.0,0.0,0.4,0.275,0.15,4.45,4.0
000369,Clarke Petterson,Clarke,Petterson,A,Attack,1,1,ATL,Atlas,2022-08-21,2022-08-21,2,1,1,0,1,1,3,1,0,0,0,0,0,0.0,1,0,0,0,0,0,0,0,0,0.0,1,9,6,0.3333333333333333,0.3333333333333333,,,2.0,1.0,1.0,0.0,1.0,1.0,3.0,1.0,0.0,0.0,0.0,0.0,0.0,0.0,1.0,0.0,0.0,0.0,0.0,0.0,0.0,0.0,0.0,0.0,1.0,9.0,6.0
000370,Tim Troutner,Tim,Troutner,G,Goalie,12,4,ATL|RED|WAT,Atlas|Redwoods|Waterdogs,2022-06-04,2026-08-01,0,0,0,0,0,0,2,1,2,81,34,47,105,144.46640659085287,24,3,5,0,0,0,96,9,0,0.0,2,135,130,0.0,0.5,,0.5606839812206462,0.0,0.0,0.0,0.0,0.0,0.0,0.16666666666666666,0.08333333333333333,0.16666666666666666,6.75,2.8333333333333335,3.9166666666666665,8.75,12.038867215904405,2.0,0.25,0.4166666666666667,0.0,0.0,0.0,8.0,0.75,0.0,0.0,0.16666666666666666,11.25,10.833333333333334
000373,Ryder Garnsey,Ryder,Garnsey,A,Attack,50,5,RED,Redwoods,2022-06-04,2026-08-16,137,90,88,1,89,47,264,170,12,0,0,0,0,0.0,84,98,6,0,0,0,0,0,9,7.0,133,1552,1190,0.3371212121212121,0.6439393939393939,,,2.74,1.8,1.76,0.02,1.78,0.94,5.28,3.4,0.24,0.0,0.0,0.0,0.0,0.0,1.68,1.96,0.12,0.0,0.0,0.0,0.0,0.0,0.18,0.14,2.66,31.04,23.8
000376,Cade van Raaphorst,Cade,van Raaphorst,D,Defense,27,3,ATL|CAN,Atlas|Cannons,2022-06-04,2024-08-17,16,14,0,7,7,2,37,15,35,0,0,0,0,0.0,72,16,23,0,2,3,0,0,4,3.0,9,250,197,0.1891891891891892,0.40540540540540543,0.0,,0.5925925925925926,0.5185185185185185,0.0,0.25925925925925924,0.25925925925925924,0.07407407407407407,1.3703703703703705,0.5555555555555556,1.2962962962962963,0.0,0.0,0.0,0.0,0.0,2.6666666666666665,0.5925925925925926,0.8518518518518519,0.0,0.07407407407407407,0.1111111111111111,0.0,0.0,0.14814814814814814,0.1111111111111111,0.3333333333333333,9.25925925925926,7.296296296296297
000377,Johnny Surdick,Johnny,Surdick,D,Defense,2,1,CHA,Chaos,2023-06-17,2023-07-09,1,0,0,0,0,1,0,0,0,0,0,0,0,0.0,5,0,1,0,0,0,0,0,0,0.0,1,6,6,,,,,0.5,0.0,0.0,0.0,0.0,0.5,0.0,0.0,0.0,0.0,0.0,0.0,0.0,0.0,2.5,0.0,0.5,0.0,0.0,0.0,0.0,0.0,0.0,0.0,0.5,3.0,3.0
000385,Wes Berg,Wes,Berg,A,Attack,24,3,CHA|RED,Chaos|Redwoods,2022-06-11,2024-08-17,44,38,38,0,38,6,81,61,0,0,0,0,0,0.0,29,24,4,0,0,0,0,0,5,3.0,27,378,273,0.4691358024691358,0.7530864197530864,,,1.8333333333333333,1.5833333333333333,1.5833333333333333,0.0,1.5833333333333333,0.25,3.375,2.5416666666666665,0.0,0.0,0.0,0.0,0.0,0.0,1.2083333333333333,1.0,0.16666666666666666,0.0,0.0,0.0,0.0,0.0,0.20833333333333334,0.125,1.125,15.75,11.375
000390,Brad Smith,Brad,Smith,M,Midfield,27,4,WHP,Whipsnakes,2022-06-04,2026-05-16,50,36,22,7,29,14,128,78,29,0,0,0,0,0.0,27,33,2,0,0,0,0,0,1,1.0,46,635,474,0.2265625,0.609375,,,1.8518518518518519,1.3333333333333333,0.8148148148148148,0.25925925925925924,1.0740740740740742,0.5185185185185185,4.7407407407407405,2.888888888888889,1.0740740740740742,0.0,0.0,0.0,0.0,0.0,1.0,1.2222222222222223,0.07407407407407407,0.0,0.0,0.0,0.0,0.0,0.037037037037037035,0.037037037037037035,1.7037037037037037,23.51851851851852,17.555555555555557
000391,Grant Ament,Grant,Ament,M,Midfield,31,4,ARC,Archers,2022-07-24,2025-08-09,68,27,25,1,26,41,124,67,6,0,0,0,0,0.0,29,51,1,0,0,0,0,0,3,2.0,150,920,745,0.20967741935483872,0.5403225806451613,,,2.193548387096774,0.8709677419354839,0.8064516129032258,0.03225806451612903,0.8387096774193549,1.3225806451612903,4.0,2.161290322580645,0.1935483870967742,0.0,0.0,0.0,0.0,0.0,0.9354838709677419,1.6451612903225807,0.03225806451612903,0.0,0.0,0.0,0.0,0.0,0.0967741935483871,0.06451612903225806,4.838709677419355,29.677419354838708,24.032258064516128
000395,Bryan Costabile,Bryan,Costabile,M,Midfield,50,5,ATL,Atlas,2022-06-04,2026-08-15,111,82,58,12,70,29,293,178,82,0,0,0,0,0.0,72,91,12,0,1,1,0,0,4,3.5,94,1346,962,0.23890784982935154,0.6075085324232082,0.0,,2.22,1.64,1.16,0.24,1.4,0.58,5.86,3.56,1.64,0.0,0.0,0.0,0.0,0.0,1.44,1.82,0.24,0.0,0.02,0.02,0.0,0.0,0.08,0.07,1.88,26.92,19.24
000397,Reece Eddy,Reece,Eddy,LSM,Long Stick Midfield,1,1,ARC,Archers,2023-06-03,2023-06-03,0,0,0,0,0,0,0,0,0,0,0,0,0,0.0,0,0,1,0,0,0,0,0,1,0.5,0,2,2,,,,,0.0,0.0,0.0,0.0,0.0,0.0,0.0,0.0,0.0,0.0,0.0,0.0,0.0,0.0,0.0,0.0,1.0,0.0,0.0,0.0,0.0,0.0,1.0,0.5,0.0,2.0,2.0
000405,Jesse Bernhardt,Jesse,Bernhardt,D,Defense,34,4,OUT,Outlaws,2022-06-05,2025-08-02,5,0,0,0,0,5,7,1,5,0,0,0,0,0.0,63,7,30,0,0,0,0,0,8,7.0,10,277,263,0.0,0.14285714285714285,,,0.14705882352941177,0.0,0.0,0.0,0.0,0.14705882352941177,0.20588235294117646,0.029411764705882353,0.14705882352941177,0.0,0.0,0.0,0.0,0.0,1.8529411764705883,0.20588235294117646,0.8823529411764706,0.0,0.0,0.0,0.0,0.0,0.23529411764705882,0.20588235294117646,0.29411764705882354,8.147058823529411,7.735294117647059
000406,Craig Chick,Craig,Chick,LSM,Long Stick Midfield,19,3,ATL|CAN,Atlas|Cannons,2022-06-04,2024-07-05,2,1,1,0,1,1,4,3,0,0,0,0,0,0.0,53,7,12,0,6,6,0,0,1,1.0,4,81,70,0.25,0.75,0.0,,0.10526315789473684,0.05263157894736842,0.05263157894736842,0.0,0.05263157894736842,0.05263157894736842,0.21052631578947367,0.15789473684210525,0.0,0.0,0.0,0.0,0.0,0.0,2.789473684210526,0.3684210526315789,0.631578947368421,0.0,0.3157894736842105,0.3157894736842105,0.0,0.0,0.05263157894736842,0.05263157894736842,0.21052631578947367,4.2631578947368425,3.6842105263157894
000408,Matt DeLuca,Matt,DeLuca,G,Goalie,34,5,WAT,Waterdogs,2022-06-05,2026-08-16,0,0,0,0,0,0,2,0,2,307,97,210,304,485.1271095610358,38,6,3,0,0,0,285,19,0,0.0,3,326,318,0.0,0.0,,0.632823839256864,0.0,0.0,0.0,0.0,0.0,0.0,0.058823529411764705,0.0,0.058823529411764705,9.029411764705882,2.8529411764705883,6.176470588235294,8.941176470588236,14.268444398853994,1.1176470588235294,0.17647058823529413,0.08823529411764706,0.0,0.0,0.0,8.382352941176471,0.5588235294117647,0.0,0.0,0.08823529411764706,9.588235294117647,9.352941176470589
000409,Zach Currier,Zach,Currier,M,Midfield,51,5,WAT,Waterdogs,2022-06-05,2026-08-16,76,38,36,1,37,38,121,77,10,0,0,0,0,0.0,243,52,38,52,106,158,0,0,8,6.5,133,1084,911,0.30578512396694213,0.6363636363636364,0.3291139240506329,,1.4901960784313726,0.7450980392156863,0.7058823529411765,0.0196078431372549,0.7254901960784313,0.7450980392156863,2.372549019607843,1.5098039215686274,0.19607843137254902,0.0,0.0,0.0,0.0,0.0,4.764705882352941,1.0196078431372548,0.7450980392156863,1.0196078431372548,2.0784313725490198,3.0980392156862746,0.0,0.0,0.1568627450980392,0.12745098039215685,2.607843137254902,21.254901960784313,17.862745098039216
000410,Eli Gobrecht,Eli,Gobrecht,D,Defense,46,5,ATL|WAT,Atlas|Waterdogs,2022-06-05,2026-08-15,6,5,5,0,5,1,10,7,2,0,0,0,0,0.0,76,10,35,20,140,161,0,0,9,8.5,7,205,185,0.5,0.7,0.12422360248447205,,0.13043478260869565,0.10869565217391304,0.10869565217391304,0.0,0.10869565217391304,0.021739130434782608,0.21739130434782608,0.15217391304347827,0.043478260869565216,0.0,0.0,0.0,0.0,0.0,1.6521739130434783,0.21739130434782608,0.7608695652173914,0.43478260869565216,3.0434782608695654,3.5,0.0,0.0,0.1956521739130435,0.18478260869565216,0.15217391304347827,4.456521739130435,4.021739130434782
000411,Christian Mazzone,Christian,Mazzone,M,Midfield,1,1,WAT,Waterdogs,2022-06-05,2022-06-05,0,0,0,0,0,0,0,0,0,0,0,0,0,0.0,3,0,0,0,0,0,0,0,0,0.0,2,6,6,,,,,0.0,0.0,0.0,0.0,0.0,0.0,0.0,0.0,0.0,0.0,0.0,0.0,0.0,0.0,3.0,0.0,0.0,0.0,0.0,0.0,0.0,0.0,0.0,0.0,2.0,6.0,6.0
000414,Rob Pannell,Rob,Pannell,A,Attack,50,5,RED|WHP,Redwoods|Whipsnakes,2022-06-04,2026-08-16,156,68,68,0,68,88,302,173,6,0,0,0,0,0.0,87,124,8,0,0,0,0,0,7,4.0,260,1795,1369,0.2251655629139073,0.5728476821192053,,,3.12,1.36,1.36,0.0,1.36,1.76,6.04,3.46,0.12,0.0,0.0,0.0,0.0,0.0,1.74,2.48,0.16,0.0,0.0,0.0,0.0,0.0,0.14,0.08,5.2,35.9,27.38
000416,Ryland Rees,Ryland,Rees,LSM,Long Stick Midfield,30,4,RED|WAT,Redwoods|Waterdogs,2022-06-05,2025-08-08,16,14,2,6,8,2,25,17,21,0,0,0,0,0.0,55,13,17,0,3,3,0,0,2,1.0,6,124,86,0.32,0.68,0.0,,0.5333333333333333,0.4666666666666667,0.06666666666666667,0.2,0.26666666666666666,0.06666666666666667,0.8333333333333334,0.5666666666666667,0.7,0.0,0.0,0.0,0.0,0.0,1.8333333333333333,0.43333333333333335,0.5666666666666667,0.0,0.1,0.1,0.0,0.0,0.06666666666666667,0.03333333333333333,0.2,4.133333333333334,2.8666666666666667
000417,Finn Sullivan,Finn,Sullivan,D,Defense,8,2,CAN|RED,Cannons|Redwoods,2022-06-04,2023-06-10,0,0,0,0,0,0,0,0,0,0,0,0,0,0.0,10,4,6,0,0,0,0,0,1,1.0,0,33,29,,,,,0.0,0.0,0.0,0.0,0.0,0.0,0.0,0.0,0.0,0.0,0.0,0.0,0.0,0.0,1.25,0.5,0.75,0.0,0.0,0.0,0.0,0.0,0.125,0.125,0.0,4.125,3.625
000418,Dillon Ward,Dillon,Ward,G,Goalie,37,5,RED|WAT,Redwoods|Waterdogs,2022-07-03,2026-08-16,1,0,0,0,0,1,2,1,2,422,118,304,407,479.36627577753,63,10,13,0,0,0,376,31,1,1.0,4,433,421,0.0,0.5,,0.8803289286788434,0.02702702702702703,0.0,0.0,0.0,0.0,0.02702702702702703,0.05405405405405406,0.02702702702702703,0.05405405405405406,11.405405405405405,3.189189189189189,8.216216216216216,11.0,12.955845291284595,1.7027027027027026,0.2702702702702703,0.35135135135135137,0.0,0.0,0.0,10.162162162162161,0.8378378378378378,0.02702702702702703,0.02702702702702703,0.10810810810810811,11.702702702702704,11.378378378378379
000419,Zed Williams,Zed,Williams,A,Attack,28,4,WAT|WHP,Waterdogs|Whipsnakes,2022-06-24,2026-05-17,74,58,54,2,56,16,204,127,12,0,0,0,0,0.0,42,44,3,0,0,0,0,0,2,1.5,68,695,447,0.27450980392156865,0.6225490196078431,,,2.642857142857143,2.0714285714285716,1.9285714285714286,0.07142857142857142,2.0,0.5714285714285714,7.285714285714286,4.535714285714286,0.42857142857142855,0.0,0.0,0.0,0.0,0.0,1.5,1.5714285714285714,0.10714285714285714,0.0,0.0,0.0,0.0,0.0,0.07142857142857142,0.05357142857142857,2.4285714285714284,24.821428571428573,15.964285714285714
000422,Eli Salama,Eli,Salama,LSM,Long Stick Midfield,20,2,OUT,Outlaws,2022-06-05,2023-08-27,10,7,3,2,5,3,18,11,10,0,0,0,0,0.0,33,9,9,0,28,28,0,0,6,6.0,6,92,65,0.2777777777777778,0.6111111111111112,0.0,,0.5,0.35,0.15,0.1,0.25,0.15,0.9,0.55,0.5,0.0,0.0,0.0,0.0,0.0,1.65,0.45,0.45,0.0,1.4,1.4,0.0,0.0,0.3,0.3,0.3,4.6,3.25
000424,Jake Pulver,Jake,Pulver,D,Defense,22,3,CAN,Cannons,2022-06-05,2024-08-17,1,1,1,0,1,0,5,3,3,0,0,0,0,0.0,29,11,17,2,34,36,0,0,0,0.0,1,92,76,0.2,0.6,0.05555555555555555,,0.045454545454545456,0.045454545454545456,0.045454545454545456,0.0,0.045454545454545456,0.0,0.22727272727272727,0.13636363636363635,0.13636363636363635,0.0,0.0,0.0,0.0,0.0,1.3181818181818181,0.5,0.7727272727272727,0.09090909090909091,1.5454545454545454,1.6363636363636365,0.0,0.0,0.0,0.0,0.045454545454545456,4.181818181818182,3.4545454545454546
000425,Jesse King,Jesse,King,M,Midfield,6,1,OUT,Outlaws,2023-07-15,2023-08-27,8,3,3,0,3,5,12,9,1,0,0,0,0,0.0,2,9,1,0,0,0,0,0,1,0.5,17,101,80,0.25,0.75,,,1.3333333333333333,0.5,0.5,0.0,0.5,0.8333333333333334,2.0,1.5,0.16666666666666666,0.0,0.0,0.0,0.0,0.0,0.3333333333333333,1.5,0.16666666666666666,0.0,0.0,0.0,0.0,0.0,0.16666666666666666,0.08333333333333333,2.8333333333333335,16.833333333333332,13.333333333333334
000427,Jake Withers,Jake,Withers,FO,Faceoff,6,1,WAT,Waterdogs,2022-06-05,2022-08-21,1,1,1,0,1,0,3,1,0,0,0,0,0,0.0,28,2,2,69,76,147,0,0,1,0.5,3,29,24,0.3333333333333333,0.3333333333333333,0.46938775510204084,,0.16666666666666666,0.16666666666666666,0.16666666666666666,0.0,0.16666666666666666,0.0,0.5,0.16666666666666666,0.0,0.0,0.0,0.0,0.0,0.0,4.666666666666667,0.3333333333333333,0.3333333333333333,11.5,12.666666666666666,24.5,0.0,0.0,0.16666666666666666,0.08333333333333333,0.5,4.833333333333333,4.0
000434,Matt Abbott,Matt,Abbott,SSDM,Defensive Midfield,5,1,CAN,Cannons,2022-06-25,2022-08-06,0,0,0,0,0,0,3,1,1,0,0,0,0,0.0,9,1,1,0,0,0,0,0,1,0.5,1,32,28,0.0,0.3333333333333333,,,0.0,0.0,0.0,0.0,0.0,0.0,0.6,0.2,0.2,0.0,0.0,0.0,0.0,0.0,1.8,0.2,0.2,0.0,0.0,0.0,0.0,0.0,0.2,0.1,0.2,6.4,5.6
000614,Brian Phipps,Brian,Phipps,G,Goalie,1,1,WHP,Whipsnakes,2023-07-14,2023-07-14,0,0,0,0,0,0,0,0,0,9,2,7,13,19.978655282817503,0,0,0,0,0,0,12,1,0,0.0,1,9,9,,,,0.45048076923076924,0.0,0.0,0.0,0.0,0.0,0.0,0.0,0.0,0.0,9.0,2.0,7.0,13.0,19.978655282817503,0.0,0.0,0.0,0.0,0.0,0.0,12.0,1.0,0.0,0.0,1.0,9.0,9.0
000700,Tommy Palasek,Tommy,Palasek,A,Attack,2,1,CHA,Chaos,2022-06-04,2022-06-18,2,0,0,0,0,2,3,2,0,0,0,0,0,0.0,1,4,0,0,0,0,0,0,0,0.0,4,52,45,0.0,0.6666666666666666,,,1.0,0.0,0.0,0.0,0.0,1.0,1.5,1.0,0.0,0.0,0.0,0.0,0.0,0.0,0.5,2.0,0.0,0.0,0.0,0.0,0.0,0.0,0.0,0.0,2.0,26.0,22.5
000727,CJ Costabile,CJ,Costabile,LSM,Long Stick Midfield,24,3,CHA,Chaos,2022-06-04,2024-08-10,14,13,5,4,9,1,34,18,19,0,0,0,0,0.0,54,12,10,13,16,29,0,0,7,5.0,8,137,91,0.2647058823529412,0.5294117647058824,0.4482758620689655,,0.5833333333333334,0.5416666666666666,0.20833333333333334,0.16666666666666666,0.375,0.041666666666666664,1.4166666666666667,0.75,0.7916666666666666,0.0,0.0,0.0,0.0,0.0,2.25,0.5,0.4166666666666667,0.5416666666666666,0.6666666666666666,1.2083333333333333,0.0,0.0,0.2916666666666667,0.20833333333333334,0.3333333333333333,5.708333333333333,3.7916666666666665
000815,Austin Kaut,Austin,Kaut,G,Goalie,13,4,CHA,Chaos,2023-07-09,2026-07-18,0,0,0,0,0,0,2,1,2,90,32,58,83,142.70346266498026,13,5,1,0,0,0,75,8,1,0.0,0,107,100,0.0,0.5,,0.6306784595079499,0.0,0.0,0.0,0.0,0.0,0.0,0.15384615384615385,0.07692307692307693,0.15384615384615385,6.923076923076923,2.4615384615384617,4.461538461538462,6.384615384615385,10.977189435767713,1.0,0.38461538461538464,0.07692307692307693,0.0,0.0,0.0,5.769230769230769,0.6153846153846154,0.07692307692307693,0.0,0.0,8.23076923076923,7.6923076923076925
000823,Mark Cockerton,Mark,Cockerton,A,Attack,4,2,ATL|CAN,Atlas|Cannons,2022-07-31,2023-08-19,6,6,6,0,6,0,27,12,0,0,0,0,0,0.0,0,4,0,0,0,0,0,0,0,0.0,2,66,35,0.2222222222222222,0.4444444444444444,,,1.5,1.5,1.5,0.0,1.5,0.0,6.75,3.0,0.0,0.0,0.0,0.0,0.0,0.0,0.0,1.0,0.0,0.0,0.0,0.0,0.0,0.0,0.0,0.0,0.5,16.5,8.75
000886,Lyle Thompson,Lyle,Thompson,A,Attack,9,1,CAN,Cannons,2022-06-05,2022-08-21,44,26,26,0,26,18,66,42,0,0,0,0,0,0.0,22,25,5,0,0,0,0,0,1,0.5,56,283,192,0.3939393939393939,0.6363636363636364,,,4.888888888888889,2.888888888888889,2.888888888888889,0.0,2.888888888888889,2.0,7.333333333333333,4.666666666666667,0.0,0.0,0.0,0.0,0.0,0.0,2.4444444444444446,2.7777777777777777,0.5555555555555556,0.0,0.0,0.0,0.0,0.0,0.1111111111111111,0.05555555555555555,6.222222222222222,31.444444444444443,21.333333333333332
000921,Challen Rogers,Challen,Rogers,M,Midfield,16,3,ARC|CHA,Archers|Chaos,2022-06-18,2024-06-29,16,12,12,0,12,4,29,19,1,0,0,0,0,0.0,14,26,2,0,0,0,0,0,3,2.0,29,207,152,0.41379310344827586,0.6551724137931034,,,1.0,0.75,0.75,0.0,0.75,0.25,1.8125,1.1875,0.0625,0.0,0.0,0.0,0.0,0.0,0.875,1.625,0.125,0.0,0.0,0.0,0.0,0.0,0.1875,0.125,1.8125,12.9375,9.5
000922,Graeme Hossack,Graeme,Hossack,D,Defense,37,4,ARC,Archers,2022-06-05,2025-08-09,2,1,1,0,1,1,16,8,10,0,0,0,0,0.0,117,10,39,8,37,46,0,0,13,11.5,13,277,251,0.0625,0.5,0.17391304347826086,,0.05405405405405406,0.02702702702702703,0.02702702702702703,0.0,0.02702702702702703,0.02702702702702703,0.43243243243243246,0.21621621621621623,0.2702702702702703,0.0,0.0,0.0,0.0,0.0,3.1621621621621623,0.2702702702702703,1.054054054054054,0.21621621621621623,1.0,1.2432432432432432,0.0,0.0,0.35135135135135137,0.3108108108108108,0.35135135135135137,7.486486486486487,6.783783783783784
000925,Liam Byrnes,Liam,Byrnes,D,Defense,30,4,CHA|WAT,Chaos|Waterdogs,2022-06-05,2026-06-06,2,0,0,0,0,2,10,1,2,0,0,0,0,0.0,66,15,34,0,0,0,0,0,4,2.5,11,243,218,0.0,0.1,,,0.06666666666666667,0.0,0.0,0.0,0.0,0.06666666666666667,0.3333333333333333,0.03333333333333333,0.06666666666666667,0.0,0.0,0.0,0.0,0.0,2.2,0.5,1.1333333333333333,0.0,0.0,0.0,0.0,0.0,0.13333333333333333,0.08333333333333333,0.36666666666666664,8.1,7.266666666666667
000929,Matthew Hossack,Matthew,Hossack,LSM,Long Stick Midfield,2,1,WAT,Waterdogs,2022-06-17,2022-08-21,0,0,0,0,0,0,1,1,1,0,0,0,0,0.0,2,0,2,0,3,3,0,0,0,0.0,0,6,5,0.0,1.0,0.0,,0.0,0.0,0.0,0.0,0.0,0.0,0.5,0.5,0.5,0.0,0.0,0.0,0.0,0.0,1.0,0.0,1.0,0.0,1.5,1.5,0.0,0.0,0.0,0.0,0.0,3.0,2.5
000946,Bryan Cole,Bryan,Cole,M,Midfield,8,1,WHP,Whipsnakes,2022-06-04,2022-08-06,13,6,6,0,6,7,25,14,0,0,0,0,0,0.0,5,11,0,0,0,0,0,0,1,1.0,19,181,145,0.24,0.56,,,1.625,0.75,0.75,0.0,0.75,0.875,3.125,1.75,0.0,0.0,0.0,0.0,0.0,0.0,0.625,1.375,0.0,0.0,0.0,0.0,0.0,0.0,0.125,0.125,2.375,22.625,18.125
000960,Shayne Jackson,Shayne,Jackson,A,Attack,3,1,CAN,Cannons,2022-06-05,2022-06-18,4,3,3,0,3,1,18,14,0,0,0,0,0,0.0,2,5,0,0,0,0,0,0,1,0.5,2,44,21,0.16666666666666666,0.7777777777777778,,,1.3333333333333333,1.0,1.0,0.0,1.0,0.3333333333333333,6.0,4.666666666666667,0.0,0.0,0.0,0.0,0.0,0.0,0.6666666666666666,1.6666666666666667,0.0,0.0,0.0,0.0,0.0,0.0,0.3333333333333333,0.16666666666666666,0.6666666666666666,14.666666666666666,7.0
000978,Kyle Jackson,Kyle,Jackson,M,Midfield,32,5,ATL|CHA,Atlas|Chaos,2022-06-04,2026-05-09,37,27,27,0,27,10,101,64,8,0,0,0,0,0.0,23,34,2,0,0,0,0,0,1,1.0,46,645,510,0.26732673267326734,0.6336633663366337,,,1.15625,0.84375,0.84375,0.0,0.84375,0.3125,3.15625,2.0,0.25,0.0,0.0,0.0,0.0,0.0,0.71875,1.0625,0.0625,0.0,0.0,0.0,0.0,0.0,0.03125,0.03125,1.4375,20.15625,15.9375
001001,Dylan Molloy,Dylan,Molloy,A,Attack,39,5,ATL|OUT|RED,Atlas|Outlaws|Redwoods,2022-06-05,2026-08-16,101,73,71,1,72,28,248,157,11,0,0,0,0,0.0,52,75,8,0,0,0,0,0,4,2.5,75,1045,722,0.2903225806451613,0.6330645161290323,,,2.58974358974359,1.8717948717948718,1.8205128205128205,0.02564102564102564,1.8461538461538463,0.717948717948718,6.358974358974359,4.0256410256410255,0.28205128205128205,0.0,0.0,0.0,0.0,0.0,1.3333333333333333,1.9230769230769231,0.20512820512820512,0.0,0.0,0.0,0.0,0.0,0.10256410256410256,0.0641025641025641,1.9230769230769231,26.794871794871796,18.512820512820515
001009,Colin Heacock,Colin,Heacock,M,Midfield,47,5,OUT|WHP,Outlaws|Whipsnakes,2022-06-05,2026-08-16,40,33,33,0,33,7,140,77,9,0,0,0,0,0.0,23,31,3,0,0,0,0,0,6,4.5,36,661,490,0.2357142857142857,0.55,,,0.851063829787234,0.7021276595744681,0.7021276595744681,0.0,0.7021276595744681,0.14893617021276595,2.978723404255319,1.6382978723404256,0.19148936170212766,0.0,0.0,0.0,0.0,0.0,0.48936170212765956,0.6595744680851063,0.06382978723404255,0.0,0.0,0.0,0.0,0.0,0.1276595744680851,0.09574468085106383,0.7659574468085106,14.063829787234043,10.425531914893616
001010,Isaiah Davis-Allen,Isaiah,Davis-Allen,SSDM,Defensive Midfield,25,3,RED,Redwoods,2022-06-04,2024-08-17,1,0,0,0,0,1,3,3,1,0,0,0,0,0.0,24,8,5,6,23,29,0,0,3,2.5,7,160,149,0.0,1.0,0.20689655172413793,,0.04,0.0,0.0,0.0,0.0,0.04,0.12,0.12,0.04,0.0,0.0,0.0,0.0,0.0,0.96,0.32,0.2,0.24,0.92,1.16,0.0,0.0,0.12,0.1,0.28,6.4,5.96
001020,Mike Messenger,Mike,Messenger,SSDM,Defensive Midfield,17,3,OUT,Outlaws,2022-06-05,2024-06-08,11,10,10,0,10,1,23,16,2,0,0,0,0,0.0,26,10,12,8,23,31,0,0,6,6.5,10,141,108,0.43478260869565216,0.6956521739130435,0.25806451612903225,,0.6470588235294118,0.5882352941176471,0.5882352941176471,0.0,0.5882352941176471,0.058823529411764705,1.3529411764705883,0.9411764705882353,0.11764705882352941,0.0,0.0,0.0,0.0,0.0,1.5294117647058822,0.5882352941176471,0.7058823529411765,0.47058823529411764,1.3529411764705883,1.8235294117647058,0.0,0.0,0.35294117647058826,0.38235294117647056,0.5882352941176471,8.294117647058824,6.352941176470588
001391,Mikie Schlosser,Mikie,Schlosser,M,Midfield,13,4,OUT|WAT,Outlaws|Waterdogs,2022-06-05,2026-05-09,9,9,7,1,8,0,29,20,3,0,0,0,0,0.0,6,9,0,0,0,0,0,0,0,0.0,8,171,133,0.27586206896551724,0.6896551724137931,,,0.6923076923076923,0.6923076923076923,0.5384615384615384,0.07692307692307693,0.6153846153846154,0.0,2.230769230769231,1.5384615384615385,0.23076923076923078,0.0,0.0,0.0,0.0,0.0,0.46153846153846156,0.6923076923076923,0.0,0.0,0.0,0.0,0.0,0.0,0.0,0.0,0.6153846153846154,13.153846153846153,10.23076923076923
001397,Michael Rexrode,Michael,Rexrode,D,Defense,52,5,ATL,Atlas,2022-06-04,2026-08-15,4,4,2,1,3,0,8,5,5,0,0,0,0,0.0,79,13,55,0,1,1,0,0,15,12.0,5,276,255,0.375,0.625,0.0,,0.07692307692307693,0.07692307692307693,0.038461538461538464,0.019230769230769232,0.057692307692307696,0.0,0.15384615384615385,0.09615384615384616,0.09615384615384616,0.0,0.0,0.0,0.0,0.0,1.5192307692307692,0.25,1.0576923076923077,0.0,0.019230769230769232,0.019230769230769232,0.0,0.0,0.28846153846153844,0.23076923076923078,0.09615384615384616,5.3076923076923075,4.903846153846154
001402,Max Adler,Max,Adler,FO,Faceoff,5,2,CHA,Chaos,2022-07-31,2023-07-09,1,0,0,0,0,1,2,1,0,0,0,0,0,0.0,27,8,0,50,65,116,0,0,2,1.0,2,24,14,0.0,0.5,0.43103448275862066,,0.2,0.0,0.0,0.0,0.0,0.2,0.4,0.2,0.0,0.0,0.0,0.0,0.0,0.0,5.4,1.6,0.0,10.0,13.0,23.2,0.0,0.0,0.4,0.2,0.4,4.8,2.8
001406,Ben Randall,Ben,Randall,D,Defense,50,5,OUT|WAT,Outlaws|Waterdogs,2022-06-05,2026-08-01,8,6,4,1,5,2,20,15,11,0,0,0,0,0.0,117,24,60,0,0,0,0,0,5,4.0,10,401,357,0.25,0.75,,,0.16,0.12,0.08,0.02,0.1,0.04,0.4,0.3,0.22,0.0,0.0,0.0,0.0,0.0,2.34,0.48,1.2,0.0,0.0,0.0,0.0,0.0,0.1,0.08,0.2,8.02,7.14
001414,Scott Hooper,Scott,Hooper,D,Defense,1,1,CAN,Cannons,2022-06-05,2022-06-05,0,0,0,0,0,0,0,0,0,0,0,0,0,0.0,1,0,2,0,0,0,0,0,0,0.0,0,2,2,,,,,0.0,0.0,0.0,0.0,0.0,0.0,0.0,0.0,0.0,0.0,0.0,0.0,0.0,0.0,1.0,0.0,2.0,0.0,0.0,0.0,0.0,0.0,0.0,0.0,0.0,2.0,2.0
001415,Greg Weyl,Greg,Weyl,LSM,Long Stick Midfield,16,4,OUT,Outlaws,2023-07-08,2026-08-16,2,2,2,0,2,0,8,2,2,0,0,0,0,0.0,26,1,15,0,0,0,0,0,6,5.0,1,59,50,0.25,0.25,,,0.125,0.125,0.125,0.0,0.125,0.0,0.5,0.125,0.125,0.0,0.0,0.0,0.0,0.0,1.625,0.0625,0.9375,0.0,0.0,0.0,0.0,0.0,0.375,0.3125,0.0625,3.6875,3.125
001417,Bryce Wasserman,Bryce,Wasserman,A,Attack,2,1,CHA,Chaos,2022-06-04,2022-06-11,1,0,0,0,0,1,2,1,0,0,0,0,0,0.0,0,3,0,0,0,0,0,0,0,0.0,2,33,28,0.0,0.5,,,0.5,0.0,0.0,0.0,0.0,0.5,1.0,0.5,0.0,0.0,0.0,0.0,0.0,0.0,0.0,1.5,0.0,0.0,0.0,0.0,0.0,0.0,0.0,0.0,1.0,16.5,14.0
001427,Nick Marrocco,Nick,Marrocco,G,Goalie,9,1,CAN,Cannons,2022-06-05,2022-08-13,0,0,0,0,0,0,2,2,2,123,49,74,129,128.6796232519601,23,0,3,0,0,0,124,5,1,1.0,3,151,149,0.0,1.0,,0.9558622949894782,0.0,0.0,0.0,0.0,0.0,0.0,0.2222222222222222,0.2222222222222222,0.2222222222222222,13.666666666666666,5.444444444444445,8.222222222222221,14.333333333333334,14.297735916884456,2.5555555555555554,0.0,0.3333333333333333,0.0,0.0,0.0,13.777777777777779,0.5555555555555556,0.1111111111111111,0.1111111111111111,0.3333333333333333,16.77777777777778,16.555555555555557
001657,Brendan Bomberry,Brendan,Bomberry,A,Attack,3,1,CAN,Cannons,2022-06-05,2022-06-18,1,1,1,0,1,0,8,3,0,0,0,0,0,0.0,1,2,0,0,0,0,0,0,0,0.0,0,26,16,0.125,0.375,,,0.3333333333333333,0.3333333333333333,0.3333333333333333,0.0,0.3333333333333333,0.0,2.6666666666666665,1.0,0.0,0.0,0.0,0.0,0.0,0.0,0.3333333333333333,0.6666666666666666,0.0,0.0,0.0,0.0,0.0,0.0,0.0,0.0,0.0,8.666666666666666,5.333333333333333
001661,Warren Jeffrey,Warren,Jeffrey,D,Defense,39,4,ARC,Archers,2023-06-09,2026-08-08,1,0,0,0,0,1,0,0,0,0,0,0,0,0.0,47,10,26,0,0,0,0,0,14,10.5,3,178,168,,,,,0.02564102564102564,0.0,0.0,0.0,0.0,0.02564102564102564,0.0,0.0,0.0,0.0,0.0,0.0,0.0,0.0,1.205128205128205,0.2564102564102564,0.6666666666666666,0.0,0.0,0.0,0.0,0.0,0.358974358974359,0.2692307692307692,0.07692307692307693,4.564102564102564,4.3076923076923075
001662,Andrew Kew,Andrew,Kew,A,Attack,1,1,CHA,Chaos,2022-06-11,2022-06-11,0,0,0,0,0,0,4,0,1,0,0,0,0,0.0,2,1,0,0,0,0,0,0,0,0.0,1,15,10,0.0,0.0,,,0.0,0.0,0.0,0.0,0.0,0.0,4.0,0.0,1.0,0.0,0.0,0.0,0.0,0.0,2.0,1.0,0.0,0.0,0.0,0.0,0.0,0.0,0.0,0.0,1.0,15.0,10.0
001671,Zach Goodrich,Zach,Goodrich,SSDM,Defensive Midfield,52,5,CAN,Cannons,2022-06-05,2026-08-09,4,1,1,0,1,3,7,4,1,0,0,0,0,0.0,30,10,27,2,23,26,0,0,24,14.5,13,275,258,0.14285714285714285,0.5714285714285714,0.07692307692307693,,0.07692307692307693,0.019230769230769232,0.019230769230769232,0.0,0.019230769230769232,0.057692307692307696,0.1346153846153846,0.07692307692307693,0.019230769230769232,0.0,0.0,0.0,0.0,0.0,0.5769230769230769,0.19230769230769232,0.5192307692307693,0.038461538461538464,0.4423076923076923,0.5,0.0,0.0,0.46153846153846156,0.27884615384615385,0.25,5.288461538461538,4.961538461538462
001707,Matt Whitcher,Matt,Whitcher,SSDM,Defensive Midfield,49,5,WAT,Waterdogs,2022-06-05,2026-08-16,12,10,10,0,10,2,44,28,6,0,0,0,0,0.0,72,14,30,0,20,20,0,0,12,6.5,15,341,283,0.22727272727272727,0.6363636363636364,0.0,,0.24489795918367346,0.20408163265306123,0.20408163265306123,0.0,0.20408163265306123,0.04081632653061224,0.8979591836734694,0.5714285714285714,0.12244897959183673,0.0,0.0,0.0,0.0,0.0,1.469387755102041,0.2857142857142857,0.6122448979591837,0.0,0.40816326530612246,0.40816326530612246,0.0,0.0,0.24489795918367346,0.1326530612244898,0.30612244897959184,6.959183673469388,5.775510204081633
001724,Sean Sconone,Sean,Sconone,G,Goalie,21,3,OUT,Outlaws,2022-06-05,2024-07-27,1,0,0,0,0,1,0,0,0,227,70,157,225,229.22090568040218,37,10,4,0,0,0,208,17,0,0.0,6,288,278,,,,0.9903110683826599,0.047619047619047616,0.0,0.0,0.0,0.0,0.047619047619047616,0.0,0.0,0.0,10.80952380952381,3.3333333333333335,7.476190476190476,10.714285714285714,10.915281222876294,1.7619047619047619,0.47619047619047616,0.19047619047619047,0.0,0.0,0.0,9.904761904761905,0.8095238095238095,0.0,0.0,0.2857142857142857,13.714285714285714,13.238095238095237
001727,Bradley Voigt,Bradley,Voigt,A,Attack,2,2,CHA,Chaos,2022-06-04,2023-06-04,2,2,2,0,2,0,5,4,0,0,0,0,0,0.0,2,5,0,0,0,0,0,0,0,0.0,3,27,17,0.4,0.8,,,1.0,1.0,1.0,0.0,1.0,0.0,2.5,2.0,0.0,0.0,0.0,0.0,0.0,0.0,1.0,2.5,0.0,0.0,0.0,0.0,0.0,0.0,0.0,0.0,1.5,13.5,8.5
001729,Chris Aslanian,Chris,Aslanian,M,Midfield,29,5,CAN|CHA|WHP,Cannons|Chaos|Whipsnakes,2022-06-12,2026-08-01,47,35,21,7,28,12,121,75,38,0,0,0,0,0.0,11,19,2,0,0,0,0,0,0,0.0,45,591,451,0.23140495867768596,0.6198347107438017,,,1.6206896551724137,1.206896551724138,0.7241379310344828,0.2413793103448276,0.9655172413793104,0.41379310344827586,4.172413793103448,2.586206896551724,1.3103448275862069,0.0,0.0,0.0,0.0,0.0,0.3793103448275862,0.6551724137931034,0.06896551724137931,0.0,0.0,0.0,0.0,0.0,0.0,0.0,1.5517241379310345,20.379310344827587,15.551724137931034
001733,Charlie Hayes,Charlie,Hayes,SSDM,Defensive Midfield,26,4,WAT,Waterdogs,2023-06-10,2026-08-16,5,3,3,0,3,2,10,7,1,0,0,0,0,0.0,37,7,12,0,5,5,0,0,2,1.5,5,135,118,0.3,0.7,0.0,,0.19230769230769232,0.11538461538461539,0.11538461538461539,0.0,0.11538461538461539,0.07692307692307693,0.38461538461538464,0.2692307692307692,0.038461538461538464,0.0,0.0,0.0,0.0,0.0,1.4230769230769231,0.2692307692307692,0.46153846153846156,0.0,0.19230769230769232,0.19230769230769232,0.0,0.0,0.07692307692307693,0.057692307692307696,0.19230769230769232,5.1923076923076925,4.538461538461538
001740,Andrew Newbold,Andrew,Newbold,LSM,Long Stick Midfield,4,1,CAN,Cannons,2022-07-31,2022-08-21,1,1,1,0,1,0,3,2,1,0,0,0,0,0.0,0,0,1,0,3,3,0,0,0,0.0,2,9,6,0.3333333333333333,0.6666666666666666,0.0,,0.25,0.25,0.25,0.0,0.25,0.0,0.75,0.5,0.25,0.0,0.0,0.0,0.0,0.0,0.0,0.0,0.25,0.0,0.75,0.75,0.0,0.0,0.0,0.0,0.5,2.25,1.5
001746,Daniel Bucaro,Daniel,Bucaro,M,Midfield,9,1,ATL,Atlas,2022-06-04,2022-08-21,12,9,9,0,9,3,31,17,0,0,0,0,0,0.0,5,9,1,0,0,0,0,0,0,0.0,9,106,66,0.2903225806451613,0.5483870967741935,,,1.3333333333333333,1.0,1.0,0.0,1.0,0.3333333333333333,3.4444444444444446,1.8888888888888888,0.0,0.0,0.0,0.0,0.0,0.0,0.5555555555555556,1.0,0.1111111111111111,0.0,0.0,0.0,0.0,0.0,0.0,0.0,1.0,11.777777777777779,7.333333333333333
001760,Pat Aslanian,Pat,Aslanian,SSDM,Defensive Midfield,14,3,CAN,Cannons,2022-08-06,2024-06-01,1,0,0,0,0,1,5,1,1,0,0,0,0,0.0,2,6,3,1,4,5,0,0,4,3.0,3,62,51,0.0,0.2,0.2,,0.07142857142857142,0.0,0.0,0.0,0.0,0.07142857142857142,0.35714285714285715,0.07142857142857142,0.07142857142857142,0.0,0.0,0.0,0.0,0.0,0.14285714285714285,0.42857142857142855,0.21428571428571427,0.07142857142857142,0.2857142857142857,0.35714285714285715,0.0,0.0,0.2857142857142857,0.21428571428571427,0.21428571428571427,4.428571428571429,3.642857142857143
001763,Alex Woodall,Alex,Woodall,FO,Faceoff,4,1,CAN,Cannons,2022-06-05,2022-07-24,1,0,0,0,0,1,0,0,0,0,0,0,0,0.0,12,2,0,23,27,50,0,0,0,0.0,1,12,10,,,0.46,,0.25,0.0,0.0,0.0,0.0,0.25,0.0,0.0,0.0,0.0,0.0,0.0,0.0,0.0,3.0,0.5,0.0,5.75,6.75,12.5,0.0,0.0,0.0,0.0,0.25,3.0,2.5
001766,Holden Garlent,Holden,Garlent,D,Defense,17,2,CAN|RED,Cannons|Redwoods,2022-06-05,2024-07-28,2,2,0,1,1,0,4,3,3,0,0,0,0,0.0,31,8,11,0,0,0,0,0,5,3.0,1,77,65,0.25,0.75,,,0.11764705882352941,0.11764705882352941,0.0,0.058823529411764705,0.058823529411764705,0.0,0.23529411764705882,0.17647058823529413,0.17647058823529413,0.0,0.0,0.0,0.0,0.0,1.8235294117647058,0.47058823529411764,0.6470588235294118,0.0,0.0,0.0,0.0,0.0,0.29411764705882354,0.17647058823529413,0.058823529411764705,4.529411764705882,3.823529411764706
001773,Nick Washuta,Nick,Washuta,G,Goalie,10,4,ARC,Archers,2022-06-11,2026-08-01,0,0,0,0,0,0,0,0,0,40,13,27,33,657.0479937489489,6,1,2,0,0,0,30,3,0,0.0,0,51,50,,,,0.060878353454471665,0.0,0.0,0.0,0.0,0.0,0.0,0.0,0.0,0.0,4.0,1.3,2.7,3.3,65.70479937489489,0.6,0.1,0.2,0.0,0.0,0.0,3.0,0.3,0.0,0.0,0.0,5.1,5.0
001793,Chase Fraser,Chase,Fraser,A,Attack,10,2,CHA,Chaos,2022-06-25,2023-08-27,17,16,16,0,16,1,56,35,2,0,0,0,0,0.0,19,24,4,0,0,0,0,0,2,1.5,6,278,198,0.2857142857142857,0.625,,,1.7,1.6,1.6,0.0,1.6,0.1,5.6,3.5,0.2,0.0,0.0,0.0,0.0,0.0,1.9,2.4,0.4,0.0,0.0,0.0,0.0,0.0,0.2,0.15,0.6,27.8,19.8
001795,Christian Scarpello,Christian,Scarpello,SSDM,Defensive Midfield,40,5,CHA|WAT,Chaos|Waterdogs,2022-06-05,2026-08-08,8,6,6,0,6,2,12,9,2,0,0,0,0,0.0,46,11,11,1,20,21,0,0,2,2.0,10,243,220,0.5,0.75,0.047619047619047616,,0.2,0.15,0.15,0.0,0.15,0.05,0.3,0.225,0.05,0.0,0.0,0.0,0.0,0.0,1.15,0.275,0.275,0.025,0.5,0.525,0.0,0.0,0.05,0.05,0.25,6.075,5.5
001796,Latrell Harris,Latrell,Harris,SSDM,Defensive Midfield,20,2,ARC,Archers,2022-06-05,2023-08-26,6,4,4,0,4,2,7,4,0,0,0,0,0,0.0,37,5,10,0,0,0,0,0,6,5.0,20,150,138,0.5714285714285714,0.5714285714285714,,,0.3,0.2,0.2,0.0,0.2,0.1,0.35,0.2,0.0,0.0,0.0,0.0,0.0,0.0,1.85,0.25,0.5,0.0,0.0,0.0,0.0,0.0,0.3,0.25,1.0,7.5,6.9
001797,JD Colarusso,JD,Colarusso,G,Goalie,2,1,ATL,Atlas,2022-06-04,2022-07-30,0,0,0,0,0,0,0,0,0,7,3,4,7,14.0,2,1,0,0,0,0,6,1,0,0.0,0,7,6,,,,0.5,0.0,0.0,0.0,0.0,0.0,0.0,0.0,0.0,0.0,3.5,1.5,2.0,3.5,7.0,1.0,0.5,0.0,0.0,0.0,0.0,3.0,0.5,0.0,0.0,0.0,3.5,3.0
001809,Jeff Teat,Jeff,Teat,A,Attack,40,4,ATL,Atlas,2022-06-04,2025-08-09,178,78,78,0,78,100,236,158,2,0,0,0,0,0.0,74,89,6,0,0,0,0,0,1,0.5,286,1509,1184,0.3305084745762712,0.6694915254237288,,,4.45,1.95,1.95,0.0,1.95,2.5,5.9,3.95,0.05,0.0,0.0,0.0,0.0,0.0,1.85,2.225,0.15,0.0,0.0,0.0,0.0,0.0,0.025,0.0125,7.15,37.725,29.6
001810,Michael Sowers,Michael,Sowers,A,Attack,51,5,WAT,Waterdogs,2022-06-05,2026-08-16,191,101,101,0,101,90,341,248,10,0,0,0,0,0.0,45,94,2,0,0,0,0,0,4,3.0,300,1694,1259,0.2961876832844575,0.7272727272727273,,,3.7450980392156863,1.9803921568627452,1.9803921568627452,0.0,1.9803921568627452,1.7647058823529411,6.686274509803922,4.862745098039215,0.19607843137254902,0.0,0.0,0.0,0.0,0.0,0.8823529411764706,1.8431372549019607,0.0392156862745098,0.0,0.0,0.0,0.0,0.0,0.0784313725490196,0.058823529411764705,5.882352941176471,33.21568627450981,24.686274509803923
001811,JT Giles-Harris,JT,Giles-Harris,D,Defense,50,5,OUT,Outlaws,2022-06-05,2026-08-08,2,0,0,0,0,2,3,2,2,0,0,0,0,0.0,80,15,38,0,0,0,0,0,9,9.5,3,385,367,0.0,0.6666666666666666,,,0.04,0.0,0.0,0.0,0.0,0.04,0.06,0.04,0.04,0.0,0.0,0.0,0.0,0.0,1.6,0.3,0.76,0.0,0.0,0.0,0.0,0.0,0.18,0.19,0.06,7.7,7.34
001812,TD Ierlan,TD,Ierlan,FO,Faceoff,52,5,RED,Redwoods,2022-06-04,2026-08-16,17,11,11,0,11,6,52,32,3,0,0,0,0,0.0,462,24,14,779,513,1298,0,0,6,4.0,34,478,402,0.21153846153846154,0.6153846153846154,0.6001540832049307,,0.3269230769230769,0.21153846153846154,0.21153846153846154,0.0,0.21153846153846154,0.11538461538461539,1.0,0.6153846153846154,0.057692307692307696,0.0,0.0,0.0,0.0,0.0,8.884615384615385,0.46153846153846156,0.2692307692307692,14.98076923076923,9.865384615384615,24.96153846153846,0.0,0.0,0.11538461538461539,0.07692307692307693,0.6538461538461539,9.192307692307692,7.730769230769231
001813,Jared Conners,Jared,Conners,LSM,Long Stick Midfield,51,5,ARC|RED,Archers|Redwoods,2022-06-05,2026-08-16,21,12,4,4,8,9,47,20,34,0,0,0,0,0.0,127,36,35,0,2,2,0,0,3,2.5,22,359,276,0.1702127659574468,0.425531914893617,0.0,,0.4117647058823529,0.23529411764705882,0.0784313725490196,0.0784313725490196,0.1568627450980392,0.17647058823529413,0.9215686274509803,0.39215686274509803,0.6666666666666666,0.0,0.0,0.0,0.0,0.0,2.4901960784313726,0.7058823529411765,0.6862745098039216,0.0,0.0392156862745098,0.0392156862745098,0.0,0.0,0.058823529411764705,0.049019607843137254,0.43137254901960786,7.03921568627451,5.411764705882353
001814,Mac O'Keefe,Mac,O'Keefe,A,Attack,52,5,ARC|CHA,Archers|Chaos,2022-06-04,2026-08-08,122,100,78,11,89,22,311,192,51,0,0,0,0,0.0,64,53,8,0,0,0,0,0,11,7.5,91,1246,882,0.2861736334405145,0.617363344051447,,,2.3461538461538463,1.9230769230769231,1.5,0.21153846153846154,1.7115384615384615,0.4230769230769231,5.980769230769231,3.6923076923076925,0.9807692307692307,0.0,0.0,0.0,0.0,0.0,1.2307692307692308,1.0192307692307692,0.15384615384615385,0.0,0.0,0.0,0.0,0.0,0.21153846153846154,0.14423076923076922,1.75,23.96153846153846,16.96153846153846
001815,Connor Kirst,Connor,Kirst,M,Midfield,51,5,CAN|WHP,Cannons|Whipsnakes,2022-06-04,2026-08-09,50,41,33,4,37,9,117,71,24,0,0,0,0,0.0,88,34,15,18,39,57,0,0,7,4.5,33,524,373,0.3162393162393162,0.6068376068376068,0.3157894736842105,,0.9803921568627451,0.803921568627451,0.6470588235294118,0.0784313725490196,0.7254901960784313,0.17647058823529413,2.2941176470588234,1.392156862745098,0.47058823529411764,0.0,0.0,0.0,0.0,0.0,1.7254901960784315,0.6666666666666666,0.29411764705882354,0.35294117647058826,0.7647058823529411,1.1176470588235294,0.0,0.0,0.13725490196078433,0.08823529411764706,0.6470588235294118,10.27450980392157,7.313725490196078
001816,Dox Aitken,Dox,Aitken,M,Midfield,21,4,ATL|WAT,Atlas|Waterdogs,2022-06-04,2026-08-16,27,24,24,0,24,3,78,52,6,0,0,0,0,0.0,26,25,1,0,1,1,0,0,4,2.5,25,416,313,0.3076923076923077,0.6666666666666666,0.0,,1.2857142857142858,1.1428571428571428,1.1428571428571428,0.0,1.1428571428571428,0.14285714285714285,3.7142857142857144,2.4761904761904763,0.2857142857142857,0.0,0.0,0.0,0.0,0.0,1.2380952380952381,1.1904761904761905,0.047619047619047616,0.0,0.047619047619047616,0.047619047619047616,0.0,0.0,0.19047619047619047,0.11904761904761904,1.1904761904761905,19.80952380952381,14.904761904761905
001817,Jack Kielty,Jack,Kielty,D,Defense,42,4,CAN,Cannons,2022-06-05,2026-08-09,0,0,0,0,0,0,3,1,1,0,0,0,0,0.0,60,8,43,0,0,0,0,0,6,6.0,5,267,256,0.0,0.3333333333333333,,,0.0,0.0,0.0,0.0,0.0,0.0,0.07142857142857142,0.023809523809523808,0.023809523809523808,0.0,0.0,0.0,0.0,0.0,1.4285714285714286,0.19047619047619047,1.0238095238095237,0.0,0.0,0.0,0.0,0.0,0.14285714285714285,0.14285714285714285,0.11904761904761904,6.357142857142857,6.095238095238095
001818,Jake Carraway,Jake,Carraway,M,Midfield,17,3,ATL|WAT,Atlas|Waterdogs,2022-06-26,2024-08-17,27,23,17,3,20,4,68,46,18,0,0,0,0,0.0,12,7,1,0,0,0,0,0,2,1.0,33,346,271,0.29411764705882354,0.6764705882352942,,,1.588235294117647,1.3529411764705883,1.0,0.17647058823529413,1.1764705882352942,0.23529411764705882,4.0,2.7058823529411766,1.0588235294117647,0.0,0.0,0.0,0.0,0.0,0.7058823529411765,0.4117647058823529,0.058823529411764705,0.0,0.0,0.0,0.0,0.0,0.11764705882352941,0.058823529411764705,1.9411764705882353,20.352941176470587,15.941176470588236
001819,Danny Logan,Danny,Logan,SSDM,Defensive Midfield,47,5,ATL,Atlas,2022-06-04,2026-08-15,18,15,9,3,12,3,34,24,14,0,0,0,0,0.0,73,15,18,7,61,68,0,0,15,9.5,23,373,324,0.35294117647058826,0.7058823529411765,0.10294117647058823,,0.3829787234042553,0.3191489361702128,0.19148936170212766,0.06382978723404255,0.2553191489361702,0.06382978723404255,0.723404255319149,0.5106382978723404,0.2978723404255319,0.0,0.0,0.0,0.0,0.0,1.553191489361702,0.3191489361702128,0.3829787234042553,0.14893617021276595,1.297872340425532,1.446808510638298,0.0,0.0,0.3191489361702128,0.20212765957446807,0.48936170212765956,7.9361702127659575,6.8936170212765955
001820,Ryan Terefenko,Ryan,Terefenko,SSDM,Defensive Midfield,50,5,OUT,Outlaws,2022-06-05,2026-08-16,34,22,16,3,19,12,57,40,9,0,0,0,0,0.0,86,36,12,0,14,14,0,0,12,6.5,49,630,537,0.3333333333333333,0.7017543859649122,0.0,,0.68,0.44,0.32,0.06,0.38,0.24,1.14,0.8,0.18,0.0,0.0,0.0,0.0,0.0,1.72,0.72,0.24,0.0,0.28,0.28,0.0,0.0,0.24,0.13,0.98,12.6,10.74
001821,Tre Leclaire,Tre,Leclaire,M,Midfield,44,5,ARC,Archers,2022-06-05,2026-08-08,85,68,56,6,62,17,176,112,34,0,0,0,0,0.0,41,35,2,0,0,0,0,0,6,4.5,65,881,670,0.3522727272727273,0.6363636363636364,,,1.9318181818181819,1.5454545454545454,1.2727272727272727,0.13636363636363635,1.4090909090909092,0.38636363636363635,4.0,2.5454545454545454,0.7727272727272727,0.0,0.0,0.0,0.0,0.0,0.9318181818181818,0.7954545454545454,0.045454545454545456,0.0,0.0,0.0,0.0,0.0,0.13636363636363635,0.10227272727272728,1.4772727272727273,20.022727272727273,15.227272727272727
001823,Tanner Cook,Tanner,Cook,M,Midfield,5,1,CHA,Chaos,2022-06-04,2022-08-06,3,2,2,0,2,1,7,6,0,0,0,0,0,0.0,3,5,0,0,0,0,0,0,1,2.0,7,72,60,0.2857142857142857,0.8571428571428571,,,0.6,0.4,0.4,0.0,0.4,0.2,1.4,1.2,0.0,0.0,0.0,0.0,0.0,0.0,0.6,1.0,0.0,0.0,0.0,0.0,0.0,0.0,0.2,0.4,1.4,14.4,12.0
001824,Ryan Tierney,Ryan,Tierney,M,Midfield,11,2,CAN|RED,Cannons|Redwoods,2022-06-05,2024-08-03,6,5,5,0,5,1,19,11,1,0,0,0,0,0.0,7,13,1,0,0,0,0,0,1,1.0,8,146,114,0.2631578947368421,0.5789473684210527,,,0.5454545454545454,0.45454545454545453,0.45454545454545453,0.0,0.45454545454545453,0.09090909090909091,1.7272727272727273,1.0,0.09090909090909091,0.0,0.0,0.0,0.0,0.0,0.6363636363636364,1.1818181818181819,0.09090909090909091,0.0,0.0,0.0,0.0,0.0,0.09090909090909091,0.09090909090909091,0.7272727272727273,13.272727272727273,10.363636363636363
001825,Peter Dearth,Peter,Dearth,SSDM,Defensive Midfield,15,2,ATL,Atlas,2022-06-04,2023-08-26,3,1,1,0,1,2,8,7,0,0,0,0,0,0.0,20,8,4,0,0,0,0,0,4,2.0,6,76,60,0.125,0.875,,,0.2,0.06666666666666667,0.06666666666666667,0.0,0.06666666666666667,0.13333333333333333,0.5333333333333333,0.4666666666666667,0.0,0.0,0.0,0.0,0.0,0.0,1.3333333333333333,0.5333333333333333,0.26666666666666666,0.0,0.0,0.0,0.0,0.0,0.26666666666666666,0.13333333333333333,0.4,5.066666666666666,4.0
001826,Jeff Trainor,Jeff,Trainor,SSDM,Defensive Midfield,45,5,ARC|CAN,Archers|Cannons,2022-06-05,2026-08-09,31,23,17,3,20,8,54,32,13,0,0,0,0,0.0,55,14,22,0,0,0,0,0,15,11.0,32,367,299,0.37037037037037035,0.5925925925925926,,,0.6888888888888889,0.5111111111111111,0.37777777777777777,0.06666666666666667,0.4444444444444444,0.17777777777777778,1.2,0.7111111111111111,0.28888888888888886,0.0,0.0,0.0,0.0,0.0,1.2222222222222223,0.3111111111111111,0.4888888888888889,0.0,0.0,0.0,0.0,0.0,0.3333333333333333,0.24444444444444444,0.7111111111111111,8.155555555555555,6.644444444444445
001827,Jared Bernhardt,Jared,Bernhardt,M,Midfield,17,2,OUT,Outlaws,2025-06-06,2026-07-26,41,32,32,0,32,9,102,64,2,0,0,0,0,0.0,14,33,3,0,0,0,0,0,3,1.5,29,456,321,0.3137254901960784,0.6274509803921569,,,2.411764705882353,1.8823529411764706,1.8823529411764706,0.0,1.8823529411764706,0.5294117647058824,6.0,3.764705882352941,0.11764705882352941,0.0,0.0,0.0,0.0,0.0,0.8235294117647058,1.9411764705882353,0.17647058823529413,0.0,0.0,0.0,0.0,0.0,0.17647058823529413,0.08823529411764706,1.7058823529411764,26.823529411764707,18.88235294117647
001828,Justin Anderson,Justin,Anderson,M,Midfield,52,5,OUT,Outlaws,2022-06-05,2026-08-16,73,59,53,3,56,14,170,114,14,0,0,0,0,0.0,59,47,14,0,0,0,0,0,5,2.5,67,901,684,0.32941176470588235,0.6705882352941176,,,1.4038461538461537,1.1346153846153846,1.0192307692307692,0.057692307692307696,1.0769230769230769,0.2692307692307692,3.269230769230769,2.1923076923076925,0.2692307692307692,0.0,0.0,0.0,0.0,0.0,1.1346153846153846,0.9038461538461539,0.2692307692307692,0.0,0.0,0.0,0.0,0.0,0.09615384615384616,0.04807692307692308,1.2884615384615385,17.326923076923077,13.153846153846153
001831,Colin Squires,Colin,Squires,LSM,Long Stick Midfield,40,4,WHP,Whipsnakes,2022-06-04,2025-08-09,6,3,1,1,2,3,10,2,7,0,0,0,0,0.0,104,8,20,3,31,34,0,0,2,1.5,4,173,155,0.2,0.2,0.08823529411764706,,0.15,0.075,0.025,0.025,0.05,0.075,0.25,0.05,0.175,0.0,0.0,0.0,0.0,0.0,2.6,0.2,0.5,0.075,0.775,0.85,0.0,0.0,0.05,0.0375,0.1,4.325,3.875
001832,Charlie Bertrand,Charlie,Bertrand,M,Midfield,36,4,RED,Redwoods,2022-06-04,2025-08-08,55,45,43,1,44,10,156,99,6,0,0,0,0,0.0,21,43,3,0,0,0,0,0,2,1.5,41,720,521,0.28205128205128205,0.6346153846153846,,,1.5277777777777777,1.25,1.1944444444444444,0.027777777777777776,1.2222222222222223,0.2777777777777778,4.333333333333333,2.75,0.16666666666666666,0.0,0.0,0.0,0.0,0.0,0.5833333333333334,1.1944444444444444,0.08333333333333333,0.0,0.0,0.0,0.0,0.0,0.05555555555555555,0.041666666666666664,1.1388888888888888,20.0,14.472222222222221
001833,Stephen Rehfuss,Stephen,Rehfuss,M,Midfield,10,1,CAN,Cannons,2022-06-05,2022-08-21,14,6,6,0,6,8,29,17,0,0,0,0,0,0.0,9,16,0,0,0,0,0,0,0,0.0,44,277,232,0.20689655172413793,0.5862068965517241,,,1.4,0.6,0.6,0.0,0.6,0.8,2.9,1.7,0.0,0.0,0.0,0.0,0.0,0.0,0.9,1.6,0.0,0.0,0.0,0.0,0.0,0.0,0.0,0.0,4.4,27.7,23.2
001835,Ethan Walker,Ethan,Walker,A,Attack,29,3,WAT,Waterdogs,2022-06-05,2024-08-17,53,30,30,0,30,23,116,76,0,0,0,0,0,0.0,42,26,3,0,0,0,0,0,2,1.0,101,832,690,0.25862068965517243,0.6551724137931034,,,1.8275862068965518,1.0344827586206897,1.0344827586206897,0.0,1.0344827586206897,0.7931034482758621,4.0,2.6206896551724137,0.0,0.0,0.0,0.0,0.0,0.0,1.4482758620689655,0.896551724137931,0.10344827586206896,0.0,0.0,0.0,0.0,0.0,0.06896551724137931,0.034482758620689655,3.4827586206896552,28.689655172413794,23.79310344827586
001836,Jackson Morrill,Jackson,Morrill,A,Attack,23,3,OUT|WHP,Outlaws|Whipsnakes,2022-06-05,2024-06-16,41,18,18,0,18,23,50,43,0,0,0,0,0,0.0,17,26,2,0,0,0,0,0,1,0.5,82,539,463,0.36,0.86,,,1.7826086956521738,0.782608695652174,0.782608695652174,0.0,0.782608695652174,1.0,2.1739130434782608,1.8695652173913044,0.0,0.0,0.0,0.0,0.0,0.0,0.7391304347826086,1.1304347826086956,0.08695652173913043,0.0,0.0,0.0,0.0,0.0,0.043478260869565216,0.021739130434782608,3.5652173913043477,23.434782608695652,20.130434782608695
001838,Ryan Smith,Ryan,Smith,M,Midfield,18,2,CHA,Chaos,2022-06-04,2023-08-27,31,22,22,0,22,9,49,34,0,0,0,0,0,0.0,11,12,0,0,0,0,0,0,0,0.0,27,259,198,0.4489795918367347,0.6938775510204082,,,1.7222222222222223,1.2222222222222223,1.2222222222222223,0.0,1.2222222222222223,0.5,2.7222222222222223,1.8888888888888888,0.0,0.0,0.0,0.0,0.0,0.0,0.6111111111111112,0.6666666666666666,0.0,0.0,0.0,0.0,0.0,0.0,0.0,0.0,1.5,14.38888888888889,11.0
001839,Nick Grill,Nick,Grill,LSM,Long Stick Midfield,35,5,OUT,Outlaws,2022-06-05,2026-08-16,1,0,0,0,0,1,1,0,1,0,0,0,0,0.0,45,5,21,0,3,3,0,0,3,2.0,6,120,114,0.0,0.0,0.0,,0.02857142857142857,0.0,0.0,0.0,0.0,0.02857142857142857,0.02857142857142857,0.0,0.02857142857142857,0.0,0.0,0.0,0.0,0.0,1.2857142857142858,0.14285714285714285,0.6,0.0,0.08571428571428572,0.08571428571428572,0.0,0.0,0.08571428571428572,0.05714285714285714,0.17142857142857143,3.4285714285714284,3.257142857142857
001843,Cole Williams,Cole,Williams,M,Midfield,8,3,ATL|CHA|OUT,Atlas|Chaos|Outlaws,2022-07-30,2026-08-15,10,7,7,0,7,3,25,15,1,0,0,0,0,0.0,6,13,0,0,0,0,0,0,2,2.0,13,118,80,0.28,0.6,,,1.25,0.875,0.875,0.0,0.875,0.375,3.125,1.875,0.125,0.0,0.0,0.0,0.0,0.0,0.75,1.625,0.0,0.0,0.0,0.0,0.0,0.0,0.25,0.25,1.625,14.75,10.0
001846,Adam Charalambides,Adam,Charalambides,A,Attack,15,4,CAN|CHA,Cannons|Chaos,2022-06-25,2026-05-09,23,20,20,0,20,3,82,52,2,0,0,0,0,0.0,19,26,2,0,0,0,0,0,6,4.0,16,404,296,0.24390243902439024,0.6341463414634146,,,1.5333333333333334,1.3333333333333333,1.3333333333333333,0.0,1.3333333333333333,0.2,5.466666666666667,3.466666666666667,0.13333333333333333,0.0,0.0,0.0,0.0,0.0,1.2666666666666666,1.7333333333333334,0.13333333333333333,0.0,0.0,0.0,0.0,0.0,0.4,0.26666666666666666,1.0666666666666667,26.933333333333334,19.733333333333334
002001,Kevin Rogers,Kevin,Rogers,M,Midfield,7,2,OUT|RED,Outlaws|Redwoods,2022-06-05,2023-08-06,8,3,3,0,3,5,18,11,2,0,0,0,0,0.0,7,3,1,0,0,0,0,0,0,0.0,17,121,100,0.16666666666666666,0.6111111111111112,,,1.1428571428571428,0.42857142857142855,0.42857142857142855,0.0,0.42857142857142855,0.7142857142857143,2.5714285714285716,1.5714285714285714,0.2857142857142857,0.0,0.0,0.0,0.0,0.0,1.0,0.42857142857142855,0.14285714285714285,0.0,0.0,0.0,0.0,0.0,0.0,0.0,2.4285714285714284,17.285714285714285,14.285714285714286
002003,Will Perry,Will,Perry,M,Midfield,8,1,CHA,Chaos,2023-06-04,2023-08-20,5,5,5,0,5,0,30,13,5,0,0,0,0,0.0,4,2,0,0,0,0,0,0,0,0.0,9,134,102,0.16666666666666666,0.43333333333333335,,,0.625,0.625,0.625,0.0,0.625,0.0,3.75,1.625,0.625,0.0,0.0,0.0,0.0,0.0,0.5,0.25,0.0,0.0,0.0,0.0,0.0,0.0,0.0,0.0,1.125,16.75,12.75
002006,Reid Bowering,Reid,Bowering,A,Attack,21,3,ATL,Atlas,2024-06-01,2026-08-15,32,27,27,0,27,5,70,54,0,0,0,0,0,0.0,40,22,4,0,1,1,0,0,3,2.0,12,263,171,0.38571428571428573,0.7714285714285715,0.0,,1.5238095238095237,1.2857142857142858,1.2857142857142858,0.0,1.2857142857142858,0.23809523809523808,3.3333333333333335,2.5714285714285716,0.0,0.0,0.0,0.0,0.0,0.0,1.9047619047619047,1.0476190476190477,0.19047619047619047,0.0,0.047619047619047616,0.047619047619047616,0.0,0.0,0.14285714285714285,0.09523809523809523,0.5714285714285714,12.523809523809524,8.142857142857142
002007,Charlie Kitchen,Charlie,Kitchen,A,Attack,1,1,WAT,Waterdogs,2022-07-31,2022-07-31,1,1,1,0,1,0,3,2,0,0,0,0,0,0.0,0,0,0,0,0,0,0,0,0,0.0,2,8,5,0.3333333333333333,0.6666666666666666,,,1.0,1.0,1.0,0.0,1.0,0.0,3.0,2.0,0.0,0.0,0.0,0.0,0.0,0.0,0.0,0.0,0.0,0.0,0.0,0.0,0.0,0.0,0.0,0.0,2.0,8.0,5.0
002014,Drake Porter,Drake,Porter,G,Goalie,2,1,ATL,Atlas,2023-07-09,2023-07-16,0,0,0,0,0,0,0,0,0,17,2,15,22,29.0,2,1,0,0,0,0,22,0,0,0.0,0,19,18,,,,0.5862068965517241,0.0,0.0,0.0,0.0,0.0,0.0,0.0,0.0,0.0,8.5,1.0,7.5,11.0,14.5,1.0,0.5,0.0,0.0,0.0,0.0,11.0,0.0,0.0,0.0,0.0,9.5,9.0
002015,Logan Wisnauskas,Logan,Wisnauskas,A,Attack,42,5,OUT,Outlaws,2022-06-05,2026-08-16,112,76,76,0,76,36,208,144,5,0,0,0,0,0.0,47,59,3,0,0,0,0,0,2,3.0,124,1182,915,0.36538461538461536,0.6923076923076923,,,2.6666666666666665,1.8095238095238095,1.8095238095238095,0.0,1.8095238095238095,0.8571428571428571,4.9523809523809526,3.4285714285714284,0.11904761904761904,0.0,0.0,0.0,0.0,0.0,1.119047619047619,1.4047619047619047,0.07142857142857142,0.0,0.0,0.0,0.0,0.0,0.047619047619047616,0.07142857142857142,2.9523809523809526,28.142857142857142,21.785714285714285
002016,Chris Gray,Chris,Gray,A,Attack,28,3,ATL|RED,Atlas|Redwoods,2022-06-04,2024-08-17,83,50,44,3,47,33,172,106,12,0,0,0,0,0.0,29,54,3,0,0,0,0,0,3,2.5,116,945,719,0.27325581395348836,0.6162790697674418,,,2.9642857142857144,1.7857142857142858,1.5714285714285714,0.10714285714285714,1.6785714285714286,1.1785714285714286,6.142857142857143,3.7857142857142856,0.42857142857142855,0.0,0.0,0.0,0.0,0.0,1.0357142857142858,1.9285714285714286,0.10714285714285714,0.0,0.0,0.0,0.0,0.0,0.10714285714285714,0.08928571428571429,4.142857142857143,33.75,25.678571428571427
002017,Arden Cohen,Arden,Cohen,D,Defense,39,5,RED,Redwoods,2022-06-04,2026-05-16,3,2,0,1,1,1,2,2,1,0,0,0,0,0.0,77,14,29,0,0,0,0,0,13,14.5,3,178,162,0.5,1.0,,,0.07692307692307693,0.05128205128205128,0.0,0.02564102564102564,0.02564102564102564,0.02564102564102564,0.05128205128205128,0.05128205128205128,0.02564102564102564,0.0,0.0,0.0,0.0,0.0,1.9743589743589745,0.358974358974359,0.7435897435897436,0.0,0.0,0.0,0.0,0.0,0.3333333333333333,0.3717948717948718,0.07692307692307693,4.564102564102564,4.153846153846154
002018,Matt Moore,Matt,Moore,A,Attack,29,4,ARC,Archers,2022-06-05,2025-06-22,53,37,35,1,36,16,147,94,16,0,0,0,0,0.0,32,39,1,0,0,0,0,0,3,2.5,66,638,452,0.24489795918367346,0.6394557823129252,,,1.8275862068965518,1.2758620689655173,1.206896551724138,0.034482758620689655,1.2413793103448276,0.5517241379310345,5.068965517241379,3.2413793103448274,0.5517241379310345,0.0,0.0,0.0,0.0,0.0,1.103448275862069,1.3448275862068966,0.034482758620689655,0.0,0.0,0.0,0.0,0.0,0.10344827586206896,0.08620689655172414,2.2758620689655173,22.0,15.586206896551724
002019,Koby Smith,Koby,Smith,LSM,Long Stick Midfield,25,4,ATL,Atlas,2022-06-04,2025-08-02,13,11,1,5,6,2,21,14,14,0,0,0,0,0.0,30,10,11,0,0,0,0,0,4,3.5,9,99,68,0.2857142857142857,0.6666666666666666,,,0.52,0.44,0.04,0.2,0.24,0.08,0.84,0.56,0.56,0.0,0.0,0.0,0.0,0.0,1.2,0.4,0.44,0.0,0.0,0.0,0.0,0.0,0.16,0.14,0.36,3.96,2.72
002020,Brett Kennedy,Brett,Kennedy,D,Defense,9,3,CHA|WHP,Chaos|Whipsnakes,2022-06-04,2024-06-16,1,0,0,0,0,1,0,0,0,0,0,0,0,0.0,15,5,5,0,0,0,0,0,2,1.5,2,47,42,,,,,0.1111111111111111,0.0,0.0,0.0,0.0,0.1111111111111111,0.0,0.0,0.0,0.0,0.0,0.0,0.0,0.0,1.6666666666666667,0.5555555555555556,0.5555555555555556,0.0,0.0,0.0,0.0,0.0,0.2222222222222222,0.16666666666666666,0.2222222222222222,5.222222222222222,4.666666666666667
002021,Roman Puglise,Roman,Puglise,SSDM,Defensive Midfield,27,3,WHP,Whipsnakes,2023-06-04,2025-08-09,13,11,5,3,8,2,21,12,6,0,0,0,0,0.0,33,13,5,0,1,1,0,0,9,8.0,10,238,204,0.38095238095238093,0.5714285714285714,0.0,,0.48148148148148145,0.4074074074074074,0.18518518518518517,0.1111111111111111,0.2962962962962963,0.07407407407407407,0.7777777777777778,0.4444444444444444,0.2222222222222222,0.0,0.0,0.0,0.0,0.0,1.2222222222222223,0.48148148148148145,0.18518518518518517,0.0,0.037037037037037035,0.037037037037037035,0.0,0.0,0.3333333333333333,0.2962962962962963,0.37037037037037035,8.814814814814815,7.555555555555555
002022,Zach Geddes,Zach,Geddes,SSDM,Defensive Midfield,48,5,CHA|OUT,Chaos|Outlaws,2022-06-04,2026-08-16,26,18,14,2,16,8,52,34,11,0,0,0,0,0.0,72,11,22,1,8,9,0,0,9,4.5,24,375,312,0.3076923076923077,0.6538461538461539,0.1111111111111111,,0.5416666666666666,0.375,0.2916666666666667,0.041666666666666664,0.3333333333333333,0.16666666666666666,1.0833333333333333,0.7083333333333334,0.22916666666666666,0.0,0.0,0.0,0.0,0.0,1.5,0.22916666666666666,0.4583333333333333,0.020833333333333332,0.16666666666666666,0.1875,0.0,0.0,0.1875,0.09375,0.5,7.8125,6.5
002023,Brendan Nichtern,Brendan,Nichtern,A,Attack,18,3,CHA|OUT,Chaos|Outlaws,2022-06-05,2026-06-28,53,25,25,0,25,28,88,58,1,0,0,0,0,0.0,21,54,5,0,0,0,0,0,4,2.0,75,699,557,0.2840909090909091,0.6590909090909091,,,2.9444444444444446,1.3888888888888888,1.3888888888888888,0.0,1.3888888888888888,1.5555555555555556,4.888888888888889,3.2222222222222223,0.05555555555555555,0.0,0.0,0.0,0.0,0.0,1.1666666666666667,3.0,0.2777777777777778,0.0,0.0,0.0,0.0,0.0,0.2222222222222222,0.1111111111111111,4.166666666666667,38.833333333333336,30.944444444444443
002024,Asher Nolting,Asher,Nolting,A,Attack,41,5,CAN,Cannons,2022-06-05,2026-05-15,141,56,56,0,56,85,186,132,1,0,0,0,0,0.0,57,104,7,0,1,1,0,0,11,7.5,254,1269,979,0.3010752688172043,0.7096774193548387,0.0,,3.4390243902439024,1.3658536585365855,1.3658536585365855,0.0,1.3658536585365855,2.073170731707317,4.536585365853658,3.2195121951219514,0.024390243902439025,0.0,0.0,0.0,0.0,0.0,1.3902439024390243,2.5365853658536586,0.17073170731707318,0.0,0.024390243902439025,0.024390243902439025,0.0,0.0,0.2682926829268293,0.18292682926829268,6.195121951219512,30.951219512195124,23.878048780487806
002025,Bubba Fairman,Bubba,Fairman,SSDM,Defensive Midfield,29,3,CAN,Cannons,2022-06-11,2024-08-17,10,4,4,0,4,6,21,15,1,0,0,0,0,0.0,34,8,19,2,4,6,0,0,5,3.5,16,245,216,0.19047619047619047,0.7142857142857143,0.3333333333333333,,0.3448275862068966,0.13793103448275862,0.13793103448275862,0.0,0.13793103448275862,0.20689655172413793,0.7241379310344828,0.5172413793103449,0.034482758620689655,0.0,0.0,0.0,0.0,0.0,1.1724137931034482,0.27586206896551724,0.6551724137931034,0.06896551724137931,0.13793103448275862,0.20689655172413793,0.0,0.0,0.1724137931034483,0.1206896551724138,0.5517241379310345,8.448275862068966,7.448275862068965
002026,Brett Dobson,Brett,Dobson,G,Goalie,41,5,ARC,Archers,2022-08-06,2026-08-08,1,0,0,0,0,1,8,2,8,561,189,372,436,442.8070596273677,81,17,13,0,0,0,404,32,5,5.0,6,634,609,0.0,0.25,,1.2669174707198534,0.024390243902439025,0.0,0.0,0.0,0.0,0.024390243902439025,0.1951219512195122,0.04878048780487805,0.1951219512195122,13.682926829268293,4.609756097560975,9.073170731707316,10.634146341463415,10.80017218603336,1.975609756097561,0.4146341463414634,0.3170731707317073,0.0,0.0,0.0,9.853658536585366,0.7804878048780488,0.12195121951219512,0.12195121951219512,0.14634146341463414,15.463414634146341,14.853658536585366
002027,Brendan Curry,Brendan,Curry,M,Midfield,11,2,ATL,Atlas,2022-06-04,2023-08-19,10,6,6,0,6,4,28,16,0,0,0,0,0,0.0,6,6,0,0,0,0,0,0,0,0.0,14,120,86,0.21428571428571427,0.5714285714285714,,,0.9090909090909091,0.5454545454545454,0.5454545454545454,0.0,0.5454545454545454,0.36363636363636365,2.5454545454545454,1.4545454545454546,0.0,0.0,0.0,0.0,0.0,0.0,0.5454545454545454,0.5454545454545454,0.0,0.0,0.0,0.0,0.0,0.0,0.0,0.0,1.2727272727272727,10.909090909090908,7.818181818181818
002028,Jack Hannah,Jack,Hannah,M,Midfield,44,5,WAT,Waterdogs,2022-06-05,2026-08-01,77,61,55,3,58,16,270,156,24,0,0,0,0,0.0,56,52,3,0,0,0,0,0,9,6.5,69,903,581,0.21481481481481482,0.5777777777777777,,,1.75,1.3863636363636365,1.25,0.06818181818181818,1.3181818181818181,0.36363636363636365,6.136363636363637,3.5454545454545454,0.5454545454545454,0.0,0.0,0.0,0.0,0.0,1.2727272727272727,1.1818181818181819,0.06818181818181818,0.0,0.0,0.0,0.0,0.0,0.20454545454545456,0.14772727272727273,1.5681818181818181,20.522727272727273,13.204545454545455
002029,Wheaton Jackoboice,Wheaton,Jackoboice,M,Defensive Midfield,12,2,WHP,Whipsnakes,2022-06-18,2024-08-04,2,2,2,0,2,0,17,6,3,0,0,0,0,0.0,7,4,1,0,0,0,0,0,0,0.0,10,103,82,0.11764705882352941,0.35294117647058826,,,0.16666666666666666,0.16666666666666666,0.16666666666666666,0.0,0.16666666666666666,0.0,1.4166666666666667,0.5,0.25,0.0,0.0,0.0,0.0,0.0,0.5833333333333334,0.3333333333333333,0.08333333333333333,0.0,0.0,0.0,0.0,0.0,0.0,0.0,0.8333333333333334,8.583333333333334,6.833333333333333
002030,Jonathan Donville,Jonathan,Donville,M,Midfield,26,5,CAN|CHA|OUT,Cannons|Chaos|Outlaws,2022-06-04,2026-06-06,37,23,23,0,23,14,72,55,0,0,0,0,0,0.0,20,21,4,0,0,0,0,0,2,2.0,60,465,372,0.3194444444444444,0.7638888888888888,,,1.4230769230769231,0.8846153846153846,0.8846153846153846,0.0,0.8846153846153846,0.5384615384615384,2.769230769230769,2.1153846153846154,0.0,0.0,0.0,0.0,0.0,0.0,0.7692307692307693,0.8076923076923077,0.15384615384615385,0.0,0.0,0.0,0.0,0.0,0.07692307692307693,0.07692307692307693,2.3076923076923075,17.884615384615383,14.307692307692308
002031,Ryan McNulty,Ryan,McNulty,LSM,Long Stick Midfield,3,1,CHA,Chaos,2024-06-08,2024-08-04,0,0,0,0,0,0,0,0,0,0,0,0,0,0.0,6,0,1,0,0,0,0,0,0,0.0,2,9,9,,,,,0.0,0.0,0.0,0.0,0.0,0.0,0.0,0.0,0.0,0.0,0.0,0.0,0.0,0.0,2.0,0.0,0.3333333333333333,0.0,0.0,0.0,0.0,0.0,0.0,0.0,0.6666666666666666,3.0,3.0
002032,Justin Inacio,Justin,Inacio,FO,Faceoff,24,3,ARC|CHA,Archers|Chaos,2022-06-05,2026-07-25,5,4,4,0,4,1,23,9,2,0,0,0,0,0.0,152,16,2,272,271,546,0,0,4,2.0,4,147,108,0.17391304347826086,0.391304347826087,0.4981684981684982,,0.20833333333333334,0.16666666666666666,0.16666666666666666,0.0,0.16666666666666666,0.041666666666666664,0.9583333333333334,0.375,0.08333333333333333,0.0,0.0,0.0,0.0,0.0,6.333333333333333,0.6666666666666666,0.08333333333333333,11.333333333333334,11.291666666666666,22.75,0.0,0.0,0.16666666666666666,0.08333333333333333,0.16666666666666666,6.125,4.5
002033,Nakeie Montgomery,Nakeie,Montgomery,M,Midfield,29,4,RED|WAT,Redwoods|Waterdogs,2022-06-04,2026-05-17,22,13,9,2,11,9,72,46,13,0,0,0,0,0.0,33,19,5,0,1,1,0,0,1,1.0,30,339,248,0.1527777777777778,0.6388888888888888,0.0,,0.7586206896551724,0.4482758620689655,0.3103448275862069,0.06896551724137931,0.3793103448275862,0.3103448275862069,2.4827586206896552,1.5862068965517242,0.4482758620689655,0.0,0.0,0.0,0.0,0.0,1.1379310344827587,0.6551724137931034,0.1724137931034483,0.0,0.034482758620689655,0.034482758620689655,0.0,0.0,0.034482758620689655,0.034482758620689655,1.0344827586206897,11.689655172413794,8.551724137931034
002034,Keegan Khan,Keegan,Khan,M,Midfield,18,3,WHP,Whipsnakes,2022-06-24,2024-07-20,17,12,12,0,12,5,40,26,0,0,0,0,0,0.0,8,12,1,0,0,0,0,0,1,0.5,27,232,180,0.3,0.65,,,0.9444444444444444,0.6666666666666666,0.6666666666666666,0.0,0.6666666666666666,0.2777777777777778,2.2222222222222223,1.4444444444444444,0.0,0.0,0.0,0.0,0.0,0.0,0.4444444444444444,0.6666666666666666,0.05555555555555555,0.0,0.0,0.0,0.0,0.0,0.05555555555555555,0.027777777777777776,1.5,12.88888888888889,10.0
002035,Max Wayne,Max,Wayne,D,Defense,7,1,CAN,Cannons,2023-06-17,2023-08-26,0,0,0,0,0,0,0,0,0,0,0,0,0,0.0,22,3,7,0,0,0,0,0,4,3.5,0,44,41,,,,,0.0,0.0,0.0,0.0,0.0,0.0,0.0,0.0,0.0,0.0,0.0,0.0,0.0,0.0,3.142857142857143,0.42857142857142855,1.0,0.0,0.0,0.0,0.0,0.0,0.5714285714285714,0.5,0.0,6.285714285714286,5.857142857142857
002036,Jake Higgins,Jake,Higgins,SSDM,Defensive Midfield,17,2,WAT,Waterdogs,2022-06-12,2023-08-26,4,2,2,0,2,2,5,3,1,0,0,0,0,0.0,17,8,10,0,0,0,0,0,2,2.0,6,98,85,0.4,0.6,,,0.23529411764705882,0.11764705882352941,0.11764705882352941,0.0,0.11764705882352941,0.11764705882352941,0.29411764705882354,0.17647058823529413,0.058823529411764705,0.0,0.0,0.0,0.0,0.0,1.0,0.47058823529411764,0.5882352941176471,0.0,0.0,0.0,0.0,0.0,0.11764705882352941,0.11764705882352941,0.35294117647058826,5.764705882352941,5.0
002037,Bryan McIntosh,Bryan,McIntosh,D,Defense,3,1,CAN,Cannons,2022-06-05,2022-07-24,0,0,0,0,0,0,0,0,0,0,0,0,0,0.0,5,0,0,0,0,0,0,0,0,0.0,0,13,13,,,,,0.0,0.0,0.0,0.0,0.0,0.0,0.0,0.0,0.0,0.0,0.0,0.0,0.0,0.0,1.6666666666666667,0.0,0.0,0.0,0.0,0.0,0.0,0.0,0.0,0.0,0.0,4.333333333333333,4.333333333333333
002038,Colin Kirst,Colin,Kirst,G,Goalie,42,5,CAN,Cannons,2022-08-13,2026-08-09,1,0,0,0,0,1,3,2,3,483,162,321,469,487.07324390077173,80,22,7,0,0,0,447,22,2,2.0,5,609,584,0.0,0.6666666666666666,,0.9916373072186212,0.023809523809523808,0.0,0.0,0.0,0.0,0.023809523809523808,0.07142857142857142,0.047619047619047616,0.07142857142857142,11.5,3.857142857142857,7.642857142857143,11.166666666666666,11.596981997637423,1.9047619047619047,0.5238095238095238,0.16666666666666666,0.0,0.0,0.0,10.642857142857142,0.5238095238095238,0.047619047619047616,0.047619047619047616,0.11904761904761904,14.5,13.904761904761905
002039,Owen McElroy,Owen,McElroy,G,Goalie,19,4,OUT,Outlaws,2023-06-17,2026-08-16,0,0,0,0,0,0,1,1,1,169,44,125,170,190.48739360724971,34,6,1,0,0,0,160,10,0,0.0,1,208,201,0.0,1.0,,0.8871978181844788,0.0,0.0,0.0,0.0,0.0,0.0,0.05263157894736842,0.05263157894736842,0.05263157894736842,8.894736842105264,2.3157894736842106,6.578947368421052,8.947368421052632,10.025652295118405,1.7894736842105263,0.3157894736842105,0.05263157894736842,0.0,0.0,0.0,8.421052631578947,0.5263157894736842,0.0,0.0,0.05263157894736842,10.947368421052632,10.578947368421053
002040,Jackson Reid,Jackson,Reid,A,Attack,6,2,WHP,Whipsnakes,2022-06-04,2023-06-17,4,4,4,0,4,0,16,9,0,0,0,0,0,0.0,1,5,0,0,1,1,0,0,0,0.0,7,63,42,0.25,0.5625,0.0,,0.6666666666666666,0.6666666666666666,0.6666666666666666,0.0,0.6666666666666666,0.0,2.6666666666666665,1.5,0.0,0.0,0.0,0.0,0.0,0.0,0.16666666666666666,0.8333333333333334,0.0,0.0,0.16666666666666666,0.16666666666666666,0.0,0.0,0.0,0.0,1.1666666666666667,10.5,7.0
002041,Mitch Bartolo,Mitch,Bartolo,M,Midfield,1,1,RED,Redwoods,2022-07-31,2022-07-31,0,0,0,0,0,0,0,0,0,0,0,0,0,0.0,1,1,0,0,0,0,0,0,0,0.0,0,2,1,,,,,0.0,0.0,0.0,0.0,0.0,0.0,0.0,0.0,0.0,0.0,0.0,0.0,0.0,0.0,1.0,1.0,0.0,0.0,0.0,0.0,0.0,0.0,0.0,0.0,0.0,2.0,1.0
002042,Jon Robbins,Jon,Robbins,LSM,Long Stick Midfield,35,5,ARC|ATL,Archers|Atlas,2022-06-05,2026-08-15,2,2,2,0,2,0,9,5,1,0,0,0,0,0.0,42,7,28,0,0,0,0,0,2,3.0,5,100,84,0.2222222222222222,0.5555555555555556,,,0.05714285714285714,0.05714285714285714,0.05714285714285714,0.0,0.05714285714285714,0.0,0.2571428571428571,0.14285714285714285,0.02857142857142857,0.0,0.0,0.0,0.0,0.0,1.2,0.2,0.8,0.0,0.0,0.0,0.0,0.0,0.05714285714285714,0.08571428571428572,0.14285714285714285,2.857142857142857,2.4
002043,Ryan Aughavin,Ryan,Aughavin,M,Midfield,12,3,ARC,Archers,2022-06-18,2024-08-18,10,8,2,3,5,2,31,20,10,0,0,0,0,0.0,6,4,1,0,0,0,0,0,0,0.0,6,117,82,0.16129032258064516,0.6451612903225806,,,0.8333333333333334,0.6666666666666666,0.16666666666666666,0.25,0.4166666666666667,0.16666666666666666,2.5833333333333335,1.6666666666666667,0.8333333333333334,0.0,0.0,0.0,0.0,0.0,0.5,0.3333333333333333,0.08333333333333333,0.0,0.0,0.0,0.0,0.0,0.0,0.0,0.5,9.75,6.833333333333333
002046,Kevin Lindley,Kevin,Lindley,A,Attack,2,1,CHA,Chaos,2023-06-17,2023-08-20,1,1,1,0,1,0,4,2,0,0,0,0,0,0.0,2,1,0,0,0,0,0,0,0,0.0,4,22,17,0.25,0.5,,,0.5,0.5,0.5,0.0,0.5,0.0,2.0,1.0,0.0,0.0,0.0,0.0,0.0,0.0,1.0,0.5,0.0,0.0,0.0,0.0,0.0,0.0,0.0,0.0,2.0,11.0,8.5
002047,Frankie Labetti,Frankie,Labetti,FO,Faceoff,2,1,ARC,Archers,2022-06-11,2022-06-18,1,1,1,0,1,0,3,1,0,0,0,0,0,0.0,9,1,1,19,32,51,0,0,1,0.5,2,8,4,0.3333333333333333,0.3333333333333333,0.37254901960784315,,0.5,0.5,0.5,0.0,0.5,0.0,1.5,0.5,0.0,0.0,0.0,0.0,0.0,0.0,4.5,0.5,0.5,9.5,16.0,25.5,0.0,0.0,0.5,0.25,1.0,4.0,2.0
002049,Marc O'Rourke,Marc,O'Rourke,M,Midfield,5,1,ATL,Atlas,2023-06-03,2023-08-12,4,2,2,0,2,2,14,8,2,0,0,0,0,0.0,1,4,0,0,0,0,0,0,0,0.0,4,66,48,0.14285714285714285,0.5714285714285714,,,0.8,0.4,0.4,0.0,0.4,0.4,2.8,1.6,0.4,0.0,0.0,0.0,0.0,0.0,0.2,0.8,0.0,0.0,0.0,0.0,0.0,0.0,0.0,0.0,0.8,13.2,9.6
002051,Connor DeSimone,Connor,DeSimone,A,Attack,7,2,ARC,Archers,2022-06-05,2023-06-09,13,8,8,0,8,5,19,15,1,0,0,0,0,0.0,4,10,2,0,0,0,0,0,0,0.0,10,158,129,0.42105263157894735,0.7894736842105263,,,1.8571428571428572,1.1428571428571428,1.1428571428571428,0.0,1.1428571428571428,0.7142857142857143,2.7142857142857144,2.142857142857143,0.14285714285714285,0.0,0.0,0.0,0.0,0.0,0.5714285714285714,1.4285714285714286,0.2857142857142857,0.0,0.0,0.0,0.0,0.0,0.0,0.0,1.4285714285714286,22.571428571428573,18.428571428571427
002054,Chris Merle,Chris,Merle,SSDM,Defensive Midfield,29,4,RED,Redwoods,2023-06-03,2026-08-02,4,4,4,0,4,0,15,10,2,0,0,0,0,0.0,44,8,21,1,1,2,0,0,8,5.0,2,161,138,0.26666666666666666,0.6666666666666666,0.5,,0.13793103448275862,0.13793103448275862,0.13793103448275862,0.0,0.13793103448275862,0.0,0.5172413793103449,0.3448275862068966,0.06896551724137931,0.0,0.0,0.0,0.0,0.0,1.5172413793103448,0.27586206896551724,0.7241379310344828,0.034482758620689655,0.034482758620689655,0.06896551724137931,0.0,0.0,0.27586206896551724,0.1724137931034483,0.06896551724137931,5.551724137931035,4.758620689655173
002055,Jakob Phaup,Jakob,Phaup,FO,Faceoff,1,1,ATL,Atlas,2022-07-23,2022-07-23,0,0,0,0,0,0,0,0,0,0,0,0,0,0.0,5,1,0,11,18,29,0,0,0,0.0,0,5,4,,,0.3793103448275862,,0.0,0.0,0.0,0.0,0.0,0.0,0.0,0.0,0.0,0.0,0.0,0.0,0.0,0.0,5.0,1.0,0.0,11.0,18.0,29.0,0.0,0.0,0.0,0.0,0.0,5.0,4.0
002056,Matt Rahill,Matt,Rahill,D,Defense,6,2,CAN|WHP,Cannons|Whipsnakes,2022-06-18,2023-07-14,0,0,0,0,0,0,1,1,1,0,0,0,0,0.0,10,2,1,0,0,0,0,0,1,0.5,0,29,26,0.0,1.0,,,0.0,0.0,0.0,0.0,0.0,0.0,0.16666666666666666,0.16666666666666666,0.16666666666666666,0.0,0.0,0.0,0.0,0.0,1.6666666666666667,0.3333333333333333,0.16666666666666666,0.0,0.0,0.0,0.0,0.0,0.16666666666666666,0.08333333333333333,0.0,4.833333333333333,4.333333333333333
002059,Brendan Krebs,Brendan,Krebs,G,Goalie,18,3,WHP,Whipsnakes,2023-07-30,2025-06-22,0,0,0,0,0,0,1,0,0,206,74,132,196,201.07806948289775,48,9,6,0,0,0,185,11,0,0.0,2,274,264,0.0,0.0,,1.0244777092288568,0.0,0.0,0.0,0.0,0.0,0.0,0.05555555555555555,0.0,0.0,11.444444444444445,4.111111111111111,7.333333333333333,10.88888888888889,11.171003860160987,2.6666666666666665,0.5,0.3333333333333333,0.0,0.0,0.0,10.277777777777779,0.6111111111111112,0.0,0.0,0.1111111111111111,15.222222222222221,14.666666666666666
002062,Ryan Hallenbeck,Ryan,Hallenbeck,SSDM,Defensive Midfield,4,1,RED,Redwoods,2022-06-04,2022-06-24,0,0,0,0,0,0,2,2,1,0,0,0,0,0.0,2,0,1,0,0,0,0,0,2,1.5,0,20,18,0.0,1.0,,,0.0,0.0,0.0,0.0,0.0,0.0,0.5,0.5,0.25,0.0,0.0,0.0,0.0,0.0,0.5,0.0,0.25,0.0,0.0,0.0,0.0,0.0,0.5,0.375,0.0,5.0,4.5
002063,Ryan Kennedy,Ryan,Kennedy,LSM,Long Stick Midfield,13,3,RED,Redwoods,2022-06-10,2024-08-03,1,1,1,0,1,0,3,3,1,0,0,0,0,0.0,14,3,3,0,4,4,0,0,0,0.0,2,41,35,0.3333333333333333,1.0,0.0,,0.07692307692307693,0.07692307692307693,0.07692307692307693,0.0,0.07692307692307693,0.0,0.23076923076923078,0.23076923076923078,0.07692307692307693,0.0,0.0,0.0,0.0,0.0,1.0769230769230769,0.23076923076923078,0.23076923076923078,0.0,0.3076923076923077,0.3076923076923077,0.0,0.0,0.0,0.0,0.15384615384615385,3.1538461538461537,2.6923076923076925
002064,Joe Robertson,Joe,Robertson,A,Attack,4,1,RED,Redwoods,2022-06-10,2022-07-31,2,1,1,0,1,1,9,6,0,0,0,0,0,0.0,2,4,0,0,0,0,0,0,0,0.0,1,27,14,0.1111111111111111,0.6666666666666666,,,0.5,0.25,0.25,0.0,0.25,0.25,2.25,1.5,0.0,0.0,0.0,0.0,0.0,0.0,0.5,1.0,0.0,0.0,0.0,0.0,0.0,0.0,0.0,0.0,0.25,6.75,3.5
002065,Anthony DeMaio,Anthony,DeMaio,M,Midfield,5,2,RED,Redwoods,2022-08-06,2023-07-15,1,1,1,0,1,0,13,8,1,0,0,0,0,0.0,2,0,0,0,0,0,0,0,0,0.0,4,54,41,0.07692307692307693,0.6153846153846154,,,0.2,0.2,0.2,0.0,0.2,0.0,2.6,1.6,0.2,0.0,0.0,0.0,0.0,0.0,0.4,0.0,0.0,0.0,0.0,0.0,0.0,0.0,0.0,0.0,0.8,10.8,8.2
002067,Zac Tucci,Zac,Tucci,FO,Faceoff,28,5,ATL|CAN|WAT,Atlas|Cannons|Waterdogs,2022-06-17,2026-07-11,12,11,5,3,8,1,43,22,16,0,0,0,0,0.0,148,16,4,307,366,678,0,0,8,6.5,6,141,82,0.18604651162790697,0.5116279069767442,0.4528023598820059,,0.42857142857142855,0.39285714285714285,0.17857142857142858,0.10714285714285714,0.2857142857142857,0.03571428571428571,1.5357142857142858,0.7857142857142857,0.5714285714285714,0.0,0.0,0.0,0.0,0.0,5.285714285714286,0.5714285714285714,0.14285714285714285,10.964285714285714,13.071428571428571,24.214285714285715,0.0,0.0,0.2857142857142857,0.23214285714285715,0.21428571428571427,5.035714285714286,2.9285714285714284
002072,Brennan Kamish,Brennan,Kamish,SSDM,Defensive Midfield,5,1,WHP,Whipsnakes,2022-06-04,2022-07-03,0,0,0,0,0,0,1,0,0,0,0,0,0,0.0,8,0,4,0,0,0,0,0,0,0.0,2,32,31,0.0,0.0,,,0.0,0.0,0.0,0.0,0.0,0.0,0.2,0.0,0.0,0.0,0.0,0.0,0.0,0.0,1.6,0.0,0.8,0.0,0.0,0.0,0.0,0.0,0.0,0.0,0.4,6.4,6.2
002074,Alexander Smith,Alexander,Smith,SSDM,Defensive Midfield,29,4,OUT,Outlaws,2023-06-04,2026-08-16,1,0,0,0,0,1,2,1,1,0,0,0,0,0.0,28,6,11,0,4,4,0,0,7,4.0,3,134,126,0.0,0.5,0.0,,0.034482758620689655,0.0,0.0,0.0,0.0,0.034482758620689655,0.06896551724137931,0.034482758620689655,0.034482758620689655,0.0,0.0,0.0,0.0,0.0,0.9655172413793104,0.20689655172413793,0.3793103448275862,0.0,0.13793103448275862,0.13793103448275862,0.0,0.0,0.2413793103448276,0.13793103448275862,0.10344827586206896,4.620689655172414,4.344827586206897
003003,Sean Lulley,Sean,Lulley,M,Midfield,1,1,WHP,Whipsnakes,2023-06-04,2023-06-04,0,0,0,0,0,0,5,4,0,0,0,0,0,0.0,2,2,0,0,0,0,0,0,0,0.0,5,31,24,0.0,0.8,,,0.0,0.0,0.0,0.0,0.0,0.0,5.0,4.0,0.0,0.0,0.0,0.0,0.0,0.0,2.0,2.0,0.0,0.0,0.0,0.0,0.0,0.0,0.0,0.0,5.0,31.0,24.0
003004,Mike Sisselberger,Mike,Sisselberger,FO,Faceoff,37,4,ARC,Archers,2023-06-03,2026-08-08,10,6,6,0,6,4,34,17,2,0,0,0,0,0.0,341,51,2,517,353,879,0,0,2,2.5,10,307,222,0.17647058823529413,0.5,0.5881683731513083,,0.2702702702702703,0.16216216216216217,0.16216216216216217,0.0,0.16216216216216217,0.10810810810810811,0.918918918918919,0.4594594594594595,0.05405405405405406,0.0,0.0,0.0,0.0,0.0,9.216216216216216,1.3783783783783783,0.05405405405405406,13.972972972972974,9.54054054054054,23.756756756756758,0.0,0.0,0.05405405405405406,0.06756756756756757,0.2702702702702703,8.297297297297296,6.0
003005,Connor Maher,Connor,Maher,SSDM,Defensive Midfield,42,4,ARC,Archers,2023-06-03,2026-08-08,12,7,7,0,7,5,20,15,3,0,0,0,0,0.0,46,10,17,2,14,16,0,0,4,3.0,16,249,219,0.35,0.75,0.125,,0.2857142857142857,0.16666666666666666,0.16666666666666666,0.0,0.16666666666666666,0.11904761904761904,0.47619047619047616,0.35714285714285715,0.07142857142857142,0.0,0.0,0.0,0.0,0.0,1.0952380952380953,0.23809523809523808,0.40476190476190477,0.047619047619047616,0.3333333333333333,0.38095238095238093,0.0,0.0,0.09523809523809523,0.07142857142857142,0.38095238095238093,5.928571428571429,5.214285714285714
003006,Piper Bond,Piper,Bond,SSDM,Defensive Midfield,42,4,ARC,Archers,2023-06-03,2026-08-08,15,9,7,1,8,6,30,19,4,0,0,0,0,0.0,73,28,21,2,15,17,0,0,18,11.5,25,422,364,0.26666666666666666,0.6333333333333333,0.11764705882352941,,0.35714285714285715,0.21428571428571427,0.16666666666666666,0.023809523809523808,0.19047619047619047,0.14285714285714285,0.7142857142857143,0.4523809523809524,0.09523809523809523,0.0,0.0,0.0,0.0,0.0,1.7380952380952381,0.6666666666666666,0.5,0.047619047619047616,0.35714285714285715,0.40476190476190477,0.0,0.0,0.42857142857142855,0.27380952380952384,0.5952380952380952,10.047619047619047,8.666666666666666
003007,Cam Wyers,Cam,Wyers,D,Defense,34,4,ARC,Archers,2023-07-30,2026-08-08,6,3,3,0,3,3,11,6,4,0,0,0,0,0.0,43,12,18,0,0,0,0,0,12,11.5,7,113,90,0.2727272727272727,0.5454545454545454,,,0.17647058823529413,0.08823529411764706,0.08823529411764706,0.0,0.08823529411764706,0.08823529411764706,0.3235294117647059,0.17647058823529413,0.11764705882352941,0.0,0.0,0.0,0.0,0.0,1.2647058823529411,0.35294117647058826,0.5294117647058824,0.0,0.0,0.0,0.0,0.0,0.35294117647058826,0.3382352941176471,0.20588235294117646,3.323529411764706,2.6470588235294117
003008,Gavin Adler,Gavin,Adler,D,Defense,38,4,ATL|WAT,Atlas|Waterdogs,2023-06-03,2026-08-16,1,1,1,0,1,0,2,1,1,0,0,0,0,0.0,45,9,52,0,0,0,0,0,2,1.0,0,209,198,0.5,0.5,,,0.02631578947368421,0.02631578947368421,0.02631578947368421,0.0,0.02631578947368421,0.0,0.05263157894736842,0.02631578947368421,0.02631578947368421,0.0,0.0,0.0,0.0,0.0,1.1842105263157894,0.23684210526315788,1.368421052631579,0.0,0.0,0.0,0.0,0.0,0.05263157894736842,0.02631578947368421,0.0,5.5,5.2105263157894735
003009,Brett Makar,Brett,Makar,D,Defense,41,4,ATL,Atlas,2023-06-03,2026-08-15,14,7,1,3,4,7,20,9,15,0,0,0,0,0.0,136,23,44,0,0,0,0,0,7,5.5,15,402,359,0.2,0.45,,,0.34146341463414637,0.17073170731707318,0.024390243902439025,0.07317073170731707,0.0975609756097561,0.17073170731707318,0.4878048780487805,0.21951219512195122,0.36585365853658536,0.0,0.0,0.0,0.0,0.0,3.317073170731707,0.5609756097560976,1.0731707317073171,0.0,0.0,0.0,0.0,0.0,0.17073170731707318,0.13414634146341464,0.36585365853658536,9.804878048780488,8.75609756097561
003010,Xander Dickson,Xander,Dickson,A,Attack,42,4,ATL,Atlas,2023-06-03,2026-08-15,98,80,80,0,80,18,215,152,2,0,0,0,0,0.0,76,51,12,0,0,0,0,0,9,5.5,75,809,543,0.37209302325581395,0.7069767441860465,,,2.3333333333333335,1.9047619047619047,1.9047619047619047,0.0,1.9047619047619047,0.42857142857142855,5.119047619047619,3.619047619047619,0.047619047619047616,0.0,0.0,0.0,0.0,0.0,1.8095238095238095,1.2142857142857142,0.2857142857142857,0.0,0.0,0.0,0.0,0.0,0.21428571428571427,0.13095238095238096,1.7857142857142858,19.261904761904763,12.928571428571429
003011,Payton Rezanka,Payton,Rezanka,SSDM,Defensive Midfield,13,2,ATL,Atlas,2024-06-01,2025-06-14,2,2,2,0,2,0,6,4,0,0,0,0,0,0.0,5,1,6,0,2,2,0,0,3,2.0,2,48,41,0.3333333333333333,0.6666666666666666,0.0,,0.15384615384615385,0.15384615384615385,0.15384615384615385,0.0,0.15384615384615385,0.0,0.46153846153846156,0.3076923076923077,0.0,0.0,0.0,0.0,0.0,0.0,0.38461538461538464,0.07692307692307693,0.46153846153846156,0.0,0.15384615384615385,0.15384615384615385,0.0,0.0,0.23076923076923078,0.15384615384615385,0.15384615384615385,3.6923076923076925,3.1538461538461537
003013,Matt Campbell,Matt,Campbell,M,Midfield,34,4,CAN,Cannons,2023-06-03,2026-06-07,77,58,40,9,49,19,179,114,42,0,0,0,0,0.0,31,28,0,0,0,0,0,0,1,0.5,75,896,689,0.2737430167597765,0.6368715083798883,,,2.264705882352941,1.7058823529411764,1.1764705882352942,0.2647058823529412,1.4411764705882353,0.5588235294117647,5.264705882352941,3.3529411764705883,1.2352941176470589,0.0,0.0,0.0,0.0,0.0,0.9117647058823529,0.8235294117647058,0.0,0.0,0.0,0.0,0.0,0.0,0.029411764705882353,0.014705882352941176,2.2058823529411766,26.352941176470587,20.264705882352942
003015,Will Bowen,Will,Bowen,D,Defense,19,2,CHA,Chaos,2023-06-04,2024-08-17,3,1,1,0,1,2,3,1,1,0,0,0,0,0.0,43,6,19,0,0,0,0,0,3,3.0,3,137,128,0.3333333333333333,0.3333333333333333,,,0.15789473684210525,0.05263157894736842,0.05263157894736842,0.0,0.05263157894736842,0.10526315789473684,0.15789473684210525,0.05263157894736842,0.05263157894736842,0.0,0.0,0.0,0.0,0.0,2.263157894736842,0.3157894736842105,1.0,0.0,0.0,0.0,0.0,0.0,0.15789473684210525,0.15789473684210525,0.15789473684210525,7.2105263157894735,6.7368421052631575
003016,Brian Minicus,Brian,Minicus,A,Attack,20,2,CHA,Chaos,2023-06-04,2024-08-17,34,21,21,0,21,13,89,53,1,0,0,0,0,0.0,31,36,2,0,0,0,0,0,1,1.0,67,514,389,0.23595505617977527,0.5955056179775281,,,1.7,1.05,1.05,0.0,1.05,0.65,4.45,2.65,0.05,0.0,0.0,0.0,0.0,0.0,1.55,1.8,0.1,0.0,0.0,0.0,0.0,0.0,0.05,0.05,3.35,25.7,19.45
003017,Tye Kurtz,Tye,Kurtz,A,Attack,15,3,CAN|CHA,Cannons|Chaos,2023-07-09,2026-06-19,26,21,19,1,20,5,61,41,1,0,0,0,0,0.0,21,20,3,0,0,0,0,0,1,0.5,22,302,221,0.32786885245901637,0.6721311475409836,,,1.7333333333333334,1.4,1.2666666666666666,0.06666666666666667,1.3333333333333333,0.3333333333333333,4.066666666666666,2.7333333333333334,0.06666666666666667,0.0,0.0,0.0,0.0,0.0,1.4,1.3333333333333333,0.2,0.0,0.0,0.0,0.0,0.0,0.06666666666666667,0.03333333333333333,1.4666666666666666,20.133333333333333,14.733333333333333
003018,Nick Rowlett,Nick,Rowlett,FO,Faceoff,22,4,CHA,Chaos,2023-06-04,2026-08-08,5,3,3,0,3,2,19,11,0,0,0,0,0,0.0,145,19,6,225,296,527,0,0,3,1.5,10,148,110,0.15789473684210525,0.5789473684210527,0.4269449715370019,,0.22727272727272727,0.13636363636363635,0.13636363636363635,0.0,0.13636363636363635,0.09090909090909091,0.8636363636363636,0.5,0.0,0.0,0.0,0.0,0.0,0.0,6.590909090909091,0.8636363636363636,0.2727272727272727,10.227272727272727,13.454545454545455,23.954545454545453,0.0,0.0,0.13636363636363635,0.06818181818181818,0.45454545454545453,6.7272727272727275,5.0
003019,Sam Handley,Sam,Handley,M,Midfield,23,3,OUT|RED,Outlaws|Redwoods,2023-06-04,2025-07-12,35,25,19,3,22,10,109,67,24,0,0,0,0,0.0,13,31,1,0,0,0,0,0,1,0.5,45,459,319,0.2018348623853211,0.6146788990825688,,,1.5217391304347827,1.0869565217391304,0.8260869565217391,0.13043478260869565,0.9565217391304348,0.43478260869565216,4.739130434782608,2.9130434782608696,1.0434782608695652,0.0,0.0,0.0,0.0,0.0,0.5652173913043478,1.3478260869565217,0.043478260869565216,0.0,0.0,0.0,0.0,0.0,0.043478260869565216,0.021739130434782608,1.9565217391304348,19.956521739130434,13.869565217391305
003020,Troy Hettinger,Troy,Hettinger,LSM,Long Stick Midfield,5,1,OUT,Outlaws,2023-06-17,2023-08-27,0,0,0,0,0,0,1,0,0,0,0,0,0,0.0,9,0,1,1,17,18,0,0,0,0.0,1,14,13,0.0,0.0,0.05555555555555555,,0.0,0.0,0.0,0.0,0.0,0.0,0.2,0.0,0.0,0.0,0.0,0.0,0.0,0.0,1.8,0.0,0.2,0.2,3.4,3.6,0.0,0.0,0.0,0.0,0.2,2.8,2.6
003021,Jack Myers,Jack,Myers,A,Attack,4,2,OUT|WHP,Outlaws|Whipsnakes,2023-07-09,2024-06-08,6,4,4,0,4,2,14,10,0,0,0,0,0,0.0,2,4,0,0,0,0,0,0,0,0.0,13,101,83,0.2857142857142857,0.7142857142857143,,,1.5,1.0,1.0,0.0,1.0,0.5,3.5,2.5,0.0,0.0,0.0,0.0,0.0,0.0,0.5,1.0,0.0,0.0,0.0,0.0,0.0,0.0,0.0,0.0,3.25,25.25,20.75
003022,Cross Ferrara,Cross,Ferrara,M,Midfield,24,3,CHA|OUT,Chaos|Outlaws,2023-06-04,2025-07-26,30,25,23,1,24,5,112,68,8,0,0,0,0,0.0,12,20,1,0,0,0,0,0,0,0.0,34,488,356,0.21428571428571427,0.6071428571428571,,,1.25,1.0416666666666667,0.9583333333333334,0.041666666666666664,1.0,0.20833333333333334,4.666666666666667,2.8333333333333335,0.3333333333333333,0.0,0.0,0.0,0.0,0.0,0.5,0.8333333333333334,0.041666666666666664,0.0,0.0,0.0,0.0,0.0,0.0,0.0,1.4166666666666667,20.333333333333332,14.833333333333334
003023,Owen Grant,Owen,Grant,LSM,Long Stick Midfield,25,3,CAN|RED,Cannons|Redwoods,2023-06-17,2026-08-09,9,6,2,2,4,3,25,14,18,0,0,0,0,0.0,34,7,25,0,3,3,0,0,7,6.0,7,169,137,0.16,0.56,0.0,,0.36,0.24,0.08,0.08,0.16,0.12,1.0,0.56,0.72,0.0,0.0,0.0,0.0,0.0,1.36,0.28,1.0,0.0,0.12,0.12,0.0,0.0,0.28,0.24,0.28,6.76,5.48
003024,Brian Tevlin,Brian,Tevlin,SSDM,Defensive Midfield,39,4,RED,Redwoods,2023-06-17,2026-08-16,21,12,12,0,12,9,51,24,9,0,0,0,0,0.0,90,19,39,4,15,19,0,0,9,6.5,25,427,357,0.23529411764705882,0.47058823529411764,0.21052631578947367,,0.5384615384615384,0.3076923076923077,0.3076923076923077,0.0,0.3076923076923077,0.23076923076923078,1.3076923076923077,0.6153846153846154,0.23076923076923078,0.0,0.0,0.0,0.0,0.0,2.3076923076923075,0.48717948717948717,1.0,0.10256410256410256,0.38461538461538464,0.48717948717948717,0.0,0.0,0.23076923076923078,0.16666666666666666,0.6410256410256411,10.948717948717949,9.153846153846153
003025,Cole Kirst,Cole,Kirst,M,Midfield,15,3,RED,Redwoods,2023-06-10,2025-07-18,27,18,18,0,18,9,56,44,2,0,0,0,0,0.0,14,9,0,0,0,0,0,0,1,1.0,25,264,199,0.32142857142857145,0.7857142857142857,,,1.8,1.2,1.2,0.0,1.2,0.6,3.7333333333333334,2.933333333333333,0.13333333333333333,0.0,0.0,0.0,0.0,0.0,0.9333333333333333,0.6,0.0,0.0,0.0,0.0,0.0,0.0,0.06666666666666667,0.06666666666666667,1.6666666666666667,17.6,13.266666666666667
003027,Thomas McConvey,Thomas,McConvey,M,Midfield,20,4,WAT,Waterdogs,2023-07-08,2026-06-07,26,20,20,0,20,6,53,36,1,0,0,0,0,0.0,13,9,4,0,0,0,0,0,0,0.0,26,320,258,0.37735849056603776,0.6792452830188679,,,1.3,1.0,1.0,0.0,1.0,0.3,2.65,1.8,0.05,0.0,0.0,0.0,0.0,0.0,0.65,0.45,0.2,0.0,0.0,0.0,0.0,0.0,0.0,0.0,1.3,16.0,12.9
003028,Alex Mazzone,Alex,Mazzone,LSM,Long Stick Midfield,17,3,WAT|WHP,Waterdogs|Whipsnakes,2023-06-04,2025-07-26,0,0,0,0,0,0,5,1,4,0,0,0,0,0.0,33,4,7,0,0,0,0,0,0,0.0,5,71,62,0.0,0.2,,,0.0,0.0,0.0,0.0,0.0,0.0,0.29411764705882354,0.058823529411764705,0.23529411764705882,0.0,0.0,0.0,0.0,0.0,1.9411764705882353,0.23529411764705882,0.4117647058823529,0.0,0.0,0.0,0.0,0.0,0.0,0.0,0.29411764705882354,4.176470588235294,3.6470588235294117
003029,Chris Fake,Chris,Fake,D,Defense,29,4,RED|WAT,Redwoods|Waterdogs,2023-06-16,2026-08-16,2,2,0,1,1,0,9,4,8,0,0,0,0,0.0,37,11,12,0,0,0,0,0,3,4.0,6,205,185,0.1111111111111111,0.4444444444444444,,,0.06896551724137931,0.06896551724137931,0.0,0.034482758620689655,0.034482758620689655,0.0,0.3103448275862069,0.13793103448275862,0.27586206896551724,0.0,0.0,0.0,0.0,0.0,1.2758620689655173,0.3793103448275862,0.41379310344827586,0.0,0.0,0.0,0.0,0.0,0.10344827586206896,0.13793103448275862,0.20689655172413793,7.068965517241379,6.379310344827586
003030,James Reilly,James,Reilly,FO,Faceoff,3,2,CHA|WAT,Chaos|Waterdogs,2023-06-10,2024-08-17,0,0,0,0,0,0,0,0,0,0,0,0,0,0.0,9,1,0,26,35,61,0,0,0,0.0,0,10,9,,,0.4262295081967213,,0.0,0.0,0.0,0.0,0.0,0.0,0.0,0.0,0.0,0.0,0.0,0.0,0.0,0.0,3.0,0.3333333333333333,0.0,8.666666666666666,11.666666666666666,20.333333333333332,0.0,0.0,0.0,0.0,0.0,3.3333333333333335,3.0
003031,Tucker Dordevic,Tucker,Dordevic,M,Midfield,14,2,WHP,Whipsnakes,2023-06-04,2024-08-04,36,34,18,8,26,2,87,54,18,0,0,0,0,0.0,15,11,0,0,0,0,0,0,0,0.0,14,314,216,0.2988505747126437,0.6206896551724138,,,2.5714285714285716,2.4285714285714284,1.2857142857142858,0.5714285714285714,1.8571428571428572,0.14285714285714285,6.214285714285714,3.857142857142857,1.2857142857142858,0.0,0.0,0.0,0.0,0.0,1.0714285714285714,0.7857142857142857,0.0,0.0,0.0,0.0,0.0,0.0,0.0,0.0,1.0,22.428571428571427,15.428571428571429
003032,Petey LaSalla,Petey,LaSalla,FO,Faceoff,21,3,WHP,Whipsnakes,2023-06-04,2026-08-07,9,8,8,0,8,1,17,12,1,0,0,0,0,0.0,170,22,2,272,241,516,0,0,0,0.0,17,177,138,0.47058823529411764,0.7058823529411765,0.5271317829457365,,0.42857142857142855,0.38095238095238093,0.38095238095238093,0.0,0.38095238095238093,0.047619047619047616,0.8095238095238095,0.5714285714285714,0.047619047619047616,0.0,0.0,0.0,0.0,0.0,8.095238095238095,1.0476190476190477,0.09523809523809523,12.952380952380953,11.476190476190476,24.571428571428573,0.0,0.0,0.0,0.0,0.8095238095238095,8.428571428571429,6.571428571428571
003033,Garrett Leadmon,Garrett,Leadmon,M,Midfield,8,2,WHP,Whipsnakes,2023-06-04,2024-06-16,5,4,2,1,3,1,25,14,5,0,0,0,0,0.0,4,9,0,0,0,0,0,0,0,0.0,12,110,76,0.12,0.56,,,0.625,0.5,0.25,0.125,0.375,0.125,3.125,1.75,0.625,0.0,0.0,0.0,0.0,0.0,0.5,1.125,0.0,0.0,0.0,0.0,0.0,0.0,0.0,0.0,1.5,13.75,9.5
003039,Chet Comizio,Chet,Comizio,SSDM,Defensive Midfield,27,4,ATL,Atlas,2023-06-10,2026-05-09,6,4,4,0,4,2,13,9,0,0,0,0,0,0.0,35,10,9,0,4,4,0,0,8,4.5,6,213,190,0.3076923076923077,0.6923076923076923,0.0,,0.2222222222222222,0.14814814814814814,0.14814814814814814,0.0,0.14814814814814814,0.07407407407407407,0.48148148148148145,0.3333333333333333,0.0,0.0,0.0,0.0,0.0,0.0,1.2962962962962963,0.37037037037037035,0.3333333333333333,0.0,0.14814814814814814,0.14814814814814814,0.0,0.0,0.2962962962962963,0.16666666666666666,0.2222222222222222,7.888888888888889,7.037037037037037
003041,Ethan Rall,Ethan,Rall,LSM,Long Stick Midfield,41,4,CAN,Cannons,2023-06-10,2026-08-09,5,4,4,0,4,1,20,14,9,0,0,0,0,0.0,125,13,57,6,101,107,0,0,3,2.5,10,192,159,0.2,0.7,0.056074766355140186,,0.12195121951219512,0.0975609756097561,0.0975609756097561,0.0,0.0975609756097561,0.024390243902439025,0.4878048780487805,0.34146341463414637,0.21951219512195122,0.0,0.0,0.0,0.0,0.0,3.048780487804878,0.3170731707317073,1.3902439024390243,0.14634146341463414,2.4634146341463414,2.6097560975609757,0.0,0.0,0.07317073170731707,0.06097560975609756,0.24390243902439024,4.682926829268292,3.8780487804878048
003045,Alex Simmons,Alex,Simmons,A,Attack,1,1,RED,Redwoods,2024-07-20,2024-07-20,0,0,0,0,0,0,1,0,0,0,0,0,0,0.0,1,1,0,0,0,0,0,0,0,0.0,0,14,12,0.0,0.0,,,0.0,0.0,0.0,0.0,0.0,0.0,1.0,0.0,0.0,0.0,0.0,0.0,0.0,0.0,1.0,1.0,0.0,0.0,0.0,0.0,0.0,0.0,0.0,0.0,0.0,14.0,12.0
003048,TJ Malone,TJ,Malone,A,Attack,32,3,WHP,Whipsnakes,2024-06-02,2026-08-16,102,62,60,1,61,40,215,147,5,0,0,0,0,0.0,50,46,5,0,0,0,0,0,1,0.5,106,1012,751,0.2837209302325581,0.6837209302325581,,,3.1875,1.9375,1.875,0.03125,1.90625,1.25,6.71875,4.59375,0.15625,0.0,0.0,0.0,0.0,0.0,1.5625,1.4375,0.15625,0.0,0.0,0.0,0.0,0.0,0.03125,0.015625,3.3125,31.625,23.46875
003049,John Geppert,John,Geppert,LSM,Long Stick Midfield,3,1,ATL,Atlas,2023-08-12,2023-08-26,0,0,0,0,0,0,1,1,1,0,0,0,0,0.0,7,2,4,0,1,1,0,0,0,0.0,0,13,10,0.0,1.0,0.0,,0.0,0.0,0.0,0.0,0.0,0.0,0.3333333333333333,0.3333333333333333,0.3333333333333333,0.0,0.0,0.0,0.0,0.0,2.3333333333333335,0.6666666666666666,1.3333333333333333,0.0,0.3333333333333333,0.3333333333333333,0.0,0.0,0.0,0.0,0.0,4.333333333333333,3.3333333333333335
003052,Kyle Borda,Kyle,Borda,M,Midfield,2,1,WAT,Waterdogs,2023-06-10,2023-06-16,0,0,0,0,0,0,3,3,0,0,0,0,0,0.0,0,0,0,0,0,0,0,0,0,0.0,1,13,10,0.0,1.0,,,0.0,0.0,0.0,0.0,0.0,0.0,1.5,1.5,0.0,0.0,0.0,0.0,0.0,0.0,0.0,0.0,0.0,0.0,0.0,0.0,0.0,0.0,0.0,0.0,0.5,6.5,5.0
003054,Jeff Conner,Jeff,Conner,M,Midfield,5,1,WAT,Waterdogs,2023-06-16,2023-08-26,4,2,2,0,2,2,4,3,0,0,0,0,0,0.0,1,0,0,0,0,0,0,0,0,0.0,7,34,30,0.5,0.75,,,0.8,0.4,0.4,0.0,0.4,0.4,0.8,0.6,0.0,0.0,0.0,0.0,0.0,0.0,0.2,0.0,0.0,0.0,0.0,0.0,0.0,0.0,0.0,0.0,1.4,6.8,6.0
003056,Grayson Sallade,Grayson,Sallade,SSDM,Defensive Midfield,1,1,WHP,Whipsnakes,2023-06-10,2023-06-10,0,0,0,0,0,0,0,0,0,0,0,0,0,0.0,2,0,0,0,0,0,0,0,0,0.0,1,5,5,,,,,0.0,0.0,0.0,0.0,0.0,0.0,0.0,0.0,0.0,0.0,0.0,0.0,0.0,0.0,2.0,0.0,0.0,0.0,0.0,0.0,0.0,0.0,0.0,0.0,1.0,5.0,5.0
003059,BJ Farrare,BJ,Farrare,LSM,Long Stick Midfield,23,3,RED,Redwoods,2024-08-10,2026-08-16,1,0,0,0,0,1,2,0,1,0,0,0,0,0.0,28,3,17,0,1,1,0,0,3,3.0,5,89,84,0.0,0.0,0.0,,0.043478260869565216,0.0,0.0,0.0,0.0,0.043478260869565216,0.08695652173913043,0.0,0.043478260869565216,0.0,0.0,0.0,0.0,0.0,1.2173913043478262,0.13043478260869565,0.7391304347826086,0.0,0.043478260869565216,0.043478260869565216,0.0,0.0,0.13043478260869565,0.13043478260869565,0.21739130434782608,3.869565217391304,3.652173913043478
003068,Dylan Gergar,Dylan,Gergar,M,Midfield,2,1,OUT,Outlaws,2024-06-29,2024-07-06,2,2,2,0,2,0,12,6,2,0,0,0,0,0.0,3,1,1,0,0,0,0,0,0,0.0,0,26,13,0.16666666666666666,0.5,,,1.0,1.0,1.0,0.0,1.0,0.0,6.0,3.0,1.0,0.0,0.0,0.0,0.0,0.0,1.5,0.5,0.5,0.0,0.0,0.0,0.0,0.0,0.0,0.0,0.0,13.0,6.5
003069,Ricky Miezan,Ricky,Miezan,SSDM,Defensive Midfield,4,1,RED,Redwoods,2024-07-05,2024-07-28,0,0,0,0,0,0,2,1,1,0,0,0,0,0.0,2,0,2,0,0,0,0,0,0,0.0,0,9,7,0.0,0.5,,,0.0,0.0,0.0,0.0,0.0,0.0,0.5,0.25,0.25,0.0,0.0,0.0,0.0,0.0,0.5,0.0,0.5,0.0,0.0,0.0,0.0,0.0,0.0,0.0,0.0,2.25,1.75
003070,Ronan Jacoby,Ronan,Jacoby,M,Midfield,6,1,ATL,Atlas,2024-06-01,2024-08-10,5,2,2,0,2,3,16,12,3,0,0,0,0,0.0,4,1,1,0,0,0,0,0,0,0.0,6,100,83,0.125,0.75,,,0.8333333333333334,0.3333333333333333,0.3333333333333333,0.0,0.3333333333333333,0.5,2.6666666666666665,2.0,0.5,0.0,0.0,0.0,0.0,0.0,0.6666666666666666,0.16666666666666666,0.16666666666666666,0.0,0.0,0.0,0.0,0.0,0.0,0.0,1.0,16.666666666666668,13.833333333333334
003072,Kevin Winkoff,Kevin,Winkoff,M,Midfield,3,1,WHP,Whipsnakes,2024-06-16,2024-07-06,4,1,1,0,1,3,11,5,2,0,0,0,0,0.0,2,5,1,0,0,0,0,0,0,0.0,8,44,28,0.09090909090909091,0.45454545454545453,,,1.3333333333333333,0.3333333333333333,0.3333333333333333,0.0,0.3333333333333333,1.0,3.6666666666666665,1.6666666666666667,0.6666666666666666,0.0,0.0,0.0,0.0,0.0,0.6666666666666666,1.6666666666666667,0.3333333333333333,0.0,0.0,0.0,0.0,0.0,0.0,0.0,2.6666666666666665,14.666666666666666,9.333333333333334
003073,Ron John,Ron,John,SSDM,Defensive Midfield,1,1,RED,Redwoods,2024-06-29,2024-06-29,0,0,0,0,0,0,0,0,0,0,0,0,0,0.0,1,0,0,0,0,0,0,0,0,0.0,0,2,2,,,,,0.0,0.0,0.0,0.0,0.0,0.0,0.0,0.0,0.0,0.0,0.0,0.0,0.0,0.0,1.0,0.0,0.0,0.0,0.0,0.0,0.0,0.0,0.0,0.0,0.0,2.0,2.0
003075,Brennan O'Neill,Brennan,O'Neill,A,Attack,31,3,OUT,Outlaws,2024-06-02,2026-08-16,98,63,47,8,55,35,251,141,34,0,0,0,0,0.0,42,48,1,0,0,0,0,0,0,0.0,102,1051,752,0.21912350597609562,0.5617529880478087,,,3.161290322580645,2.032258064516129,1.5161290322580645,0.25806451612903225,1.7741935483870968,1.1290322580645162,8.096774193548388,4.548387096774194,1.096774193548387,0.0,0.0,0.0,0.0,0.0,1.3548387096774193,1.5483870967741935,0.03225806451612903,0.0,0.0,0.0,0.0,0.0,0.0,0.0,3.2903225806451615,33.903225806451616,24.258064516129032
003076,Connor Shellenberger,Connor,Shellenberger,A,Attack,28,3,ATL,Atlas,2024-06-01,2026-08-15,97,47,47,0,47,50,115,86,2,0,0,0,0,0.0,43,38,3,0,0,0,0,0,2,2.0,151,943,790,0.40869565217391307,0.7478260869565218,,,3.4642857142857144,1.6785714285714286,1.6785714285714286,0.0,1.6785714285714286,1.7857142857142858,4.107142857142857,3.0714285714285716,0.07142857142857142,0.0,0.0,0.0,0.0,0.0,1.5357142857142858,1.3571428571428572,0.10714285714285714,0.0,0.0,0.0,0.0,0.0,0.07142857142857142,0.07142857142857142,5.392857142857143,33.67857142857143,28.214285714285715
003077,Ajax Zappitello,Ajax,Zappitello,D,Defense,32,3,WHP,Whipsnakes,2024-06-02,2026-08-16,5,3,1,1,2,2,12,7,4,0,0,0,0,0.0,64,16,50,0,0,0,0,0,3,1.5,7,301,273,0.16666666666666666,0.5833333333333334,,,0.15625,0.09375,0.03125,0.03125,0.0625,0.0625,0.375,0.21875,0.125,0.0,0.0,0.0,0.0,0.0,2.0,0.5,1.5625,0.0,0.0,0.0,0.0,0.0,0.09375,0.046875,0.21875,9.40625,8.53125
003078,Shane Knobloch,Shane,Knobloch,M,Midfield,26,3,CHA,Chaos,2024-06-02,2026-08-08,43,33,29,2,31,10,138,82,14,0,0,0,0,0.0,20,37,2,0,1,1,0,0,2,1.0,47,597,422,0.2246376811594203,0.5942028985507246,0.0,,1.6538461538461537,1.2692307692307692,1.1153846153846154,0.07692307692307693,1.1923076923076923,0.38461538461538464,5.3076923076923075,3.1538461538461537,0.5384615384615384,0.0,0.0,0.0,0.0,0.0,0.7692307692307693,1.4230769230769231,0.07692307692307693,0.0,0.038461538461538464,0.038461538461538464,0.0,0.0,0.07692307692307693,0.038461538461538464,1.8076923076923077,22.96153846153846,16.23076923076923
003079,Liam Entenmann,Liam,Entenmann,G,Goalie,28,3,ATL,Atlas,2024-06-28,2026-08-15,1,0,0,0,0,1,5,0,5,362,142,220,347,363.96214298896257,61,11,3,0,0,0,325,22,0,0.0,1,476,460,0.0,0.0,,0.9946089365975019,0.03571428571428571,0.0,0.0,0.0,0.0,0.03571428571428571,0.17857142857142858,0.0,0.17857142857142858,12.928571428571429,5.071428571428571,7.857142857142857,12.392857142857142,12.99864796389152,2.1785714285714284,0.39285714285714285,0.10714285714285714,0.0,0.0,0.0,11.607142857142858,0.7857142857142857,0.0,0.0,0.03571428571428571,17.0,16.428571428571427
003080,Pat Kavanagh,Pat,Kavanagh,A,Attack,22,3,CAN|OUT,Cannons|Outlaws,2024-06-01,2026-07-26,69,42,40,1,41,27,154,103,8,0,0,0,0,0.0,33,41,6,0,0,0,0,0,9,7.0,91,829,634,0.2662337662337662,0.6688311688311688,,,3.1363636363636362,1.9090909090909092,1.8181818181818181,0.045454545454545456,1.8636363636363635,1.2272727272727273,7.0,4.681818181818182,0.36363636363636365,0.0,0.0,0.0,0.0,0.0,1.5,1.8636363636363635,0.2727272727272727,0.0,0.0,0.0,0.0,0.0,0.4090909090909091,0.3181818181818182,4.136363636363637,37.68181818181818,28.818181818181817
003081,Matt Brandau,Matt,Brandau,M,Midfield,27,3,WAT|WHP,Waterdogs|Whipsnakes,2024-06-01,2026-08-16,47,36,36,0,36,11,130,93,4,0,0,0,0,0.0,32,26,2,0,0,0,0,0,2,1.0,38,615,459,0.27692307692307694,0.7153846153846154,,,1.7407407407407407,1.3333333333333333,1.3333333333333333,0.0,1.3333333333333333,0.4074074074074074,4.814814814814815,3.4444444444444446,0.14814814814814814,0.0,0.0,0.0,0.0,0.0,1.1851851851851851,0.9629629629629629,0.07407407407407407,0.0,0.0,0.0,0.0,0.0,0.07407407407407407,0.037037037037037035,1.4074074074074074,22.77777777777778,17.0
003082,Mason Woodward,Mason,Woodward,D,Defense,32,3,ARC,Archers,2024-06-01,2026-08-08,13,11,3,4,7,2,35,18,30,0,0,0,0,0.0,68,8,24,0,0,0,0,0,6,5.5,14,296,253,0.2,0.5142857142857142,,,0.40625,0.34375,0.09375,0.125,0.21875,0.0625,1.09375,0.5625,0.9375,0.0,0.0,0.0,0.0,0.0,2.125,0.25,0.75,0.0,0.0,0.0,0.0,0.0,0.1875,0.171875,0.4375,9.25,7.90625
003083,Jake Piseno,Jake,Piseno,LSM,Long Stick Midfield,32,3,OUT,Outlaws,2024-06-02,2026-08-16,24,15,5,5,10,9,45,26,31,0,0,0,0,0.0,102,17,34,0,0,0,0,0,2,2.0,20,282,220,0.2222222222222222,0.5777777777777777,,,0.75,0.46875,0.15625,0.15625,0.3125,0.28125,1.40625,0.8125,0.96875,0.0,0.0,0.0,0.0,0.0,3.1875,0.53125,1.0625,0.0,0.0,0.0,0.0,0.0,0.0625,0.0625,0.625,8.8125,6.875
003084,Jake Stevens,Jake,Stevens,M,Midfield,23,3,ATL,Atlas,2024-06-28,2026-08-15,21,18,18,0,18,3,73,45,3,0,0,0,0,0.0,21,25,2,0,0,0,0,0,3,2.0,14,275,177,0.2465753424657534,0.6164383561643836,,,0.9130434782608695,0.782608695652174,0.782608695652174,0.0,0.782608695652174,0.13043478260869565,3.1739130434782608,1.9565217391304348,0.13043478260869565,0.0,0.0,0.0,0.0,0.0,0.9130434782608695,1.0869565217391304,0.08695652173913043,0.0,0.0,0.0,0.0,0.0,0.13043478260869565,0.08695652173913043,0.6086956521739131,11.956521739130435,7.695652173913044
003085,Graham Bundy,Graham,Bundy,M,Midfield,32,3,OUT,Outlaws,2024-06-02,2026-08-16,48,41,15,13,28,7,149,84,67,0,0,0,0,0.0,17,22,1,0,0,0,0,0,4,2.5,31,700,529,0.18791946308724833,0.5637583892617449,,,1.5,1.28125,0.46875,0.40625,0.875,0.21875,4.65625,2.625,2.09375,0.0,0.0,0.0,0.0,0.0,0.53125,0.6875,0.03125,0.0,0.0,0.0,0.0,0.0,0.125,0.078125,0.96875,21.875,16.53125
003086,Eric Dobson,Eric,Dobson,M,Midfield,9,2,CHA,Chaos,2024-06-15,2025-06-07,5,5,5,0,5,0,26,15,6,0,0,0,0,0.0,4,16,1,0,0,0,0,0,0,0.0,6,153,111,0.19230769230769232,0.5769230769230769,,,0.5555555555555556,0.5555555555555556,0.5555555555555556,0.0,0.5555555555555556,0.0,2.888888888888889,1.6666666666666667,0.6666666666666666,0.0,0.0,0.0,0.0,0.0,0.4444444444444444,1.7777777777777777,0.1111111111111111,0.0,0.0,0.0,0.0,0.0,0.0,0.0,0.6666666666666666,17.0,12.333333333333334
003087,Beau Pederson,Beau,Pederson,SSDM,Defensive Midfield,32,3,ARC,Archers,2024-06-01,2026-08-08,14,10,8,1,9,4,19,12,6,0,0,0,0,0.0,38,14,15,7,33,42,0,0,9,7.0,11,217,184,0.47368421052631576,0.631578947368421,0.16666666666666666,,0.4375,0.3125,0.25,0.03125,0.28125,0.125,0.59375,0.375,0.1875,0.0,0.0,0.0,0.0,0.0,1.1875,0.4375,0.46875,0.21875,1.03125,1.3125,0.0,0.0,0.28125,0.21875,0.34375,6.78125,5.75
003088,Alexander Vardaro,Alexander,Vardaro,M,Midfield,11,2,CAN,Cannons,2024-06-08,2025-07-11,12,9,9,0,9,3,37,21,3,0,0,0,0,0.0,3,9,0,0,0,0,0,0,0,0.0,19,157,111,0.24324324324324326,0.5675675675675675,,,1.0909090909090908,0.8181818181818182,0.8181818181818182,0.0,0.8181818181818182,0.2727272727272727,3.3636363636363638,1.9090909090909092,0.2727272727272727,0.0,0.0,0.0,0.0,0.0,0.2727272727272727,0.8181818181818182,0.0,0.0,0.0,0.0,0.0,0.0,0.0,0.0,1.7272727272727273,14.272727272727273,10.090909090909092
003089,Kenny Brower,Kenny,Brower,D,Defense,20,2,WAT,Waterdogs,2025-06-07,2026-08-16,1,0,0,0,0,1,3,2,2,0,0,0,0,0.0,30,2,22,0,0,0,0,0,10,9.5,1,111,106,0.0,0.6666666666666666,,,0.05,0.0,0.0,0.0,0.0,0.05,0.15,0.1,0.1,0.0,0.0,0.0,0.0,0.0,1.5,0.1,1.1,0.0,0.0,0.0,0.0,0.0,0.5,0.475,0.05,5.55,5.3
003090,Dyson Williams,Dyson,Williams,M,Midfield,16,3,ARC,Archers,2024-07-06,2026-05-09,17,16,16,0,16,1,43,33,1,0,0,0,0,0.0,7,9,0,0,0,0,0,0,0,0.0,4,112,60,0.37209302325581395,0.7674418604651163,,,1.0625,1.0,1.0,0.0,1.0,0.0625,2.6875,2.0625,0.0625,0.0,0.0,0.0,0.0,0.0,0.4375,0.5625,0.0,0.0,0.0,0.0,0.0,0.0,0.0,0.0,0.25,7.0,3.75
003091,Garrett Degnon,Garrett,Degnon,M,Midfield,9,3,CHA|RED|WHP,Chaos|Redwoods|Whipsnakes,2024-06-07,2026-08-07,12,9,7,1,8,3,37,20,10,0,0,0,0,0.0,9,6,0,0,0,0,0,0,2,1.5,7,161,118,0.21621621621621623,0.5405405405405406,,,1.3333333333333333,1.0,0.7777777777777778,0.1111111111111111,0.8888888888888888,0.3333333333333333,4.111111111111111,2.2222222222222223,1.1111111111111112,0.0,0.0,0.0,0.0,0.0,1.0,0.6666666666666666,0.0,0.0,0.0,0.0,0.0,0.0,0.2222222222222222,0.16666666666666666,0.7777777777777778,17.88888888888889,13.11111111111111
003092,Josh Zawada,Josh,Zawada,M,Midfield,18,2,CHA|OUT,Chaos|Outlaws,2024-06-02,2025-08-09,30,15,15,0,15,15,68,45,1,0,0,0,0,0.0,22,25,1,0,0,0,0,0,2,1.5,59,590,497,0.22058823529411764,0.6617647058823529,,,1.6666666666666667,0.8333333333333334,0.8333333333333334,0.0,0.8333333333333334,0.8333333333333334,3.7777777777777777,2.5,0.05555555555555555,0.0,0.0,0.0,0.0,0.0,1.2222222222222223,1.3888888888888888,0.05555555555555555,0.0,0.0,0.0,0.0,0.0,0.1111111111111111,0.08333333333333333,3.2777777777777777,32.77777777777778,27.61111111111111
003093,Ross Scott,Ross,Scott,M,Midfield,32,3,CHA,Chaos,2024-06-02,2026-08-08,61,43,43,0,43,18,126,82,1,0,0,0,0,0.0,25,44,2,0,0,0,0,0,3,1.5,73,750,580,0.3412698412698413,0.6507936507936508,,,1.90625,1.34375,1.34375,0.0,1.34375,0.5625,3.9375,2.5625,0.03125,0.0,0.0,0.0,0.0,0.0,0.78125,1.375,0.0625,0.0,0.0,0.0,0.0,0.0,0.09375,0.046875,2.28125,23.4375,18.125
003094,Levi Anderson,Levi,Anderson,M,Midfield,24,3,ATL|WHP,Atlas|Whipsnakes,2024-06-28,2026-08-02,35,28,24,2,26,7,94,61,3,0,0,0,0,0.0,18,22,2,0,0,0,0,0,2,1.0,39,364,248,0.2765957446808511,0.648936170212766,,,1.4583333333333333,1.1666666666666667,1.0,0.08333333333333333,1.0833333333333333,0.2916666666666667,3.9166666666666665,2.5416666666666665,0.125,0.0,0.0,0.0,0.0,0.0,0.75,0.9166666666666666,0.08333333333333333,0.0,0.0,0.0,0.0,0.0,0.08333333333333333,0.041666666666666664,1.625,15.166666666666666,10.333333333333334
003095,Stephen Zupicich,Stephen,Zupicich,LSM,Long Stick Midfield,3,1,WHP,Whipsnakes,2024-06-02,2024-06-28,1,0,0,0,0,1,1,0,1,0,0,0,0,0.0,2,1,0,0,0,0,0,0,0,0.0,1,7,5,0.0,0.0,,,0.3333333333333333,0.0,0.0,0.0,0.0,0.3333333333333333,0.3333333333333333,0.0,0.3333333333333333,0.0,0.0,0.0,0.0,0.0,0.6666666666666666,0.3333333333333333,0.0,0.0,0.0,0.0,0.0,0.0,0.0,0.0,0.3333333333333333,2.3333333333333335,1.6666666666666667
003096,Marcus Hudgins,Marcus,Hudgins,D,Defense,26,3,WAT,Waterdogs,2024-06-15,2026-08-16,2,0,0,0,0,2,2,2,1,0,0,0,0,0.0,49,9,27,0,0,0,0,0,1,0.5,4,130,119,0.0,1.0,,,0.07692307692307693,0.0,0.0,0.0,0.0,0.07692307692307693,0.07692307692307693,0.07692307692307693,0.038461538461538464,0.0,0.0,0.0,0.0,0.0,1.8846153846153846,0.34615384615384615,1.0384615384615385,0.0,0.0,0.0,0.0,0.0,0.038461538461538464,0.019230769230769232,0.15384615384615385,5.0,4.576923076923077
003097,Colby Barsz,Colby,Barsz,D,Defense,2,1,ARC,Archers,2024-06-08,2024-08-18,0,0,0,0,0,0,0,0,0,0,0,0,0,0.0,5,2,1,0,0,0,0,0,0,0.0,0,6,4,,,,,0.0,0.0,0.0,0.0,0.0,0.0,0.0,0.0,0.0,0.0,0.0,0.0,0.0,0.0,2.5,1.0,0.5,0.0,0.0,0.0,0.0,0.0,0.0,0.0,0.0,3.0,2.0
003098,Luke Wierman,Luke,Wierman,FO,Faceoff,32,3,OUT,Outlaws,2024-06-02,2026-08-16,16,10,10,0,10,6,48,25,9,0,0,0,0,0.0,213,24,10,403,378,787,0,0,4,2.5,11,254,182,0.20833333333333334,0.5208333333333334,0.5120711562897078,,0.5,0.3125,0.3125,0.0,0.3125,0.1875,1.5,0.78125,0.28125,0.0,0.0,0.0,0.0,0.0,6.65625,0.75,0.3125,12.59375,11.8125,24.59375,0.0,0.0,0.125,0.078125,0.34375,7.9375,5.6875
003099,Tyler Carpenter,Tyler,Carpenter,LSM,Long Stick Midfield,32,3,ATL,Atlas,2024-06-01,2026-08-15,10,8,4,2,6,2,17,12,9,0,0,0,0,0.0,95,12,20,0,0,0,0,0,1,1.0,10,231,202,0.35294117647058826,0.7058823529411765,,,0.3125,0.25,0.125,0.0625,0.1875,0.0625,0.53125,0.375,0.28125,0.0,0.0,0.0,0.0,0.0,2.96875,0.375,0.625,0.0,0.0,0.0,0.0,0.0,0.03125,0.03125,0.3125,7.21875,6.3125
003100,Adam Poitras,Adam,Poitras,M,Midfield,29,3,WHP,Whipsnakes,2024-06-28,2026-08-16,50,40,40,0,40,10,107,80,1,0,0,0,0,0.0,85,27,5,0,0,0,0,0,3,1.5,24,623,489,0.37383177570093457,0.7476635514018691,,,1.7241379310344827,1.3793103448275863,1.3793103448275863,0.0,1.3793103448275863,0.3448275862068966,3.689655172413793,2.7586206896551726,0.034482758620689655,0.0,0.0,0.0,0.0,0.0,2.9310344827586206,0.9310344827586207,0.1724137931034483,0.0,0.0,0.0,0.0,0.0,0.10344827586206896,0.05172413793103448,0.8275862068965517,21.482758620689655,16.862068965517242
003101,Dylan Hess,Dylan,Hess,SSDM,Defensive Midfield,11,2,WAT,Waterdogs,2025-06-07,2026-05-09,3,2,2,0,2,1,7,4,2,0,0,0,0,0.0,14,0,4,0,6,6,0,0,0,0.0,6,82,75,0.2857142857142857,0.5714285714285714,0.0,,0.2727272727272727,0.18181818181818182,0.18181818181818182,0.0,0.18181818181818182,0.09090909090909091,0.6363636363636364,0.36363636363636365,0.18181818181818182,0.0,0.0,0.0,0.0,0.0,1.2727272727272727,0.0,0.36363636363636365,0.0,0.5454545454545454,0.5454545454545454,0.0,0.0,0.0,0.0,0.5454545454545454,7.454545454545454,6.818181818181818
003102,Chayse Ierlan,Chayse,Ierlan,G,Goalie,12,2,RED,Redwoods,2024-07-20,2025-08-08,0,0,0,0,0,0,2,1,2,124,39,85,140,148.29733163913596,12,3,2,0,0,0,129,11,0,0.0,1,143,138,0.0,0.5,,0.8361579984577157,0.0,0.0,0.0,0.0,0.0,0.0,0.16666666666666666,0.08333333333333333,0.16666666666666666,10.333333333333334,3.25,7.083333333333333,11.666666666666666,12.358110969927997,1.0,0.25,0.16666666666666666,0.0,0.0,0.0,10.75,0.9166666666666666,0.0,0.0,0.08333333333333333,11.916666666666666,11.5
003103,Scott Smith,Scott,Smith,D,Defense,18,2,CHA,Chaos,2025-06-22,2026-08-08,4,2,2,0,2,2,16,9,8,0,0,0,0,0.0,35,5,17,0,0,0,0,0,6,6.0,4,99,78,0.125,0.5625,,,0.2222222222222222,0.1111111111111111,0.1111111111111111,0.0,0.1111111111111111,0.1111111111111111,0.8888888888888888,0.5,0.4444444444444444,0.0,0.0,0.0,0.0,0.0,1.9444444444444444,0.2777777777777778,0.9444444444444444,0.0,0.0,0.0,0.0,0.0,0.3333333333333333,0.3333333333333333,0.2222222222222222,5.5,4.333333333333333
003104,Michael Boehm,Michael,Boehm,A,Attack,8,3,RED|WAT|WHP,Redwoods|Waterdogs|Whipsnakes,2024-08-10,2026-08-16,17,5,5,0,5,12,29,16,2,0,0,0,0,0.0,13,12,0,0,0,0,0,0,0,0.0,23,240,199,0.1724137931034483,0.5517241379310345,,,2.125,0.625,0.625,0.0,0.625,1.5,3.625,2.0,0.25,0.0,0.0,0.0,0.0,0.0,1.625,1.5,0.0,0.0,0.0,0.0,0.0,0.0,0.0,0.0,2.875,30.0,24.875
003105,Cole Kastner,Cole,Kastner,D,Defense,10,2,RED,Redwoods,2025-06-28,2026-08-16,0,0,0,0,0,0,0,0,0,0,0,0,0,0.0,7,1,11,0,0,0,0,0,0,0.0,2,47,46,,,,,0.0,0.0,0.0,0.0,0.0,0.0,0.0,0.0,0.0,0.0,0.0,0.0,0.0,0.0,0.7,0.1,1.1,0.0,0.0,0.0,0.0,0.0,0.0,0.0,0.2,4.7,4.6
003106,Dalton Young,Dalton,Young,M,Midfield,31,3,OUT,Outlaws,2024-06-08,2026-08-16,55,32,32,0,32,23,94,63,0,0,0,0,0,0.0,24,38,2,0,0,0,0,0,2,1.0,45,558,426,0.3404255319148936,0.6702127659574468,,,1.7741935483870968,1.032258064516129,1.032258064516129,0.0,1.032258064516129,0.7419354838709677,3.032258064516129,2.032258064516129,0.0,0.0,0.0,0.0,0.0,0.0,0.7741935483870968,1.2258064516129032,0.06451612903225806,0.0,0.0,0.0,0.0,0.0,0.06451612903225806,0.03225806451612903,1.4516129032258065,18.0,13.741935483870968
003108,Will Mark,Will,Mark,G,Goalie,4,2,ATL,Atlas,2025-05-31,2026-08-08,0,0,0,0,0,0,0,0,0,7,2,5,3,6.0,4,0,1,0,0,0,3,0,0,0.0,0,6,6,,,,1.1666666666666667,0.0,0.0,0.0,0.0,0.0,0.0,0.0,0.0,0.0,1.75,0.5,1.25,0.75,1.5,1.0,0.0,0.25,0.0,0.0,0.0,0.75,0.0,0.0,0.0,0.0,1.5,1.5
003109,Chris Conlin,Chris,Conlin,D,Defense,31,3,RED,Redwoods,2024-06-16,2026-08-16,1,0,0,0,0,1,0,0,0,0,0,0,0,0.0,69,7,24,0,0,0,0,0,2,1.5,2,240,233,,,,,0.03225806451612903,0.0,0.0,0.0,0.0,0.03225806451612903,0.0,0.0,0.0,0.0,0.0,0.0,0.0,0.0,2.225806451612903,0.22580645161290322,0.7741935483870968,0.0,0.0,0.0,0.0,0.0,0.06451612903225806,0.04838709677419355,0.06451612903225806,7.741935483870968,7.516129032258065
003110,Carter Parlette,Carter,Parlette,SSDM,Defensive Midfield,1,1,RED,Redwoods,2025-06-28,2025-06-28,0,0,0,0,0,0,0,0,0,0,0,0,0,0.0,1,0,0,0,0,0,0,0,0,0.0,0,5,5,,,,,0.0,0.0,0.0,0.0,0.0,0.0,0.0,0.0,0.0,0.0,0.0,0.0,0.0,0.0,1.0,0.0,0.0,0.0,0.0,0.0,0.0,0.0,0.0,0.0,0.0,5.0,5.0
003111,AJ Mercurio,AJ,Mercurio,D,Defense,2,2,WAT|WHP,Waterdogs|Whipsnakes,2024-08-03,2026-05-09,0,0,0,0,0,0,0,0,0,0,0,0,0,0.0,0,1,2,0,0,0,0,0,0,0.0,1,6,5,,,,,0.0,0.0,0.0,0.0,0.0,0.0,0.0,0.0,0.0,0.0,0.0,0.0,0.0,0.0,0.0,0.5,1.0,0.0,0.0,0.0,0.0,0.0,0.0,0.0,0.5,3.0,2.5
003112,Jack DiBenedetto,Jack,DiBenedetto,D,Defense,4,2,ARC|WAT,Archers|Waterdogs,2024-06-01,2025-08-02,0,0,0,0,0,0,0,0,0,0,0,0,0,0.0,5,2,2,0,0,0,0,0,0,0.0,0,17,15,,,,,0.0,0.0,0.0,0.0,0.0,0.0,0.0,0.0,0.0,0.0,0.0,0.0,0.0,0.0,1.25,0.5,0.5,0.0,0.0,0.0,0.0,0.0,0.0,0.0,0.0,4.25,3.75
003114,Saam Olexo,Saam,Olexo,LSM,Long Stick Midfield,1,1,OUT,Outlaws,2024-08-18,2024-08-18,0,0,0,0,0,0,0,0,0,0,0,0,0,0.0,1,0,1,0,0,0,0,0,2,1.5,0,1,1,,,,,0.0,0.0,0.0,0.0,0.0,0.0,0.0,0.0,0.0,0.0,0.0,0.0,0.0,0.0,1.0,0.0,1.0,0.0,0.0,0.0,0.0,0.0,2.0,1.5,0.0,1.0,1.0
003115,Payton Cormier,Payton,Cormier,A,Attack,2,1,ATL,Atlas,2024-06-28,2024-08-17,6,5,5,0,5,1,11,9,1,0,0,0,0,0.0,2,1,0,0,0,0,0,0,0,0.0,5,27,15,0.45454545454545453,0.8181818181818182,,,3.0,2.5,2.5,0.0,2.5,0.5,5.5,4.5,0.5,0.0,0.0,0.0,0.0,0.0,1.0,0.5,0.0,0.0,0.0,0.0,0.0,0.0,0.0,0.0,2.5,13.5,7.5
003119,Alec Stathakis,Alec,Stathakis,FO,Faceoff,24,3,WAT,Waterdogs,2024-06-30,2026-08-16,3,3,3,0,3,0,25,7,9,0,0,0,0,0.0,131,15,2,305,276,587,0,0,0,0.0,2,157,117,0.12,0.28,0.5195911413969335,,0.125,0.125,0.125,0.0,0.125,0.0,1.0416666666666667,0.2916666666666667,0.375,0.0,0.0,0.0,0.0,0.0,5.458333333333333,0.625,0.08333333333333333,12.708333333333334,11.5,24.458333333333332,0.0,0.0,0.0,0.0,0.08333333333333333,6.541666666666667,4.875
003120,Jack VanOverbeke,Jack,VanOverbeke,M,Midfield,8,2,ARC|OUT,Archers|Outlaws,2024-08-17,2025-07-13,8,4,4,0,4,4,23,14,0,0,0,0,0,0.0,5,6,0,0,0,0,0,0,0,0.0,10,106,77,0.17391304347826086,0.6086956521739131,,,1.0,0.5,0.5,0.0,0.5,0.5,2.875,1.75,0.0,0.0,0.0,0.0,0.0,0.0,0.625,0.75,0.0,0.0,0.0,0.0,0.0,0.0,0.0,0.0,1.25,13.25,9.625
003121,Brayden Mayea,Brayden,Mayea,A,Attack,6,2,CHA|RED,Chaos|Redwoods,2024-06-30,2026-07-10,6,6,6,0,6,0,22,13,0,0,0,0,0,0.0,10,6,1,0,0,0,0,0,2,1.0,5,95,67,0.2727272727272727,0.5909090909090909,,,1.0,1.0,1.0,0.0,1.0,0.0,3.6666666666666665,2.1666666666666665,0.0,0.0,0.0,0.0,0.0,0.0,1.6666666666666667,1.0,0.16666666666666666,0.0,0.0,0.0,0.0,0.0,0.3333333333333333,0.16666666666666666,0.8333333333333334,15.833333333333334,11.166666666666666
003125,Matt Knote,Matt,Knote,G,Goalie,2,2,RED|WHP,Redwoods|Whipsnakes,2025-08-03,2026-06-27,0,0,0,0,0,0,0,0,0,0,0,0,0,0.0,0,0,0,0,0,0,0,0,0,0.0,0,2,2,,,,,0.0,0.0,0.0,0.0,0.0,0.0,0.0,0.0,0.0,0.0,0.0,0.0,0.0,0.0,0.0,0.0,0.0,0.0,0.0,0.0,0.0,0.0,0.0,0.0,0.0,1.0,1.0
003126,Mike Robinson,Mike,Robinson,A,Attack,1,1,CAN,Cannons,2024-06-29,2024-06-29,0,0,0,0,0,0,1,1,0,0,0,0,0,0.0,3,2,0,0,0,0,0,0,0,0.0,0,24,21,0.0,1.0,,,0.0,0.0,0.0,0.0,0.0,0.0,1.0,1.0,0.0,0.0,0.0,0.0,0.0,0.0,3.0,2.0,0.0,0.0,0.0,0.0,0.0,0.0,0.0,0.0,0.0,24.0,21.0
003128,Jack Posey,Jack,Posey,D,Defense,15,3,CHA|WHP,Chaos|Whipsnakes,2024-06-30,2026-08-16,1,0,0,0,0,1,2,2,2,0,0,0,0,0.0,17,6,9,0,0,0,0,0,4,5.0,1,54,46,0.0,1.0,,,0.06666666666666667,0.0,0.0,0.0,0.0,0.06666666666666667,0.13333333333333333,0.13333333333333333,0.13333333333333333,0.0,0.0,0.0,0.0,0.0,1.1333333333333333,0.4,0.6,0.0,0.0,0.0,0.0,0.0,0.26666666666666666,0.3333333333333333,0.06666666666666667,3.6,3.066666666666667
003136,Jake Naso,Jake,Naso,FO,Faceoff,4,1,ARC,Archers,2025-07-12,2025-07-27,0,0,0,0,0,0,4,1,1,0,0,0,0,0.0,14,2,0,30,59,90,0,0,1,0.5,0,15,9,0.0,0.25,0.3333333333333333,,0.0,0.0,0.0,0.0,0.0,0.0,1.0,0.25,0.25,0.0,0.0,0.0,0.0,0.0,3.5,0.5,0.0,7.5,14.75,22.5,0.0,0.0,0.25,0.125,0.0,3.75,2.25
003142,Jack Koras,Jack,Koras,M,Midfield,6,1,WHP,Whipsnakes,2024-06-16,2024-08-10,5,4,4,0,4,1,15,11,0,0,0,0,0,0.0,17,1,4,0,0,0,0,0,1,0.5,4,78,62,0.26666666666666666,0.7333333333333333,,,0.8333333333333334,0.6666666666666666,0.6666666666666666,0.0,0.6666666666666666,0.16666666666666666,2.5,1.8333333333333333,0.0,0.0,0.0,0.0,0.0,0.0,2.8333333333333335,0.16666666666666666,0.6666666666666666,0.0,0.0,0.0,0.0,0.0,0.16666666666666666,0.08333333333333333,0.6666666666666666,13.0,10.333333333333334
003143,Logan McGovern,Logan,McGovern,M,Midfield,3,1,ATL,Atlas,2024-07-20,2024-08-17,3,3,3,0,3,0,11,9,0,0,0,0,0,0.0,4,3,0,0,0,0,0,0,1,0.5,4,59,45,0.2727272727272727,0.8181818181818182,,,1.0,1.0,1.0,0.0,1.0,0.0,3.6666666666666665,3.0,0.0,0.0,0.0,0.0,0.0,0.0,1.3333333333333333,1.0,0.0,0.0,0.0,0.0,0.0,0.0,0.3333333333333333,0.16666666666666666,1.3333333333333333,19.666666666666668,15.0
003145,JC Higginbotham,JC,Higginbotham,G,Goalie,6,1,CAN,Cannons,2026-06-07,2026-08-09,0,0,0,0,0,0,1,0,1,42,14,28,31,35.42932998596101,7,2,0,0,0,0,31,0,0,0.0,0,39,36,0.0,0.0,,1.1854584892416153,0.0,0.0,0.0,0.0,0.0,0.0,0.16666666666666666,0.0,0.16666666666666666,7.0,2.3333333333333335,4.666666666666667,5.166666666666667,5.904888330993502,1.1666666666666667,0.3333333333333333,0.0,0.0,0.0,0.0,5.166666666666667,0.0,0.0,0.0,0.0,6.5,6.0
003149,JJ Sillstrop,JJ,Sillstrop,M,Midfield,10,1,CHA,Chaos,2025-05-30,2025-08-09,8,5,5,0,5,3,22,18,0,0,0,0,0,0.0,3,9,2,0,0,0,0,0,0,0.0,12,141,110,0.22727272727272727,0.8181818181818182,,,0.8,0.5,0.5,0.0,0.5,0.3,2.2,1.8,0.0,0.0,0.0,0.0,0.0,0.0,0.3,0.9,0.2,0.0,0.0,0.0,0.0,0.0,0.0,0.0,1.2,14.1,11.0
003151,Nathan Laliberte,Nathan,Laliberte,FO,Faceoff,4,1,ATL,Atlas,2026-05-09,2026-06-21,2,1,1,0,1,1,7,2,2,0,0,0,0,0.0,21,5,2,48,57,105,0,0,2,1.5,2,21,9,0.14285714285714285,0.2857142857142857,0.45714285714285713,,0.5,0.25,0.25,0.0,0.25,0.25,1.75,0.5,0.5,0.0,0.0,0.0,0.0,0.0,5.25,1.25,0.5,12.0,14.25,26.25,0.0,0.0,0.5,0.375,0.5,5.25,2.25
003152,James Shipley,James,Shipley,SSDM,Defensive Midfield,2,1,WHP,Whipsnakes,2026-05-09,2026-07-12,1,0,0,0,0,1,0,0,0,0,0,0,0,0.0,3,2,1,0,2,2,0,0,0,0.0,2,21,19,,,0.0,,0.5,0.0,0.0,0.0,0.0,0.5,0.0,0.0,0.0,0.0,0.0,0.0,0.0,0.0,1.5,1.0,0.5,0.0,1.0,1.0,0.0,0.0,0.0,0.0,1.0,10.5,9.5
003153,Richie Connell,Richie,Connell,A,Attack,5,1,WHP,Whipsnakes,2026-07-12,2026-08-07,5,5,5,0,5,0,19,8,0,0,0,0,0,0.0,2,6,0,0,0,0,0,0,0,0.0,6,84,59,0.2631578947368421,0.42105263157894735,,,1.0,1.0,1.0,0.0,1.0,0.0,3.8,1.6,0.0,0.0,0.0,0.0,0.0,0.0,0.4,1.2,0.0,0.0,0.0,0.0,0.0,0.0,0.0,0.0,1.2,16.8,11.8
003156,Aidan Danenza,Aidan,Danenza,M,Midfield,18,2,RED,Redwoods,2025-05-31,2026-08-16,28,17,17,0,17,11,83,54,10,0,0,0,0,0.0,15,18,5,0,0,0,0,0,2,1.0,27,411,310,0.20481927710843373,0.6506024096385542,,,1.5555555555555556,0.9444444444444444,0.9444444444444444,0.0,0.9444444444444444,0.6111111111111112,4.611111111111111,3.0,0.5555555555555556,0.0,0.0,0.0,0.0,0.0,0.8333333333333334,1.0,0.2777777777777778,0.0,0.0,0.0,0.0,0.0,0.1111111111111111,0.05555555555555555,1.5,22.833333333333332,17.22222222222222
003157,Graydon Hogg,Graydon,Hogg,M,Midfield,14,2,CAN,Cannons,2025-05-31,2026-08-09,19,14,14,0,14,5,54,36,0,0,0,0,0,0.0,13,9,0,0,0,0,0,0,1,1.0,11,268,205,0.25925925925925924,0.6666666666666666,,,1.3571428571428572,1.0,1.0,0.0,1.0,0.35714285714285715,3.857142857142857,2.5714285714285716,0.0,0.0,0.0,0.0,0.0,0.0,0.9285714285714286,0.6428571428571429,0.0,0.0,0.0,0.0,0.0,0.0,0.07142857142857142,0.07142857142857142,0.7857142857142857,19.142857142857142,14.642857142857142
003159,CJ Kirst,CJ,Kirst,A,Attack,14,2,WAT,Waterdogs,2025-07-20,2026-08-16,52,43,43,0,43,9,111,80,1,0,0,0,0,0.0,20,17,5,0,0,0,0,0,1,0.5,49,453,325,0.38738738738738737,0.7207207207207207,,,3.7142857142857144,3.0714285714285716,3.0714285714285716,0.0,3.0714285714285716,0.6428571428571429,7.928571428571429,5.714285714285714,0.07142857142857142,0.0,0.0,0.0,0.0,0.0,1.4285714285714286,1.2142857142857142,0.35714285714285715,0.0,0.0,0.0,0.0,0.0,0.07142857142857142,0.03571428571428571,3.5,32.357142857142854,23.214285714285715
003160,Andrew McAdorey,Andrew,McAdorey,M,Midfield,22,2,RED,Redwoods,2025-05-31,2026-08-16,47,33,29,2,31,14,101,57,10,0,0,0,0,0.0,32,26,3,7,18,25,0,0,3,2.5,52,609,482,0.3069306930693069,0.5643564356435643,0.28,,2.1363636363636362,1.5,1.3181818181818181,0.09090909090909091,1.4090909090909092,0.6363636363636364,4.590909090909091,2.590909090909091,0.45454545454545453,0.0,0.0,0.0,0.0,0.0,1.4545454545454546,1.1818181818181819,0.13636363636363635,0.3181818181818182,0.8181818181818182,1.1363636363636365,0.0,0.0,0.13636363636363635,0.11363636363636363,2.3636363636363638,27.681818181818183,21.90909090909091
003161,Sam English,Sam,English,M,Midfield,14,2,RED,Redwoods,2025-06-14,2026-08-16,20,14,14,0,14,6,55,35,3,0,0,0,0,0.0,36,22,7,0,2,2,0,0,0,0.0,20,262,185,0.2545454545454545,0.6363636363636364,0.0,,1.4285714285714286,1.0,1.0,0.0,1.0,0.42857142857142855,3.9285714285714284,2.5,0.21428571428571427,0.0,0.0,0.0,0.0,0.0,2.5714285714285716,1.5714285714285714,0.5,0.0,0.14285714285714285,0.14285714285714285,0.0,0.0,0.0,0.0,1.4285714285714286,18.714285714285715,13.214285714285714
003162,Coulter Mackesy,Coulter,Mackesy,A,Attack,20,2,CAN,Cannons,2025-06-07,2026-08-09,57,37,31,3,34,20,139,89,16,0,0,0,0,0.0,35,26,4,0,0,0,0,0,7,4.5,59,725,560,0.2446043165467626,0.6402877697841727,,,2.85,1.85,1.55,0.15,1.7,1.0,6.95,4.45,0.8,0.0,0.0,0.0,0.0,0.0,1.75,1.3,0.2,0.0,0.0,0.0,0.0,0.0,0.35,0.225,2.95,36.25,28.0
003163,Brendan Lavelle,Brendan,Lavelle,D,Defense,22,2,ARC,Archers,2025-05-31,2026-08-08,1,0,0,0,0,1,2,1,2,0,0,0,0,0.0,67,7,21,0,0,0,0,0,5,4.5,1,156,147,0.0,0.5,,,0.045454545454545456,0.0,0.0,0.0,0.0,0.045454545454545456,0.09090909090909091,0.045454545454545456,0.09090909090909091,0.0,0.0,0.0,0.0,0.0,3.0454545454545454,0.3181818181818182,0.9545454545454546,0.0,0.0,0.0,0.0,0.0,0.22727272727272727,0.20454545454545456,0.045454545454545456,7.090909090909091,6.681818181818182
003164,Matt Traynor,Matt,Traynor,M,Midfield,21,2,ATL,Atlas,2025-05-30,2026-08-15,46,32,32,0,32,14,122,79,5,0,0,0,0,0.0,27,36,3,0,0,0,0,0,1,0.5,46,450,292,0.26229508196721313,0.6475409836065574,,,2.1904761904761907,1.5238095238095237,1.5238095238095237,0.0,1.5238095238095237,0.6666666666666666,5.809523809523809,3.761904761904762,0.23809523809523808,0.0,0.0,0.0,0.0,0.0,1.2857142857142858,1.7142857142857142,0.14285714285714285,0.0,0.0,0.0,0.0,0.0,0.047619047619047616,0.023809523809523808,2.1904761904761907,21.428571428571427,13.904761904761905
003165,Aidan Carroll,Aidan,Carroll,M,Midfield,22,2,WHP,Whipsnakes,2025-05-31,2026-08-16,63,49,49,0,49,14,132,90,7,0,0,0,0,0.0,17,25,2,0,0,0,0,0,2,1.5,34,684,527,0.3712121212121212,0.6818181818181818,,,2.8636363636363638,2.227272727272727,2.227272727272727,0.0,2.227272727272727,0.6363636363636364,6.0,4.090909090909091,0.3181818181818182,0.0,0.0,0.0,0.0,0.0,0.7727272727272727,1.1363636363636365,0.09090909090909091,0.0,0.0,0.0,0.0,0.0,0.09090909090909091,0.06818181818181818,1.5454545454545454,31.09090909090909,23.954545454545453
003166,Owen Hiltz,Owen,Hiltz,A,Attack,17,2,CHA,Chaos,2025-06-22,2026-08-08,45,28,28,0,28,17,95,59,3,0,0,0,0,0.0,20,28,5,0,0,0,0,0,2,1.5,39,460,337,0.29473684210526313,0.6210526315789474,,,2.6470588235294117,1.6470588235294117,1.6470588235294117,0.0,1.6470588235294117,1.0,5.588235294117647,3.4705882352941178,0.17647058823529413,0.0,0.0,0.0,0.0,0.0,1.1764705882352942,1.6470588235294117,0.29411764705882354,0.0,0.0,0.0,0.0,0.0,0.11764705882352941,0.08823529411764706,2.2941176470588234,27.058823529411764,19.823529411764707
003167,Jake Taylor,Jake,Taylor,A,Attack,13,2,OUT|WAT,Outlaws|Waterdogs,2025-06-07,2026-08-16,21,16,16,0,16,5,49,34,0,0,0,0,0,0.0,19,12,1,0,0,0,0,0,1,1.0,8,143,82,0.32653061224489793,0.6938775510204082,,,1.6153846153846154,1.2307692307692308,1.2307692307692308,0.0,1.2307692307692308,0.38461538461538464,3.769230769230769,2.6153846153846154,0.0,0.0,0.0,0.0,0.0,0.0,1.4615384615384615,0.9230769230769231,0.07692307692307693,0.0,0.0,0.0,0.0,0.0,0.07692307692307693,0.07692307692307693,0.6153846153846154,11.0,6.3076923076923075
003168,Chris Kavanagh,Chris,Kavanagh,A,Attack,20,2,RED,Redwoods,2025-05-31,2026-08-16,71,49,43,3,46,22,146,100,17,0,0,0,0,0.0,34,26,6,0,0,0,0,0,3,3.5,74,746,574,0.3150684931506849,0.684931506849315,,,3.55,2.45,2.15,0.15,2.3,1.1,7.3,5.0,0.85,0.0,0.0,0.0,0.0,0.0,1.7,1.3,0.3,0.0,0.0,0.0,0.0,0.0,0.15,0.175,3.7,37.3,28.7
003169,Logan McNaney,Logan,McNaney,G,Goalie,19,2,OUT,Outlaws,2025-06-14,2026-08-16,0,0,0,0,0,0,3,2,3,216,129,87,204,234.4834186962596,38,10,10,0,0,0,188,16,0,0.0,0,335,322,0.0,0.6666666666666666,,0.9211738774578245,0.0,0.0,0.0,0.0,0.0,0.0,0.15789473684210525,0.10526315789473684,0.15789473684210525,11.368421052631579,6.7894736842105265,4.578947368421052,10.736842105263158,12.341232562961032,2.0,0.5263157894736842,0.5263157894736842,0.0,0.0,0.0,9.894736842105264,0.8421052631578947,0.0,0.0,0.0,17.63157894736842,16.94736842105263
003170,Mic Kelly,Mic,Kelly,M,Midfield,16,2,CAN,Cannons,2025-05-31,2026-08-09,24,15,13,1,14,9,83,54,8,0,0,0,0,0.0,10,15,4,0,0,0,0,0,3,2.5,36,403,305,0.1686746987951807,0.6506024096385542,,,1.5,0.9375,0.8125,0.0625,0.875,0.5625,5.1875,3.375,0.5,0.0,0.0,0.0,0.0,0.0,0.625,0.9375,0.25,0.0,0.0,0.0,0.0,0.0,0.1875,0.15625,2.25,25.1875,19.0625
003171,Levi Verch,Levi,Verch,LSM,Long Stick Midfield,10,1,CHA,Chaos,2025-05-30,2025-08-09,0,0,0,0,0,0,3,1,2,0,0,0,0,0.0,20,5,4,0,0,0,0,0,1,1.0,1,51,43,0.0,0.3333333333333333,,,0.0,0.0,0.0,0.0,0.0,0.0,0.3,0.1,0.2,0.0,0.0,0.0,0.0,0.0,2.0,0.5,0.4,0.0,0.0,0.0,0.0,0.0,0.1,0.1,0.1,5.1,4.3
003172,Max Krevsky,Max,Krevsky,SSDM,Defensive Midfield,17,2,ATL,Atlas,2025-06-14,2026-08-15,5,1,1,0,1,4,19,8,2,0,0,0,0,0.0,19,11,10,0,11,11,0,0,4,4.0,10,136,106,0.05263157894736842,0.42105263157894735,0.0,,0.29411764705882354,0.058823529411764705,0.058823529411764705,0.0,0.058823529411764705,0.23529411764705882,1.1176470588235294,0.47058823529411764,0.11764705882352941,0.0,0.0,0.0,0.0,0.0,1.1176470588235294,0.6470588235294118,0.5882352941176471,0.0,0.6470588235294118,0.6470588235294118,0.0,0.0,0.23529411764705882,0.23529411764705882,0.5882352941176471,8.0,6.235294117647059
003173,Jack McDonald,Jack,McDonald,LSM,Long Stick Midfield,13,2,WHP,Whipsnakes,2025-06-22,2026-08-07,2,2,2,0,2,0,4,4,0,0,0,0,0,0.0,14,2,5,0,0,0,0,0,2,2.0,3,45,39,0.5,1.0,,,0.15384615384615385,0.15384615384615385,0.15384615384615385,0.0,0.15384615384615385,0.0,0.3076923076923077,0.3076923076923077,0.0,0.0,0.0,0.0,0.0,0.0,1.0769230769230769,0.15384615384615385,0.38461538461538464,0.0,0.0,0.0,0.0,0.0,0.15384615384615385,0.15384615384615385,0.23076923076923078,3.4615384615384617,3.0
003174,Sam King,Sam,King,M,Midfield,22,2,ARC,Archers,2025-05-31,2026-08-08,57,37,35,1,36,20,117,66,3,0,0,0,0,0.0,31,44,4,0,0,0,0,0,4,2.0,64,622,461,0.3076923076923077,0.5641025641025641,,,2.590909090909091,1.6818181818181819,1.5909090909090908,0.045454545454545456,1.6363636363636365,0.9090909090909091,5.318181818181818,3.0,0.13636363636363635,0.0,0.0,0.0,0.0,0.0,1.4090909090909092,2.0,0.18181818181818182,0.0,0.0,0.0,0.0,0.0,0.18181818181818182,0.09090909090909091,2.909090909090909,28.272727272727273,20.954545454545453
003176,Emmet Carroll,Emmet,Carroll,G,Goalie,19,2,WHP,Whipsnakes,2025-06-07,2026-08-16,0,0,0,0,0,0,5,0,5,260,101,159,210,209.81976740172092,38,4,4,0,0,0,200,10,0,0.0,2,360,351,0.0,0.0,,1.239158746669488,0.0,0.0,0.0,0.0,0.0,0.0,0.2631578947368421,0.0,0.2631578947368421,13.68421052631579,5.315789473684211,8.368421052631579,11.052631578947368,11.043145652722155,2.0,0.21052631578947367,0.21052631578947367,0.0,0.0,0.0,10.526315789473685,0.5263157894736842,0.0,0.0,0.10526315789473684,18.94736842105263,18.473684210526315
003177,Mitchell Dunham,Mitchell,Dunham,D,Defense,12,1,ARC,Archers,2026-05-09,2026-08-08,1,0,0,0,0,1,1,0,1,0,0,0,0,0.0,27,1,12,0,0,0,0,0,5,6.0,2,53,51,0.0,0.0,,,0.08333333333333333,0.0,0.0,0.0,0.0,0.08333333333333333,0.08333333333333333,0.0,0.08333333333333333,0.0,0.0,0.0,0.0,0.0,2.25,0.08333333333333333,1.0,0.0,0.0,0.0,0.0,0.0,0.4166666666666667,0.5,0.16666666666666666,4.416666666666667,4.25
003178,Michael Grace,Michael,Grace,LSM,Long Stick Midfield,8,1,ATL,Atlas,2025-06-14,2025-08-09,10,6,2,2,4,4,6,5,4,0,0,0,0,0.0,18,1,6,0,0,0,0,0,1,1.0,8,58,51,0.6666666666666666,0.8333333333333334,,,1.25,0.75,0.25,0.25,0.5,0.5,0.75,0.625,0.5,0.0,0.0,0.0,0.0,0.0,2.25,0.125,0.75,0.0,0.0,0.0,0.0,0.0,0.125,0.125,1.0,7.25,6.375
003179,Ben Wayer,Ben,Wayer,LSM,Long Stick Midfield,13,2,WAT,Waterdogs,2025-06-07,2026-06-07,6,4,2,1,3,2,19,9,12,0,0,0,0,0.0,32,7,9,0,0,0,0,0,4,3.5,5,99,73,0.15789473684210525,0.47368421052631576,,,0.46153846153846156,0.3076923076923077,0.15384615384615385,0.07692307692307693,0.23076923076923078,0.15384615384615385,1.4615384615384615,0.6923076923076923,0.9230769230769231,0.0,0.0,0.0,0.0,0.0,2.4615384615384617,0.5384615384615384,0.6923076923076923,0.0,0.0,0.0,0.0,0.0,0.3076923076923077,0.2692307692307692,0.38461538461538464,7.615384615384615,5.615384615384615
003180,Christian Mazur,Christian,Mazur,SSDM,Defensive Midfield,11,2,WHP,Whipsnakes,2025-05-31,2026-08-16,2,2,2,0,2,0,6,3,1,0,0,0,0,0.0,13,1,4,0,1,1,0,0,1,0.5,3,75,68,0.3333333333333333,0.5,0.0,,0.18181818181818182,0.18181818181818182,0.18181818181818182,0.0,0.18181818181818182,0.0,0.5454545454545454,0.2727272727272727,0.09090909090909091,0.0,0.0,0.0,0.0,0.0,1.1818181818181819,0.09090909090909091,0.36363636363636365,0.0,0.09090909090909091,0.09090909090909091,0.0,0.0,0.09090909090909091,0.045454545454545456,0.2727272727272727,6.818181818181818,6.181818181818182
003181,Jimmy Freehill,Jimmy,Freehill,D,Defense,21,2,WAT,Waterdogs,2025-06-07,2026-08-16,9,8,0,4,4,1,19,13,19,0,0,0,0,0.0,27,6,13,0,0,0,0,0,7,6.5,2,128,103,0.21052631578947367,0.6842105263157895,,,0.42857142857142855,0.38095238095238093,0.0,0.19047619047619047,0.19047619047619047,0.047619047619047616,0.9047619047619048,0.6190476190476191,0.9047619047619048,0.0,0.0,0.0,0.0,0.0,1.2857142857142858,0.2857142857142857,0.6190476190476191,0.0,0.0,0.0,0.0,0.0,0.3333333333333333,0.30952380952380953,0.09523809523809523,6.095238095238095,4.904761904761905
003182,Kevin Parnham,Kevin,Parnham,D,Defense,4,1,OUT,Outlaws,2026-05-09,2026-08-16,0,0,0,0,0,0,1,0,1,0,0,0,0,0.0,5,0,3,0,0,0,0,0,1,1.0,0,37,36,0.0,0.0,,,0.0,0.0,0.0,0.0,0.0,0.0,0.25,0.0,0.25,0.0,0.0,0.0,0.0,0.0,1.25,0.0,0.75,0.0,0.0,0.0,0.0,0.0,0.25,0.25,0.0,9.25,9.0
003183,Jack Gray,Jack,Gray,SSDM,Defensive Midfield,14,2,OUT,Outlaws,2025-07-19,2026-08-16,2,1,1,0,1,1,3,2,0,0,0,0,0,0.0,7,3,4,2,6,8,0,0,6,3.5,2,36,30,0.3333333333333333,0.6666666666666666,0.25,,0.14285714285714285,0.07142857142857142,0.07142857142857142,0.0,0.07142857142857142,0.07142857142857142,0.21428571428571427,0.14285714285714285,0.0,0.0,0.0,0.0,0.0,0.0,0.5,0.21428571428571427,0.2857142857142857,0.14285714285714285,0.42857142857142855,0.5714285714285714,0.0,0.0,0.42857142857142855,0.25,0.14285714285714285,2.5714285714285716,2.142857142857143
003184,Ben Ramsey,Ben,Ramsey,SSDM,Defensive Midfield,22,2,CAN,Cannons,2025-05-31,2026-08-09,7,4,2,1,3,3,11,10,3,0,0,0,0,0.0,45,7,7,0,0,0,0,0,5,2.5,13,195,177,0.2727272727272727,0.9090909090909091,,,0.3181818181818182,0.18181818181818182,0.09090909090909091,0.045454545454545456,0.13636363636363635,0.13636363636363635,0.5,0.45454545454545453,0.13636363636363635,0.0,0.0,0.0,0.0,0.0,2.0454545454545454,0.3181818181818182,0.3181818181818182,0.0,0.0,0.0,0.0,0.0,0.22727272727272727,0.11363636363636363,0.5909090909090909,8.863636363636363,8.045454545454545
003185,Carter Rice,Carter,Rice,SSDM,Defensive Midfield,21,2,RED,Redwoods,2025-05-31,2026-08-09,0,0,0,0,0,0,0,0,0,0,0,0,0,0.0,20,6,5,0,0,0,0,0,2,1.0,2,124,118,,,,,0.0,0.0,0.0,0.0,0.0,0.0,0.0,0.0,0.0,0.0,0.0,0.0,0.0,0.0,0.9523809523809523,0.2857142857142857,0.23809523809523808,0.0,0.0,0.0,0.0,0.0,0.09523809523809523,0.047619047619047616,0.09523809523809523,5.904761904761905,5.619047619047619
003186,Hugh Kelleher,Hugh,Kelleher,M,Midfield,16,2,ATL,Atlas,2025-06-14,2026-08-15,21,17,15,1,16,4,61,38,11,0,0,0,0,0.0,18,12,1,0,0,0,0,0,1,0.5,16,244,171,0.26229508196721313,0.6229508196721312,,,1.3125,1.0625,0.9375,0.0625,1.0,0.25,3.8125,2.375,0.6875,0.0,0.0,0.0,0.0,0.0,1.125,0.75,0.0625,0.0,0.0,0.0,0.0,0.0,0.0625,0.03125,1.0,15.25,10.6875
003188,Bryce Ford,Bryce,Ford,M,Midfield,4,2,ARC,Archers,2025-05-31,2026-05-09,2,2,2,0,2,0,7,3,0,0,0,0,0,0.0,2,3,0,0,0,0,0,0,0,0.0,3,40,30,0.2857142857142857,0.42857142857142855,,,0.5,0.5,0.5,0.0,0.5,0.0,1.75,0.75,0.0,0.0,0.0,0.0,0.0,0.0,0.5,0.75,0.0,0.0,0.0,0.0,0.0,0.0,0.0,0.0,0.75,10.0,7.5
003190,AJ Pilate,AJ,Pilate,D,Defense,3,1,OUT,Outlaws,2025-06-22,2025-07-13,0,0,0,0,0,0,1,0,0,0,0,0,0,0.0,4,1,1,0,0,0,0,0,0,0.0,0,6,4,0.0,0.0,,,0.0,0.0,0.0,0.0,0.0,0.0,0.3333333333333333,0.0,0.0,0.0,0.0,0.0,0.0,0.0,1.3333333333333333,0.3333333333333333,0.3333333333333333,0.0,0.0,0.0,0.0,0.0,0.0,0.0,0.0,2.0,1.3333333333333333
003192,Jackson Eicher,Jackson,Eicher,A,Attack,22,2,CHA,Chaos,2025-05-30,2026-08-08,47,34,32,1,33,13,134,76,22,0,0,0,0,0.0,18,33,2,0,0,0,0,0,2,1.0,39,478,311,0.2462686567164179,0.5671641791044776,,,2.1363636363636362,1.5454545454545454,1.4545454545454546,0.045454545454545456,1.5,0.5909090909090909,6.090909090909091,3.4545454545454546,1.0,0.0,0.0,0.0,0.0,0.0,0.8181818181818182,1.5,0.09090909090909091,0.0,0.0,0.0,0.0,0.0,0.09090909090909091,0.045454545454545456,1.7727272727272727,21.727272727272727,14.136363636363637
003193,Kyle Aldridge,Kyle,Aldridge,SSDM,Defensive Midfield,2,1,WHP,Whipsnakes,2025-07-26,2025-08-03,0,0,0,0,0,0,0,0,0,0,0,0,0,0.0,4,0,1,0,0,0,0,0,0,0.0,0,15,15,,,,,0.0,0.0,0.0,0.0,0.0,0.0,0.0,0.0,0.0,0.0,0.0,0.0,0.0,0.0,2.0,0.0,0.5,0.0,0.0,0.0,0.0,0.0,0.0,0.0,0.0,7.5,7.5
003194,Colin Sharkey,Colin,Sharkey,SSDM,Defensive Midfield,2,1,ARC,Archers,2026-05-09,2026-05-09,0,0,0,0,0,0,1,1,0,0,0,0,0,0.0,1,0,0,0,0,0,0,0,0,0.0,0,8,7,0.0,1.0,,,0.0,0.0,0.0,0.0,0.0,0.0,0.5,0.5,0.0,0.0,0.0,0.0,0.0,0.0,0.5,0.0,0.0,0.0,0.0,0.0,0.0,0.0,0.0,0.0,0.0,4.0,3.5
003195,Brian Kelly,Brian,Kelly,A,Attack,11,1,CAN,Cannons,2026-05-17,2026-08-09,30,22,22,0,22,8,51,37,1,0,0,0,0,0.0,15,24,1,0,0,0,0,0,2,1.5,22,341,266,0.43137254901960786,0.7254901960784313,,,2.727272727272727,2.0,2.0,0.0,2.0,0.7272727272727273,4.636363636363637,3.3636363636363638,0.09090909090909091,0.0,0.0,0.0,0.0,0.0,1.3636363636363635,2.1818181818181817,0.09090909090909091,0.0,0.0,0.0,0.0,0.0,0.18181818181818182,0.13636363636363635,2.0,31.0,24.181818181818183
003203,CK Giancola,CK,Giancola,M,Midfield,3,1,ARC,Archers,2026-05-09,2026-05-30,4,4,4,0,4,0,16,10,6,0,0,0,0,0.0,5,3,0,0,0,0,0,0,1,0.5,5,87,68,0.25,0.625,,,1.3333333333333333,1.3333333333333333,1.3333333333333333,0.0,1.3333333333333333,0.0,5.333333333333333,3.3333333333333335,2.0,0.0,0.0,0.0,0.0,0.0,1.6666666666666667,1.0,0.0,0.0,0.0,0.0,0.0,0.0,0.3333333333333333,0.16666666666666666,1.6666666666666667,29.0,22.666666666666668
003206,Greg Langermeier,Greg,Langermeier,SSDM,Defensive Midfield,11,2,CHA,Chaos,2025-06-06,2026-08-01,2,0,0,0,0,2,5,0,0,0,0,0,0,0.0,13,6,4,1,2,3,0,0,2,1.0,6,65,54,0.0,0.0,0.3333333333333333,,0.18181818181818182,0.0,0.0,0.0,0.0,0.18181818181818182,0.45454545454545453,0.0,0.0,0.0,0.0,0.0,0.0,0.0,1.1818181818181819,0.5454545454545454,0.36363636363636365,0.09090909090909091,0.18181818181818182,0.2727272727272727,0.0,0.0,0.18181818181818182,0.09090909090909091,0.5454545454545454,5.909090909090909,4.909090909090909
003208,Max Merklinger,Max,Merklinger,A,Attack,2,1,ARC,Archers,2025-06-28,2025-07-27,0,0,0,0,0,0,4,2,1,0,0,0,0,0.0,1,2,0,0,0,0,0,0,0,0.0,1,22,16,0.0,0.5,,,0.0,0.0,0.0,0.0,0.0,0.0,2.0,1.0,0.5,0.0,0.0,0.0,0.0,0.0,0.5,1.0,0.0,0.0,0.0,0.0,0.0,0.0,0.0,0.0,0.5,11.0,8.0
003209,Michael Lampert,Michael,Lampert,A,Attack,4,2,WAT,Waterdogs,2025-06-13,2026-05-09,1,0,0,0,0,1,4,2,0,0,0,0,0,0.0,0,4,0,0,0,0,0,0,0,0.0,2,27,19,0.0,0.5,,,0.25,0.0,0.0,0.0,0.0,0.25,1.0,0.5,0.0,0.0,0.0,0.0,0.0,0.0,0.0,1.0,0.0,0.0,0.0,0.0,0.0,0.0,0.0,0.0,0.5,6.75,4.75
003211,Josh Balcarcel,Josh,Balcarcel,M,Midfield,19,2,RED,Redwoods,2025-05-31,2026-08-16,25,18,18,0,18,7,50,37,4,0,0,0,0,0.0,10,14,0,0,0,0,0,0,2,1.0,17,275,211,0.36,0.74,,,1.3157894736842106,0.9473684210526315,0.9473684210526315,0.0,0.9473684210526315,0.3684210526315789,2.6315789473684212,1.9473684210526316,0.21052631578947367,0.0,0.0,0.0,0.0,0.0,0.5263157894736842,0.7368421052631579,0.0,0.0,0.0,0.0,0.0,0.0,0.10526315789473684,0.05263157894736842,0.8947368421052632,14.473684210526315,11.105263157894736
003212,Ray Dearth,Ray,Dearth,SSDM,Defensive Midfield,20,2,CHA,Chaos,2025-05-30,2026-08-08,5,3,1,1,2,2,5,3,2,0,0,0,0,0.0,21,2,9,4,37,41,0,0,2,1.0,6,110,103,0.4,0.6,0.0975609756097561,,0.25,0.15,0.05,0.05,0.1,0.1,0.25,0.15,0.1,0.0,0.0,0.0,0.0,0.0,1.05,0.1,0.45,0.2,1.85,2.05,0.0,0.0,0.1,0.05,0.3,5.5,5.15
003215,Tommy Stull,Tommy,Stull,LSM,Long Stick Midfield,2,1,ARC,Archers,2026-05-09,2026-06-05,0,0,0,0,0,0,0,0,0,0,0,0,0,0.0,4,0,1,0,0,0,0,0,0,0.0,0,6,6,,,,,0.0,0.0,0.0,0.0,0.0,0.0,0.0,0.0,0.0,0.0,0.0,0.0,0.0,0.0,2.0,0.0,0.5,0.0,0.0,0.0,0.0,0.0,0.0,0.0,0.0,3.0,3.0
003228,Remington Reynolds,Remington,Reynolds,D,Defense,4,1,CAN,Cannons,2026-05-15,2026-06-28,0,0,0,0,0,0,1,0,0,0,0,0,0,0.0,8,1,2,0,0,0,0,0,3,3.5,0,18,16,0.0,0.0,,,0.0,0.0,0.0,0.0,0.0,0.0,0.25,0.0,0.0,0.0,0.0,0.0,0.0,0.0,2.0,0.25,0.5,0.0,0.0,0.0,0.0,0.0,0.75,0.875,0.0,4.5,4.0
003229,Matt Wright,Matt,Wright,LSM,Long Stick Midfield,2,1,RED,Redwoods,2026-06-20,2026-06-28,0,0,0,0,0,0,0,0,0,0,0,0,0,0.0,3,0,0,0,0,0,0,0,0,0.0,0,11,11,,,,,0.0,0.0,0.0,0.0,0.0,0.0,0.0,0.0,0.0,0.0,0.0,0.0,0.0,0.0,1.5,0.0,0.0,0.0,0.0,0.0,0.0,0.0,0.0,0.0,0.0,5.5,5.5
003232,Casey Wilson,Casey,Wilson,M,Midfield,4,1,WAT,Waterdogs,2026-05-31,2026-08-16,2,2,2,0,2,0,2,2,0,0,0,0,0,0.0,4,2,0,0,0,0,0,0,1,0.5,0,26,22,1.0,1.0,,,0.5,0.5,0.5,0.0,0.5,0.0,0.5,0.5,0.0,0.0,0.0,0.0,0.0,0.0,1.0,0.5,0.0,0.0,0.0,0.0,0.0,0.0,0.25,0.125,0.0,6.5,5.5
003238,Aidan McLane,Aidan,McLane,M,Midfield,1,1,ATL,Atlas,2026-05-16,2026-05-16,0,0,0,0,0,0,3,0,0,0,0,0,0,0.0,0,0,0,0,0,0,0,0,0,0.0,0,8,5,0.0,0.0,,,0.0,0.0,0.0,0.0,0.0,0.0,3.0,0.0,0.0,0.0,0.0,0.0,0.0,0.0,0.0,0.0,0.0,0.0,0.0,0.0,0.0,0.0,0.0,0.0,0.0,8.0,5.0
003242,Cooper Frankenheimer,Cooper,Frankenheimer,SSDM,Defensive Midfield,1,1,ATL,Atlas,2026-05-16,2026-05-16,0,0,0,0,0,0,1,0,0,0,0,0,0,0.0,1,0,0,0,0,0,0,0,0,0.0,1,4,3,0.0,0.0,,,0.0,0.0,0.0,0.0,0.0,0.0,1.0,0.0,0.0,0.0,0.0,0.0,0.0,0.0,1.0,0.0,0.0,0.0,0.0,0.0,0.0,0.0,0.0,0.0,1.0,4.0,3.0
003246,Nathan Kapp,Nathan,Kapp,FO,Faceoff,1,1,WHP,Whipsnakes,2026-08-16,2026-08-16,0,0,0,0,0,0,0,0,0,0,0,0,0,0.0,5,0,0,13,10,23,0,0,0,0.0,0,5,5,,,0.5652173913043478,,0.0,0.0,0.0,0.0,0.0,0.0,0.0,0.0,0.0,0.0,0.0,0.0,0.0,0.0,5.0,0.0,0.0,13.0,10.0,23.0,0.0,0.0,0.0,0.0,0.0,5.0,5.0
003248,Ryan Stines,Ryan,Stines,A,Attack,12,1,ARC,Archers,2026-05-09,2026-08-08,30,18,18,0,18,12,60,39,2,0,0,0,0,0.0,12,18,1,0,0,0,0,0,1,0.5,27,334,256,0.3,0.65,,,2.5,1.5,1.5,0.0,1.5,1.0,5.0,3.25,0.16666666666666666,0.0,0.0,0.0,0.0,0.0,1.0,1.5,0.08333333333333333,0.0,0.0,0.0,0.0,0.0,0.08333333333333333,0.041666666666666664,2.25,27.833333333333332,21.333333333333332
003249,Logan Ip,Logan,Ip,M,Midfield,3,1,CAN,Cannons,2026-06-07,2026-07-25,1,1,1,0,1,0,10,7,0,0,0,0,0,0.0,0,1,0,0,0,0,0,0,0,0.0,4,41,30,0.1,0.7,,,0.3333333333333333,0.3333333333333333,0.3333333333333333,0.0,0.3333333333333333,0.0,3.3333333333333335,2.3333333333333335,0.0,0.0,0.0,0.0,0.0,0.0,0.0,0.3333333333333333,0.0,0.0,0.0,0.0,0.0,0.0,0.0,0.0,1.3333333333333333,13.666666666666666,10.0
003250,Eric Spanos,Eric,Spanos,M,Midfield,9,1,CHA,Chaos,2026-05-09,2026-07-25,12,11,11,0,11,1,38,31,2,0,0,0,0,0.0,9,9,0,0,0,0,0,0,0,0.0,7,152,105,0.2894736842105263,0.8157894736842105,,,1.3333333333333333,1.2222222222222223,1.2222222222222223,0.0,1.2222222222222223,0.1111111111111111,4.222222222222222,3.4444444444444446,0.2222222222222222,0.0,0.0,0.0,0.0,0.0,1.0,1.0,0.0,0.0,0.0,0.0,0.0,0.0,0.0,0.0,0.7777777777777778,16.88888888888889,11.666666666666666
003251,Nikko DiPonio,Nikko,DiPonio,D,Defense,2,1,ATL,Atlas,2026-05-09,2026-05-16,0,0,0,0,0,0,1,0,0,0,0,0,0,0.0,6,0,1,0,0,0,0,0,0,0.0,0,15,14,0.0,0.0,,,0.0,0.0,0.0,0.0,0.0,0.0,0.5,0.0,0.0,0.0,0.0,0.0,0.0,0.0,3.0,0.0,0.5,0.0,0.0,0.0,0.0,0.0,0.0,0.0,0.0,7.5,7.0
003252,Leo Johnson,Leo,Johnson,M,Midfield,9,1,ARC,Archers,2026-06-05,2026-08-08,14,8,8,0,8,6,44,22,0,0,0,0,0,0.0,7,12,0,0,0,0,0,0,0,0.0,15,154,98,0.18181818181818182,0.5,,,1.5555555555555556,0.8888888888888888,0.8888888888888888,0.0,0.8888888888888888,0.6666666666666666,4.888888888888889,2.4444444444444446,0.0,0.0,0.0,0.0,0.0,0.0,0.7777777777777778,1.3333333333333333,0.0,0.0,0.0,0.0,0.0,0.0,0.0,0.0,1.6666666666666667,17.11111111111111,10.88888888888889
003253,Marcus Wertheim,Marcus,Wertheim,M,Midfield,2,1,RED,Redwoods,2026-05-09,2026-05-16,1,0,0,0,0,1,7,3,0,0,0,0,0,0.0,1,2,0,0,0,0,0,0,0,0.0,3,48,39,0.0,0.42857142857142855,,,0.5,0.0,0.0,0.0,0.0,0.5,3.5,1.5,0.0,0.0,0.0,0.0,0.0,0.0,0.5,1.0,0.0,0.0,0.0,0.0,0.0,0.0,0.0,0.0,1.5,24.0,19.5
003254,Peter Detwiler,Peter,Detwiler,SSDM,Defensive Midfield,12,1,CHA,Chaos,2026-05-09,2026-08-08,2,2,2,0,2,0,5,5,0,0,0,0,0,0.0,16,3,2,2,5,8,0,0,3,1.5,6,88,80,0.4,1.0,0.25,,0.16666666666666666,0.16666666666666666,0.16666666666666666,0.0,0.16666666666666666,0.0,0.4166666666666667,0.4166666666666667,0.0,0.0,0.0,0.0,0.0,0.0,1.3333333333333333,0.25,0.16666666666666666,0.16666666666666666,0.4166666666666667,0.6666666666666666,0.0,0.0,0.25,0.125,0.5,7.333333333333333,6.666666666666667
003255,Joe Juengerkes,Joe,Juengerkes,SSDM,Defensive Midfield,8,1,WHP,Whipsnakes,2026-05-09,2026-08-16,2,0,0,0,0,2,1,0,0,0,0,0,0,0.0,4,2,1,1,18,19,0,0,1,1.0,2,51,48,0.0,0.0,0.05263157894736842,,0.25,0.0,0.0,0.0,0.0,0.25,0.125,0.0,0.0,0.0,0.0,0.0,0.0,0.0,0.5,0.25,0.125,0.125,2.25,2.375,0.0,0.0,0.125,0.125,0.25,6.375,6.0
003256,Nolan Byrne,Nolan,Byrne,M,Midfield,3,1,OUT,Outlaws,2026-07-26,2026-08-08,4,3,3,0,3,1,11,8,0,0,0,0,0,0.0,2,6,0,0,0,0,0,0,0,0.0,1,41,24,0.2727272727272727,0.7272727272727273,,,1.3333333333333333,1.0,1.0,0.0,1.0,0.3333333333333333,3.6666666666666665,2.6666666666666665,0.0,0.0,0.0,0.0,0.0,0.0,0.6666666666666666,2.0,0.0,0.0,0.0,0.0,0.0,0.0,0.0,0.0,0.3333333333333333,13.666666666666666,8.0
003257,Teddy Malone,Teddy,Malone,M,Midfield,10,1,CHA,Chaos,2026-05-09,2026-08-08,24,16,16,0,16,8,40,26,0,0,0,0,0,0.0,5,11,1,0,0,0,0,0,0,0.0,12,216,165,0.4,0.65,,,2.4,1.6,1.6,0.0,1.6,0.8,4.0,2.6,0.0,0.0,0.0,0.0,0.0,0.0,0.5,1.1,0.1,0.0,0.0,0.0,0.0,0.0,0.0,0.0,1.2,21.6,16.5
003259,Liam Kammar,Liam,Kammar,SSDM,Defensive Midfield,6,1,ATL,Atlas,2026-05-09,2026-08-08,0,0,0,0,0,0,1,1,0,0,0,0,0,0.0,4,0,1,0,0,0,0,0,0,0.0,0,25,24,0.0,1.0,,,0.0,0.0,0.0,0.0,0.0,0.0,0.16666666666666666,0.16666666666666666,0.0,0.0,0.0,0.0,0.0,0.0,0.6666666666666666,0.0,0.16666666666666666,0.0,0.0,0.0,0.0,0.0,0.0,0.0,0.0,4.166666666666667,4.0
003260,Jack Pilling,Jack,Pilling,SSDM,Defensive Midfield,7,1,WHP,Whipsnakes,2026-05-16,2026-08-07,1,0,0,0,0,1,1,0,0,0,0,0,0,0.0,13,1,4,0,8,8,0,0,1,0.5,3,50,48,0.0,0.0,0.0,,0.14285714285714285,0.0,0.0,0.0,0.0,0.14285714285714285,0.14285714285714285,0.0,0.0,0.0,0.0,0.0,0.0,0.0,1.8571428571428572,0.14285714285714285,0.5714285714285714,0.0,1.1428571428571428,1.1428571428571428,0.0,0.0,0.14285714285714285,0.07142857142857142,0.42857142857142855,7.142857142857143,6.857142857142857
003261,Truitt Sunderland,Truitt,Sunderland,M,Midfield,6,1,WHP,Whipsnakes,2026-05-16,2026-08-01,9,4,4,0,4,5,13,10,0,0,0,0,0,0.0,0,3,0,0,0,0,0,0,0,0.0,12,78,62,0.3076923076923077,0.7692307692307693,,,1.5,0.6666666666666666,0.6666666666666666,0.0,0.6666666666666666,0.8333333333333334,2.1666666666666665,1.6666666666666667,0.0,0.0,0.0,0.0,0.0,0.0,0.0,0.5,0.0,0.0,0.0,0.0,0.0,0.0,0.0,0.0,2.0,13.0,10.333333333333334
003264,Sean Byrne,Sean,Byrne,G,Goalie,7,1,WAT,Waterdogs,2026-05-17,2026-08-16,0,0,0,0,0,0,0,0,0,85,41,44,57,75.77721527227068,11,3,2,0,0,0,52,5,0,0.0,1,111,108,,,,1.1217092063173801,0.0,0.0,0.0,0.0,0.0,0.0,0.0,0.0,0.0,12.142857142857142,5.857142857142857,6.285714285714286,8.142857142857142,10.82531646746724,1.5714285714285714,0.42857142857142855,0.2857142857142857,0.0,0.0,0.0,7.428571428571429,0.7142857142857143,0.0,0.0,0.14285714285714285,15.857142857142858,15.428571428571429
003266,Silas Richmond,Silas,Richmond,A,Attack,7,1,WAT,Waterdogs,2026-06-28,2026-08-16,8,7,5,1,6,1,27,16,2,0,0,0,0,0.0,11,4,3,0,0,0,0,0,1,1.0,5,133,102,0.2222222222222222,0.5925925925925926,,,1.1428571428571428,1.0,0.7142857142857143,0.14285714285714285,0.8571428571428571,0.14285714285714285,3.857142857142857,2.2857142857142856,0.2857142857142857,0.0,0.0,0.0,0.0,0.0,1.5714285714285714,0.5714285714285714,0.42857142857142855,0.0,0.0,0.0,0.0,0.0,0.14285714285714285,0.14285714285714285,0.7142857142857143,19.0,14.571428571428571
003267,Mikey Weisshaar,Mikey,Weisshaar,M,Midfield,12,1,CAN,Cannons,2026-05-15,2026-08-09,20,18,18,0,18,2,53,34,1,0,0,0,0,0.0,14,17,1,0,0,0,0,0,0,0.0,16,287,217,0.33962264150943394,0.6415094339622641,,,1.6666666666666667,1.5,1.5,0.0,1.5,0.16666666666666666,4.416666666666667,2.8333333333333335,0.08333333333333333,0.0,0.0,0.0,0.0,0.0,1.1666666666666667,1.4166666666666667,0.08333333333333333,0.0,0.0,0.0,0.0,0.0,0.0,0.0,1.3333333333333333,23.916666666666668,18.083333333333332
003268,Jack Taylor,Jack,Taylor,M,Midfield,1,1,CHA,Chaos,2026-08-08,2026-08-08,1,1,1,0,1,0,6,2,1,0,0,0,0,0.0,1,2,0,0,0,0,0,0,0,0.0,0,27,19,0.16666666666666666,0.3333333333333333,,,1.0,1.0,1.0,0.0,1.0,0.0,6.0,2.0,1.0,0.0,0.0,0.0,0.0,0.0,1.0,2.0,0.0,0.0,0.0,0.0,0.0,0.0,0.0,0.0,0.0,27.0,19.0
003269,Brendan Staub,Brendan,Staub,LSM,Long Stick Midfield,10,1,WAT,Waterdogs,2026-05-31,2026-08-16,1,1,1,0,1,0,11,7,7,0,0,0,0,0.0,14,1,6,0,0,0,0,0,2,2.0,2,77,65,0.09090909090909091,0.6363636363636364,,,0.1,0.1,0.1,0.0,0.1,0.0,1.1,0.7,0.7,0.0,0.0,0.0,0.0,0.0,1.4,0.1,0.6,0.0,0.0,0.0,0.0,0.0,0.2,0.2,0.2,7.7,6.5
003270,Evan Plunkett,Evan,Plunkett,M,Midfield,9,1,OUT,Outlaws,2026-05-16,2026-08-16,9,3,3,0,3,6,37,15,1,0,0,0,0,0.0,5,8,1,0,0,0,0,0,0,0.0,19,168,123,0.08108108108108109,0.40540540540540543,,,1.0,0.3333333333333333,0.3333333333333333,0.0,0.3333333333333333,0.6666666666666666,4.111111111111111,1.6666666666666667,0.1111111111111111,0.0,0.0,0.0,0.0,0.0,0.5555555555555556,0.8888888888888888,0.1111111111111111,0.0,0.0,0.0,0.0,0.0,0.0,0.0,2.111111111111111,18.666666666666668,13.666666666666666
003271,Hunter Smith,Hunter,Smith,D,Defense,9,1,CAN,Cannons,2026-05-29,2026-08-09,0,0,0,0,0,0,1,1,0,0,0,0,0,0.0,15,0,9,0,0,0,0,0,2,2.0,2,34,33,0.0,1.0,,,0.0,0.0,0.0,0.0,0.0,0.0,0.1111111111111111,0.1111111111111111,0.0,0.0,0.0,0.0,0.0,0.0,1.6666666666666667,0.0,1.0,0.0,0.0,0.0,0.0,0.0,0.2222222222222222,0.2222222222222222,0.2222222222222222,3.7777777777777777,3.6666666666666665
003273,Matt Collison,Matt,Collison,M,Midfield,8,1,WAT,Waterdogs,2026-06-28,2026-08-16,15,13,5,4,9,2,29,18,7,0,0,0,0,0.0,2,7,1,0,0,0,0,0,1,0.5,9,167,131,0.3103448275862069,0.6206896551724138,,,1.875,1.625,0.625,0.5,1.125,0.25,3.625,2.25,0.875,0.0,0.0,0.0,0.0,0.0,0.25,0.875,0.125,0.0,0.0,0.0,0.0,0.0,0.125,0.0625,1.125,20.875,16.375
003274,Patty Eldredge,Patty,Eldredge,SSDM,Defensive Midfield,1,1,WAT,Waterdogs,2026-05-31,2026-05-31,0,0,0,0,0,0,0,0,0,0,0,0,0,0.0,2,0,1,0,0,0,0,0,0,0.0,0,5,5,,,,,0.0,0.0,0.0,0.0,0.0,0.0,0.0,0.0,0.0,0.0,0.0,0.0,0.0,0.0,2.0,0.0,1.0,0.0,0.0,0.0,0.0,0.0,0.0,0.0,0.0,5.0,5.0
003275,Andrew McMeekin,Andrew,McMeekin,FO,Faceoff,9,1,CAN,Cannons,2026-06-07,2026-08-09,9,2,2,0,2,7,19,8,3,0,0,0,0,0.0,79,5,3,145,87,232,0,0,1,1.0,11,84,60,0.10526315789473684,0.42105263157894735,0.625,,1.0,0.2222222222222222,0.2222222222222222,0.0,0.2222222222222222,0.7777777777777778,2.111111111111111,0.8888888888888888,0.3333333333333333,0.0,0.0,0.0,0.0,0.0,8.777777777777779,0.5555555555555556,0.3333333333333333,16.11111111111111,9.666666666666666,25.77777777777778,0.0,0.0,0.1111111111111111,0.1111111111111111,1.2222222222222223,9.333333333333334,6.666666666666667
003276,Richard Checo,Richard,Checo,LSM,Long Stick Midfield,6,1,CHA,Chaos,2026-05-31,2026-08-08,0,0,0,0,0,0,0,0,0,0,0,0,0,0.0,2,4,8,0,0,0,0,0,0,0.0,0,16,12,,,,,0.0,0.0,0.0,0.0,0.0,0.0,0.0,0.0,0.0,0.0,0.0,0.0,0.0,0.0,0.3333333333333333,0.6666666666666666,1.3333333333333333,0.0,0.0,0.0,0.0,0.0,0.0,0.0,0.0,2.6666666666666665,2.0
003277,Joey Spallina,Joey,Spallina,A,Attack,10,1,WHP,Whipsnakes,2026-05-29,2026-08-16,36,18,14,2,16,18,59,29,3,0,0,0,0,0.0,16,12,0,0,0,0,0,0,3,2.0,48,392,321,0.2711864406779661,0.4915254237288136,,,3.6,1.8,1.4,0.2,1.6,1.8,5.9,2.9,0.3,0.0,0.0,0.0,0.0,0.0,1.6,1.2,0.0,0.0,0.0,0.0,0.0,0.0,0.3,0.2,4.8,39.2,32.1
003278,Aidan Maguire,Aidan,Maguire,SSDM,Defensive Midfield,10,1,ARC,Archers,2026-05-30,2026-08-08,7,6,4,1,5,1,12,10,3,0,0,0,0,0.0,12,4,2,0,0,0,0,0,3,2.0,4,79,63,0.4166666666666667,0.8333333333333334,,,0.7,0.6,0.4,0.1,0.5,0.1,1.2,1.0,0.3,0.0,0.0,0.0,0.0,0.0,1.2,0.4,0.2,0.0,0.0,0.0,0.0,0.0,0.3,0.2,0.4,7.9,6.3
003279,Luke Rhoa,Luke,Rhoa,M,Midfield,2,1,ATL,Atlas,2026-06-06,2026-07-19,0,0,0,0,0,0,8,3,1,0,0,0,0,0.0,1,1,1,0,0,0,0,0,0,0.0,1,28,19,0.0,0.375,,,0.0,0.0,0.0,0.0,0.0,0.0,4.0,1.5,0.5,0.0,0.0,0.0,0.0,0.0,0.5,0.5,0.5,0.0,0.0,0.0,0.0,0.0,0.0,0.0,0.5,14.0,9.5
003280,Chad Palumbo,Chad,Palumbo,M,Midfield,10,1,CHA,Chaos,2026-05-31,2026-08-08,27,21,19,1,20,6,64,39,4,0,0,0,0,0.0,8,22,4,0,0,0,0,0,1,1.0,17,201,115,0.3125,0.609375,,,2.7,2.1,1.9,0.1,2.0,0.6,6.4,3.9,0.4,0.0,0.0,0.0,0.0,0.0,0.8,2.2,0.4,0.0,0.0,0.0,0.0,0.0,0.1,0.1,1.7,20.1,11.5
003281,Kyle Lewis,Kyle,Lewis,M,Midfield,9,1,WAT,Waterdogs,2026-06-07,2026-08-16,9,7,7,0,7,2,23,12,0,0,0,0,0,0.0,5,5,2,0,0,0,0,0,1,0.5,10,109,81,0.30434782608695654,0.5217391304347826,,,1.0,0.7777777777777778,0.7777777777777778,0.0,0.7777777777777778,0.2222222222222222,2.5555555555555554,1.3333333333333333,0.0,0.0,0.0,0.0,0.0,0.0,0.5555555555555556,0.5555555555555556,0.2222222222222222,0.0,0.0,0.0,0.0,0.0,0.1111111111111111,0.05555555555555555,1.1111111111111112,12.11111111111111,9.0
003282,Billy Dwan,Billy,Dwan,D,Defense,8,1,WHP,Whipsnakes,2026-05-29,2026-08-16,2,1,1,0,1,1,4,3,1,0,0,0,0,0.0,10,2,3,0,0,0,0,0,2,1.5,1,30,24,0.25,0.75,,,0.25,0.125,0.125,0.0,0.125,0.125,0.5,0.375,0.125,0.0,0.0,0.0,0.0,0.0,1.25,0.25,0.375,0.0,0.0,0.0,0.0,0.0,0.25,0.1875,0.125,3.75,3.0
003283,Blake Eiland,Blake,Eiland,SSDM,Defensive Midfield,9,1,WHP,Whipsnakes,2026-05-29,2026-08-16,2,1,1,0,1,1,3,3,0,0,0,0,0,0.0,10,2,3,2,18,20,0,0,0,0.0,3,44,39,0.3333333333333333,1.0,0.1,,0.2222222222222222,0.1111111111111111,0.1111111111111111,0.0,0.1111111111111111,0.1111111111111111,0.3333333333333333,0.3333333333333333,0.0,0.0,0.0,0.0,0.0,0.0,1.1111111111111112,0.2222222222222222,0.3333333333333333,0.2222222222222222,2.0,2.2222222222222223,0.0,0.0,0.0,0.0,0.3333333333333333,4.888888888888889,4.333333333333333
003284,Eric Kolar,Eric,Kolar,SSDM,Defensive Midfield,7,1,WHP,Whipsnakes,2026-05-30,2026-08-01,1,1,1,0,1,0,2,1,0,0,0,0,0,0.0,8,1,2,0,4,4,0,0,0,0.0,1,44,41,0.5,0.5,0.0,,0.14285714285714285,0.14285714285714285,0.14285714285714285,0.0,0.14285714285714285,0.0,0.2857142857142857,0.14285714285714285,0.0,0.0,0.0,0.0,0.0,0.0,1.1428571428571428,0.14285714285714285,0.2857142857142857,0.0,0.5714285714285714,0.5714285714285714,0.0,0.0,0.0,0.0,0.14285714285714285,6.285714285714286,5.857142857142857
003285,Jack Regnery,Jack,Regnery,A,Attack,8,1,CAN,Cannons,2026-06-19,2026-08-09,18,11,11,0,11,7,47,23,2,0,0,0,0,0.0,4,9,1,0,0,0,0,0,0,0.0,19,175,119,0.23404255319148937,0.48936170212765956,,,2.25,1.375,1.375,0.0,1.375,0.875,5.875,2.875,0.25,0.0,0.0,0.0,0.0,0.0,0.5,1.125,0.125,0.0,0.0,0.0,0.0,0.0,0.0,0.0,2.375,21.875,14.875
003286,Will Donovan,Will,Donovan,D,Defense,9,1,CAN,Cannons,2026-06-07,2026-08-09,0,0,0,0,0,0,1,1,1,0,0,0,0,0.0,25,2,11,0,0,0,0,0,1,1.0,1,44,41,0.0,1.0,,,0.0,0.0,0.0,0.0,0.0,0.0,0.1111111111111111,0.1111111111111111,0.1111111111111111,0.0,0.0,0.0,0.0,0.0,2.7777777777777777,0.2222222222222222,1.2222222222222223,0.0,0.0,0.0,0.0,0.0,0.1111111111111111,0.1111111111111111,0.1111111111111111,4.888888888888889,4.555555555555555
003287,Dante Bowen,Dante,Bowen,SSDM,Defensive Midfield,1,1,RED,Redwoods,2026-08-16,2026-08-16,0,0,0,0,0,0,1,0,0,0,0,0,0,0.0,2,1,2,0,0,0,0,0,0,0.0,0,5,3,0.0,0.0,,,0.0,0.0,0.0,0.0,0.0,0.0,1.0,0.0,0.0,0.0,0.0,0.0,0.0,0.0,2.0,1.0,2.0,0.0,0.0,0.0,0.0,0.0,0.0,0.0,0.0,5.0,3.0
003288,Josh Yago,Josh,Yago,M,Midfield,10,1,WAT,Waterdogs,2026-05-31,2026-08-16,19,11,9,1,10,8,35,20,3,0,0,0,0,0.0,10,4,0,0,0,0,0,0,1,1.0,22,237,198,0.2857142857142857,0.5714285714285714,,,1.9,1.1,0.9,0.1,1.0,0.8,3.5,2.0,0.3,0.0,0.0,0.0,0.0,0.0,1.0,0.4,0.0,0.0,0.0,0.0,0.0,0.0,0.1,0.1,2.2,23.7,19.8
003289,Alex Ross,Alex,Ross,D,Defense,10,1,ATL,Atlas,2026-05-30,2026-08-15,6,4,0,2,2,2,11,3,10,0,0,0,0,0.0,20,6,4,0,0,0,0,0,2,1.0,5,106,89,0.18181818181818182,0.2727272727272727,,,0.6,0.4,0.0,0.2,0.2,0.2,1.1,0.3,1.0,0.0,0.0,0.0,0.0,0.0,2.0,0.6,0.4,0.0,0.0,0.0,0.0,0.0,0.2,0.1,0.5,10.6,8.9
003290,John Dunphey,John,Dunphey,M,Midfield,4,1,OUT,Outlaws,2026-07-25,2026-08-16,1,1,1,0,1,0,6,4,0,0,0,0,0,0.0,2,10,0,1,0,1,0,0,0,0.0,2,51,35,0.16666666666666666,0.6666666666666666,1.0,,0.25,0.25,0.25,0.0,0.25,0.0,1.5,1.0,0.0,0.0,0.0,0.0,0.0,0.0,0.5,2.5,0.0,0.25,0.0,0.25,0.0,0.0,0.0,0.0,0.5,12.75,8.75
003291,Ryan Croddick,Ryan,Croddick,G,Goalie,4,1,RED,Redwoods,2026-07-17,2026-08-16,0,0,0,0,0,0,0,0,0,19,9,10,19,44.19945806114851,3,4,1,0,0,0,17,2,0,0.0,0,24,20,,,,0.4298695240496867,0.0,0.0,0.0,0.0,0.0,0.0,0.0,0.0,0.0,4.75,2.25,2.5,4.75,11.049864515287128,0.75,1.0,0.25,0.0,0.0,0.0,4.25,0.5,0.0,0.0,0.0,6.0,5.0
003292,Henry Bard,Henry,Bard,D,Defense,5,1,CHA,Chaos,2026-06-28,2026-07-31,2,2,0,1,1,0,1,1,1,0,0,0,0,0.0,8,2,3,0,0,0,0,0,0,0.0,0,30,27,1.0,1.0,,,0.4,0.4,0.0,0.2,0.2,0.0,0.2,0.2,0.2,0.0,0.0,0.0,0.0,0.0,1.6,0.4,0.6,0.0,0.0,0.0,0.0,0.0,0.0,0.0,0.0,6.0,5.4
003293,Hunter Drouin,Hunter,Drouin,A,Attack,2,1,ATL,Atlas,2026-06-06,2026-07-25,1,0,0,0,0,1,4,1,0,0,0,0,0,0.0,1,5,0,0,0,0,0,0,1,0.5,3,34,25,0.0,0.25,,,0.5,0.0,0.0,0.0,0.0,0.5,2.0,0.5,0.0,0.0,0.0,0.0,0.0,0.0,0.5,2.5,0.0,0.0,0.0,0.0,0.0,0.0,0.5,0.25,1.5,17.0,12.5
003296,Cullen Brown,Cullen,Brown,D,Defense,10,1,RED,Redwoods,2026-06-06,2026-08-16,1,1,1,0,1,0,4,1,2,0,0,0,0,0.0,22,3,9,0,0,0,0,0,0,0.0,2,64,57,0.25,0.25,,,0.1,0.1,0.1,0.0,0.1,0.0,0.4,0.1,0.2,0.0,0.0,0.0,0.0,0.0,2.2,0.3,0.9,0.0,0.0,0.0,0.0,0.0,0.0,0.0,0.2,6.4,5.7
003297,Michael Leo,Michael,Leo,M,Midfield,5,1,RED,Redwoods,2026-06-06,2026-07-17,5,3,3,0,3,2,18,13,0,0,0,0,0,0.0,1,4,0,0,0,0,0,0,0,0.0,7,66,44,0.16666666666666666,0.7222222222222222,,,1.0,0.6,0.6,0.0,0.6,0.4,3.6,2.6,0.0,0.0,0.0,0.0,0.0,0.0,0.2,0.8,0.0,0.0,0.0,0.0,0.0,0.0,0.0,0.0,1.4,13.2,8.8
003298,Finn Thomson,Finn,Thomson,A,Attack,4,1,RED,Redwoods,2026-07-31,2026-08-16,9,7,7,0,7,2,11,10,0,0,0,0,0,0.0,5,3,2,0,0,0,0,0,1,2.0,2,55,41,0.6363636363636364,0.9090909090909091,,,2.25,1.75,1.75,0.0,1.75,0.5,2.75,2.5,0.0,0.0,0.0,0.0,0.0,0.0,1.25,0.75,0.5,0.0,0.0,0.0,0.0,0.0,0.25,0.5,0.5,13.75,10.25
003300,Ty English,Ty,English,M,Midfield,7,1,CHA,Chaos,2026-06-28,2026-08-08,3,3,1,1,2,0,10,6,2,0,0,0,0,0.0,15,2,10,1,28,29,0,0,4,3.5,3,100,88,0.2,0.6,0.034482758620689655,,0.42857142857142855,0.42857142857142855,0.14285714285714285,0.14285714285714285,0.2857142857142857,0.0,1.4285714285714286,0.8571428571428571,0.2857142857142857,0.0,0.0,0.0,0.0,0.0,2.142857142857143,0.2857142857142857,1.4285714285714286,0.14285714285714285,4.0,4.142857142857143,0.0,0.0,0.5714285714285714,0.5,0.42857142857142855,14.285714285714286,12.571428571428571
003301,Carson Billig,Carson,Billig,SSDM,Defensive Midfield,2,1,ATL,Atlas,2026-07-25,2026-08-02,0,0,0,0,0,0,0,0,0,0,0,0,0,0.0,0,0,0,0,0,0,0,0,0,0.0,0,3,3,,,,,0.0,0.0,0.0,0.0,0.0,0.0,0.0,0.0,0.0,0.0,0.0,0.0,0.0,0.0,0.0,0.0,0.0,0.0,0.0,0.0,0.0,0.0,0.0,0.0,0.0,1.5,1.5
003302,Vinny Butrico,Vinny,Butrico,A,Attack,2,1,ATL,Atlas,2026-08-02,2026-08-08,2,1,1,0,1,1,6,5,0,0,0,0,0,0.0,2,2,0,0,0,0,0,0,0,0.0,1,40,32,0.16666666666666666,0.8333333333333334,,,1.0,0.5,0.5,0.0,0.5,0.5,3.0,2.5,0.0,0.0,0.0,0.0,0.0,0.0,1.0,1.0,0.0,0.0,0.0,0.0,0.0,0.0,0.0,0.0,0.5,20.0,16.0
003303,Leif Hagerup,Leif,Hagerup,SSDM,Defensive Midfield,2,1,CHA,Chaos,2026-08-01,2026-08-08,0,0,0,0,0,0,0,0,0,0,0,0,0,0.0,1,1,1,0,0,0,0,0,0,0.0,0,5,4,,,,,0.0,0.0,0.0,0.0,0.0,0.0,0.0,0.0,0.0,0.0,0.0,0.0,0.0,0.0,0.5,0.5,0.5,0.0,0.0,0.0,0.0,0.0,0.0,0.0,0.0,2.5,2.0
